
> mruak-fe@0.1.0 start
> react-scripts start

(node:33028) [DEP0176] DeprecationWarning: fs.F_OK is deprecated, use fs.constants.F_OK instead
(Use `node --trace-deprecation ...` to show where the warning was created)
Browserslist: browsers data (caniuse-lite) is 19 months old. Please run:
  npx update-browserslist-db@latest
  Why you should do it regularly: https://github.com/browserslist/update-db#readme
(node:33028) [DEP_WEBPACK_DEV_SERVER_ON_AFTER_SETUP_MIDDLEWARE] DeprecationWarning: 'onAfterSetupMiddleware' option is deprecated. Please use the 'setupMiddlewares' option.
(node:33028) [DEP_WEBPACK_DEV_SERVER_ON_BEFORE_SETUP_MIDDLEWARE] DeprecationWarning: 'onBeforeSetupMiddleware' option is deprecated. Please use the 'setupMiddlewares' option.
Starting the development server...

[0;33mOne of your dependencies, babel-preset-react-app, is importing the
"@babel/plugin-proposal-private-property-in-object" package without
declaring it in its dependencies. This is currently working because
"@babel/plugin-proposal-private-property-in-object" is already in your
node_modules folder for unrelated reasons, but it [1mmay break at any time[0;33m.

babel-preset-react-app is part of the create-react-app project, [1mwhich
is not maintianed anymore[0;33m. It is thus unlikely that this bug will
ever be fixed. Add "@babel/plugin-proposal-private-property-in-object" to
your devDependencies to work around this error. This will make this message
go away.[0m
  
Compiled with warnings.

[eslint] 
src\components\Inventory\InventoryView.js
  Line 5:8:    'Select' is defined but never used                                                                                 no-unused-vars
  Line 18:31:  'setSelectedLocations' is assigned a value but never used                                                          no-unused-vars
  Line 20:28:  'setSupplierFilter' is assigned a value but never used                                                             no-unused-vars
  Line 21:26:  'setExpiryFilter' is assigned a value but never used                                                               no-unused-vars
  Line 38:8:   React Hook useEffect has a missing dependency: 'fetchLocations'. Either include it or remove the dependency array  react-hooks/exhaustive-deps

src\components\estimates\ProjectEstimationPage.js
  Line 225:12:  'showPrintModal' is assigned a value but never used                                                                                                                                                                                                                                                                                                                              no-unused-vars
  Line 225:28:  'setShowPrintModal' is assigned a value but never used                                                                                                                                                                                                                                                                                                                           no-unused-vars
  Line 256:12:  'approvalPolicy' is assigned a value but never used                                                                                                                                                                                                                                                                                                                              no-unused-vars
  Line 585:8:   React Hook useEffect has missing dependencies: 'availMap', 'globalSettings.GLOBAL_TAX_PERCENT', 'globalSettings.GLOBAL_VAT_PERCENT', 'productById', and 'propProjectId'. Either include them or remove the dependency array. You can also replace multiple useState variables with useReducer if 'setVatPercent' needs the current value of 'globalSettings.GLOBAL_VAT_PERCENT'  react-hooks/exhaustive-deps

src\components\workflow\WorkflowBuilder.js
  Line 118:12:  'adminConfig' is assigned a value but never used                                                                                                                                                                                                                                     no-unused-vars
  Line 300:8:   React Hook useEffect has missing dependencies: 'flow.fileRequirements', 'flow.initialStage', 'flow.notifications', 'flow.requiredApprovals', 'flow.stages', 'flow.transitions', 'flow.visualLayout', 'setEdges', and 'setNodes'. Either include them or remove the dependency array  react-hooks/exhaustive-deps
  Line 303:9:   React Hook useEffect has a complex expression in the dependency array. Extract it to a separate variable so it can be statically checked                                                                                                                                             react-hooks/exhaustive-deps
  Line 304:9:   React Hook useEffect has a complex expression in the dependency array. Extract it to a separate variable so it can be statically checked                                                                                                                                             react-hooks/exhaustive-deps
  Line 305:9:   React Hook useEffect has a complex expression in the dependency array. Extract it to a separate variable so it can be statically checked                                                                                                                                             react-hooks/exhaustive-deps
  Line 306:9:   React Hook useEffect has a complex expression in the dependency array. Extract it to a separate variable so it can be statically checked                                                                                                                                             react-hooks/exhaustive-deps
  Line 307:9:   React Hook useEffect has a complex expression in the dependency array. Extract it to a separate variable so it can be statically checked                                                                                                                                             react-hooks/exhaustive-deps
  Line 308:9:   React Hook useEffect has a complex expression in the dependency array. Extract it to a separate variable so it can be statically checked                                                                                                                                             react-hooks/exhaustive-deps

Search for the keywords to learn more about each warning.
To ignore, add // eslint-disable-next-line to the line before.

WARNING in [eslint] 
src\components\Inventory\InventoryView.js
  Line 5:8:    'Select' is defined but never used                                                                                 no-unused-vars
  Line 18:31:  'setSelectedLocations' is assigned a value but never used                                                          no-unused-vars
  Line 20:28:  'setSupplierFilter' is assigned a value but never used                                                             no-unused-vars
  Line 21:26:  'setExpiryFilter' is assigned a value but never used                                                               no-unused-vars
  Line 38:8:   React Hook useEffect has a missing dependency: 'fetchLocations'. Either include it or remove the dependency array  react-hooks/exhaustive-deps

src\components\estimates\ProjectEstimationPage.js
  Line 225:12:  'showPrintModal' is assigned a value but never used                                                                                                                                                                                                                                                                                                                              no-unused-vars
  Line 225:28:  'setShowPrintModal' is assigned a value but never used                                                                                                                                                                                                                                                                                                                           no-unused-vars
  Line 256:12:  'approvalPolicy' is assigned a value but never used                                                                                                                                                                                                                                                                                                                              no-unused-vars
  Line 585:8:   React Hook useEffect has missing dependencies: 'availMap', 'globalSettings.GLOBAL_TAX_PERCENT', 'globalSettings.GLOBAL_VAT_PERCENT', 'productById', and 'propProjectId'. Either include them or remove the dependency array. You can also replace multiple useState variables with useReducer if 'setVatPercent' needs the current value of 'globalSettings.GLOBAL_VAT_PERCENT'  react-hooks/exhaustive-deps

src\components\workflow\WorkflowBuilder.js
  Line 118:12:  'adminConfig' is assigned a value but never used                                                                                                                                                                                                                                     no-unused-vars
  Line 300:8:   React Hook useEffect has missing dependencies: 'flow.fileRequirements', 'flow.initialStage', 'flow.notifications', 'flow.requiredApprovals', 'flow.stages', 'flow.transitions', 'flow.visualLayout', 'setEdges', and 'setNodes'. Either include them or remove the dependency array  react-hooks/exhaustive-deps
  Line 303:9:   React Hook useEffect has a complex expression in the dependency array. Extract it to a separate variable so it can be statically checked                                                                                                                                             react-hooks/exhaustive-deps
  Line 304:9:   React Hook useEffect has a complex expression in the dependency array. Extract it to a separate variable so it can be statically checked                                                                                                                                             react-hooks/exhaustive-deps
  Line 305:9:   React Hook useEffect has a complex expression in the dependency array. Extract it to a separate variable so it can be statically checked                                                                                                                                             react-hooks/exhaustive-deps
  Line 306:9:   React Hook useEffect has a complex expression in the dependency array. Extract it to a separate variable so it can be statically checked                                                                                                                                             react-hooks/exhaustive-deps
  Line 307:9:   React Hook useEffect has a complex expression in the dependency array. Extract it to a separate variable so it can be statically checked                                                                                                                                             react-hooks/exhaustive-deps
  Line 308:9:   React Hook useEffect has a complex expression in the dependency array. Extract it to a separate variable so it can be statically checked                                                                                                                                             react-hooks/exhaustive-deps

webpack compiled with 1 warning
Compiled with warnings.

[eslint] 
src\components\Inventory\InventoryView.js
  Line 5:8:    'Select' is defined but never used                                                                                 no-unused-vars
  Line 18:31:  'setSelectedLocations' is assigned a value but never used                                                          no-unused-vars
  Line 20:28:  'setSupplierFilter' is assigned a value but never used                                                             no-unused-vars
  Line 21:26:  'setExpiryFilter' is assigned a value but never used                                                               no-unused-vars
  Line 38:8:   React Hook useEffect has a missing dependency: 'fetchLocations'. Either include it or remove the dependency array  react-hooks/exhaustive-deps

src\components\estimates\ProjectEstimationPage.js
  Line 225:12:  'showPrintModal' is assigned a value but never used                                                                                                                                                                                                                                                                                                                              no-unused-vars
  Line 225:28:  'setShowPrintModal' is assigned a value but never used                                                                                                                                                                                                                                                                                                                           no-unused-vars
  Line 256:12:  'approvalPolicy' is assigned a value but never used                                                                                                                                                                                                                                                                                                                              no-unused-vars
  Line 585:8:   React Hook useEffect has missing dependencies: 'availMap', 'globalSettings.GLOBAL_TAX_PERCENT', 'globalSettings.GLOBAL_VAT_PERCENT', 'productById', and 'propProjectId'. Either include them or remove the dependency array. You can also replace multiple useState variables with useReducer if 'setVatPercent' needs the current value of 'globalSettings.GLOBAL_VAT_PERCENT'  react-hooks/exhaustive-deps

src\components\workflow\WorkflowBuilder.js
  Line 118:12:  'adminConfig' is assigned a value but never used                                                                                                                                                                                                                                     no-unused-vars
  Line 300:8:   React Hook useEffect has missing dependencies: 'flow.fileRequirements', 'flow.initialStage', 'flow.notifications', 'flow.requiredApprovals', 'flow.stages', 'flow.transitions', 'flow.visualLayout', 'setEdges', and 'setNodes'. Either include them or remove the dependency array  react-hooks/exhaustive-deps
  Line 303:9:   React Hook useEffect has a complex expression in the dependency array. Extract it to a separate variable so it can be statically checked                                                                                                                                             react-hooks/exhaustive-deps
  Line 304:9:   React Hook useEffect has a complex expression in the dependency array. Extract it to a separate variable so it can be statically checked                                                                                                                                             react-hooks/exhaustive-deps
  Line 305:9:   React Hook useEffect has a complex expression in the dependency array. Extract it to a separate variable so it can be statically checked                                                                                                                                             react-hooks/exhaustive-deps
  Line 306:9:   React Hook useEffect has a complex expression in the dependency array. Extract it to a separate variable so it can be statically checked                                                                                                                                             react-hooks/exhaustive-deps
  Line 307:9:   React Hook useEffect has a complex expression in the dependency array. Extract it to a separate variable so it can be statically checked                                                                                                                                             react-hooks/exhaustive-deps
  Line 308:9:   React Hook useEffect has a complex expression in the dependency array. Extract it to a separate variable so it can be statically checked                                                                                                                                             react-hooks/exhaustive-deps

Search for the keywords to learn more about each warning.
To ignore, add // eslint-disable-next-line to the line before.

WARNING in [eslint] 
src\components\Inventory\InventoryView.js
  Line 5:8:    'Select' is defined but never used                                                                                 no-unused-vars
  Line 18:31:  'setSelectedLocations' is assigned a value but never used                                                          no-unused-vars
  Line 20:28:  'setSupplierFilter' is assigned a value but never used                                                             no-unused-vars
  Line 21:26:  'setExpiryFilter' is assigned a value but never used                                                               no-unused-vars
  Line 38:8:   React Hook useEffect has a missing dependency: 'fetchLocations'. Either include it or remove the dependency array  react-hooks/exhaustive-deps

src\components\estimates\ProjectEstimationPage.js
  Line 225:12:  'showPrintModal' is assigned a value but never used                                                                                                                                                                                                                                                                                                                              no-unused-vars
  Line 225:28:  'setShowPrintModal' is assigned a value but never used                                                                                                                                                                                                                                                                                                                           no-unused-vars
  Line 256:12:  'approvalPolicy' is assigned a value but never used                                                                                                                                                                                                                                                                                                                              no-unused-vars
  Line 585:8:   React Hook useEffect has missing dependencies: 'availMap', 'globalSettings.GLOBAL_TAX_PERCENT', 'globalSettings.GLOBAL_VAT_PERCENT', 'productById', and 'propProjectId'. Either include them or remove the dependency array. You can also replace multiple useState variables with useReducer if 'setVatPercent' needs the current value of 'globalSettings.GLOBAL_VAT_PERCENT'  react-hooks/exhaustive-deps

src\components\workflow\WorkflowBuilder.js
  Line 118:12:  'adminConfig' is assigned a value but never used                                                                                                                                                                                                                                     no-unused-vars
  Line 300:8:   React Hook useEffect has missing dependencies: 'flow.fileRequirements', 'flow.initialStage', 'flow.notifications', 'flow.requiredApprovals', 'flow.stages', 'flow.transitions', 'flow.visualLayout', 'setEdges', and 'setNodes'. Either include them or remove the dependency array  react-hooks/exhaustive-deps
  Line 303:9:   React Hook useEffect has a complex expression in the dependency array. Extract it to a separate variable so it can be statically checked                                                                                                                                             react-hooks/exhaustive-deps
  Line 304:9:   React Hook useEffect has a complex expression in the dependency array. Extract it to a separate variable so it can be statically checked                                                                                                                                             react-hooks/exhaustive-deps
  Line 305:9:   React Hook useEffect has a complex expression in the dependency array. Extract it to a separate variable so it can be statically checked                                                                                                                                             react-hooks/exhaustive-deps
  Line 306:9:   React Hook useEffect has a complex expression in the dependency array. Extract it to a separate variable so it can be statically checked                                                                                                                                             react-hooks/exhaustive-deps
  Line 307:9:   React Hook useEffect has a complex expression in the dependency array. Extract it to a separate variable so it can be statically checked                                                                                                                                             react-hooks/exhaustive-deps
  Line 308:9:   React Hook useEffect has a complex expression in the dependency array. Extract it to a separate variable so it can be statically checked                                                                                                                                             react-hooks/exhaustive-deps

webpack compiled with 1 warning
Compiled with warnings.

[eslint] 
src\components\Inventory\InventoryView.js
  Line 5:8:    'Select' is defined but never used                                                                                 no-unused-vars
  Line 18:31:  'setSelectedLocations' is assigned a value but never used                                                          no-unused-vars
  Line 20:28:  'setSupplierFilter' is assigned a value but never used                                                             no-unused-vars
  Line 21:26:  'setExpiryFilter' is assigned a value but never used                                                               no-unused-vars
  Line 38:8:   React Hook useEffect has a missing dependency: 'fetchLocations'. Either include it or remove the dependency array  react-hooks/exhaustive-deps

src\components\estimates\ProjectEstimationPage.js
  Line 225:12:  'showPrintModal' is assigned a value but never used                                                                                                                                                                                                                                                                                                                              no-unused-vars
  Line 225:28:  'setShowPrintModal' is assigned a value but never used                                                                                                                                                                                                                                                                                                                           no-unused-vars
  Line 256:12:  'approvalPolicy' is assigned a value but never used                                                                                                                                                                                                                                                                                                                              no-unused-vars
  Line 585:8:   React Hook useEffect has missing dependencies: 'availMap', 'globalSettings.GLOBAL_TAX_PERCENT', 'globalSettings.GLOBAL_VAT_PERCENT', 'productById', and 'propProjectId'. Either include them or remove the dependency array. You can also replace multiple useState variables with useReducer if 'setVatPercent' needs the current value of 'globalSettings.GLOBAL_VAT_PERCENT'  react-hooks/exhaustive-deps

src\components\workflow\WorkflowBuilder.js
  Line 118:12:  'adminConfig' is assigned a value but never used                                                                                                                                                                                                                                     no-unused-vars
  Line 300:8:   React Hook useEffect has missing dependencies: 'flow.fileRequirements', 'flow.initialStage', 'flow.notifications', 'flow.requiredApprovals', 'flow.stages', 'flow.transitions', 'flow.visualLayout', 'setEdges', and 'setNodes'. Either include them or remove the dependency array  react-hooks/exhaustive-deps
  Line 303:9:   React Hook useEffect has a complex expression in the dependency array. Extract it to a separate variable so it can be statically checked                                                                                                                                             react-hooks/exhaustive-deps
  Line 304:9:   React Hook useEffect has a complex expression in the dependency array. Extract it to a separate variable so it can be statically checked                                                                                                                                             react-hooks/exhaustive-deps
  Line 305:9:   React Hook useEffect has a complex expression in the dependency array. Extract it to a separate variable so it can be statically checked                                                                                                                                             react-hooks/exhaustive-deps
  Line 306:9:   React Hook useEffect has a complex expression in the dependency array. Extract it to a separate variable so it can be statically checked                                                                                                                                             react-hooks/exhaustive-deps
  Line 307:9:   React Hook useEffect has a complex expression in the dependency array. Extract it to a separate variable so it can be statically checked                                                                                                                                             react-hooks/exhaustive-deps
  Line 308:9:   React Hook useEffect has a complex expression in the dependency array. Extract it to a separate variable so it can be statically checked                                                                                                                                             react-hooks/exhaustive-deps

Search for the keywords to learn more about each warning.
To ignore, add // eslint-disable-next-line to the line before.

WARNING in [eslint] 
src\components\Inventory\InventoryView.js
  Line 5:8:    'Select' is defined but never used                                                                                 no-unused-vars
  Line 18:31:  'setSelectedLocations' is assigned a value but never used                                                          no-unused-vars
  Line 20:28:  'setSupplierFilter' is assigned a value but never used                                                             no-unused-vars
  Line 21:26:  'setExpiryFilter' is assigned a value but never used                                                               no-unused-vars
  Line 38:8:   React Hook useEffect has a missing dependency: 'fetchLocations'. Either include it or remove the dependency array  react-hooks/exhaustive-deps

src\components\estimates\ProjectEstimationPage.js
  Line 225:12:  'showPrintModal' is assigned a value but never used                                                                                                                                                                                                                                                                                                                              no-unused-vars
  Line 225:28:  'setShowPrintModal' is assigned a value but never used                                                                                                                                                                                                                                                                                                                           no-unused-vars
  Line 256:12:  'approvalPolicy' is assigned a value but never used                                                                                                                                                                                                                                                                                                                              no-unused-vars
  Line 585:8:   React Hook useEffect has missing dependencies: 'availMap', 'globalSettings.GLOBAL_TAX_PERCENT', 'globalSettings.GLOBAL_VAT_PERCENT', 'productById', and 'propProjectId'. Either include them or remove the dependency array. You can also replace multiple useState variables with useReducer if 'setVatPercent' needs the current value of 'globalSettings.GLOBAL_VAT_PERCENT'  react-hooks/exhaustive-deps

src\components\workflow\WorkflowBuilder.js
  Line 118:12:  'adminConfig' is assigned a value but never used                                                                                                                                                                                                                                     no-unused-vars
  Line 300:8:   React Hook useEffect has missing dependencies: 'flow.fileRequirements', 'flow.initialStage', 'flow.notifications', 'flow.requiredApprovals', 'flow.stages', 'flow.transitions', 'flow.visualLayout', 'setEdges', and 'setNodes'. Either include them or remove the dependency array  react-hooks/exhaustive-deps
  Line 303:9:   React Hook useEffect has a complex expression in the dependency array. Extract it to a separate variable so it can be statically checked                                                                                                                                             react-hooks/exhaustive-deps
  Line 304:9:   React Hook useEffect has a complex expression in the dependency array. Extract it to a separate variable so it can be statically checked                                                                                                                                             react-hooks/exhaustive-deps
  Line 305:9:   React Hook useEffect has a complex expression in the dependency array. Extract it to a separate variable so it can be statically checked                                                                                                                                             react-hooks/exhaustive-deps
  Line 306:9:   React Hook useEffect has a complex expression in the dependency array. Extract it to a separate variable so it can be statically checked                                                                                                                                             react-hooks/exhaustive-deps
  Line 307:9:   React Hook useEffect has a complex expression in the dependency array. Extract it to a separate variable so it can be statically checked                                                                                                                                             react-hooks/exhaustive-deps
  Line 308:9:   React Hook useEffect has a complex expression in the dependency array. Extract it to a separate variable so it can be statically checked                                                                                                                                             react-hooks/exhaustive-deps

webpack compiled with 1 warning
Compiling...
Compiled with warnings.

[eslint] 
src\components\Inventory\InventoryView.js
  Line 5:8:    'Select' is defined but never used                                                                                 no-unused-vars
  Line 18:31:  'setSelectedLocations' is assigned a value but never used                                                          no-unused-vars
  Line 20:28:  'setSupplierFilter' is assigned a value but never used                                                             no-unused-vars
  Line 21:26:  'setExpiryFilter' is assigned a value but never used                                                               no-unused-vars
  Line 38:8:   React Hook useEffect has a missing dependency: 'fetchLocations'. Either include it or remove the dependency array  react-hooks/exhaustive-deps

src\components\estimates\ProjectEstimationPage.js
  Line 225:12:  'showPrintModal' is assigned a value but never used                                                                                                                                                                                                                                                                                                                              no-unused-vars
  Line 225:28:  'setShowPrintModal' is assigned a value but never used                                                                                                                                                                                                                                                                                                                           no-unused-vars
  Line 256:12:  'approvalPolicy' is assigned a value but never used                                                                                                                                                                                                                                                                                                                              no-unused-vars
  Line 585:8:   React Hook useEffect has missing dependencies: 'availMap', 'globalSettings.GLOBAL_TAX_PERCENT', 'globalSettings.GLOBAL_VAT_PERCENT', 'productById', and 'propProjectId'. Either include them or remove the dependency array. You can also replace multiple useState variables with useReducer if 'setVatPercent' needs the current value of 'globalSettings.GLOBAL_VAT_PERCENT'  react-hooks/exhaustive-deps

src\components\workflow\WorkflowBuilder.js
  Line 118:12:  'adminConfig' is assigned a value but never used                                                                                                                                                                                                                                     no-unused-vars
  Line 300:8:   React Hook useEffect has missing dependencies: 'flow.fileRequirements', 'flow.initialStage', 'flow.notifications', 'flow.requiredApprovals', 'flow.stages', 'flow.transitions', 'flow.visualLayout', 'setEdges', and 'setNodes'. Either include them or remove the dependency array  react-hooks/exhaustive-deps
  Line 303:9:   React Hook useEffect has a complex expression in the dependency array. Extract it to a separate variable so it can be statically checked                                                                                                                                             react-hooks/exhaustive-deps
  Line 304:9:   React Hook useEffect has a complex expression in the dependency array. Extract it to a separate variable so it can be statically checked                                                                                                                                             react-hooks/exhaustive-deps
  Line 305:9:   React Hook useEffect has a complex expression in the dependency array. Extract it to a separate variable so it can be statically checked                                                                                                                                             react-hooks/exhaustive-deps
  Line 306:9:   React Hook useEffect has a complex expression in the dependency array. Extract it to a separate variable so it can be statically checked                                                                                                                                             react-hooks/exhaustive-deps
  Line 307:9:   React Hook useEffect has a complex expression in the dependency array. Extract it to a separate variable so it can be statically checked                                                                                                                                             react-hooks/exhaustive-deps
  Line 308:9:   React Hook useEffect has a complex expression in the dependency array. Extract it to a separate variable so it can be statically checked                                                                                                                                             react-hooks/exhaustive-deps

Search for the keywords to learn more about each warning.
To ignore, add // eslint-disable-next-line to the line before.

WARNING in [eslint] 
src\components\Inventory\InventoryView.js
  Line 5:8:    'Select' is defined but never used                                                                                 no-unused-vars
  Line 18:31:  'setSelectedLocations' is assigned a value but never used                                                          no-unused-vars
  Line 20:28:  'setSupplierFilter' is assigned a value but never used                                                             no-unused-vars
  Line 21:26:  'setExpiryFilter' is assigned a value but never used                                                               no-unused-vars
  Line 38:8:   React Hook useEffect has a missing dependency: 'fetchLocations'. Either include it or remove the dependency array  react-hooks/exhaustive-deps

src\components\estimates\ProjectEstimationPage.js
  Line 225:12:  'showPrintModal' is assigned a value but never used                                                                                                                                                                                                                                                                                                                              no-unused-vars
  Line 225:28:  'setShowPrintModal' is assigned a value but never used                                                                                                                                                                                                                                                                                                                           no-unused-vars
  Line 256:12:  'approvalPolicy' is assigned a value but never used                                                                                                                                                                                                                                                                                                                              no-unused-vars
  Line 585:8:   React Hook useEffect has missing dependencies: 'availMap', 'globalSettings.GLOBAL_TAX_PERCENT', 'globalSettings.GLOBAL_VAT_PERCENT', 'productById', and 'propProjectId'. Either include them or remove the dependency array. You can also replace multiple useState variables with useReducer if 'setVatPercent' needs the current value of 'globalSettings.GLOBAL_VAT_PERCENT'  react-hooks/exhaustive-deps

src\components\workflow\WorkflowBuilder.js
  Line 118:12:  'adminConfig' is assigned a value but never used                                                                                                                                                                                                                                     no-unused-vars
  Line 300:8:   React Hook useEffect has missing dependencies: 'flow.fileRequirements', 'flow.initialStage', 'flow.notifications', 'flow.requiredApprovals', 'flow.stages', 'flow.transitions', 'flow.visualLayout', 'setEdges', and 'setNodes'. Either include them or remove the dependency array  react-hooks/exhaustive-deps
  Line 303:9:   React Hook useEffect has a complex expression in the dependency array. Extract it to a separate variable so it can be statically checked                                                                                                                                             react-hooks/exhaustive-deps
  Line 304:9:   React Hook useEffect has a complex expression in the dependency array. Extract it to a separate variable so it can be statically checked                                                                                                                                             react-hooks/exhaustive-deps
  Line 305:9:   React Hook useEffect has a complex expression in the dependency array. Extract it to a separate variable so it can be statically checked                                                                                                                                             react-hooks/exhaustive-deps
  Line 306:9:   React Hook useEffect has a complex expression in the dependency array. Extract it to a separate variable so it can be statically checked                                                                                                                                             react-hooks/exhaustive-deps
  Line 307:9:   React Hook useEffect has a complex expression in the dependency array. Extract it to a separate variable so it can be statically checked                                                                                                                                             react-hooks/exhaustive-deps
  Line 308:9:   React Hook useEffect has a complex expression in the dependency array. Extract it to a separate variable so it can be statically checked                                                                                                                                             react-hooks/exhaustive-deps

webpack compiled with 1 warning
Compiling...
Compiled with warnings.

[eslint] 
src\components\Inventory\InventoryView.js
  Line 5:8:    'Select' is defined but never used                                                                                 no-unused-vars
  Line 18:31:  'setSelectedLocations' is assigned a value but never used                                                          no-unused-vars
  Line 20:28:  'setSupplierFilter' is assigned a value but never used                                                             no-unused-vars
  Line 21:26:  'setExpiryFilter' is assigned a value but never used                                                               no-unused-vars
  Line 38:8:   React Hook useEffect has a missing dependency: 'fetchLocations'. Either include it or remove the dependency array  react-hooks/exhaustive-deps

src\components\estimates\ProjectEstimationPage.js
  Line 225:12:  'showPrintModal' is assigned a value but never used                                                                                                                                                                                                                                                                                                                              no-unused-vars
  Line 225:28:  'setShowPrintModal' is assigned a value but never used                                                                                                                                                                                                                                                                                                                           no-unused-vars
  Line 256:12:  'approvalPolicy' is assigned a value but never used                                                                                                                                                                                                                                                                                                                              no-unused-vars
  Line 585:8:   React Hook useEffect has missing dependencies: 'availMap', 'globalSettings.GLOBAL_TAX_PERCENT', 'globalSettings.GLOBAL_VAT_PERCENT', 'productById', and 'propProjectId'. Either include them or remove the dependency array. You can also replace multiple useState variables with useReducer if 'setVatPercent' needs the current value of 'globalSettings.GLOBAL_VAT_PERCENT'  react-hooks/exhaustive-deps

src\components\workflow\WorkflowBuilder.js
  Line 118:12:  'adminConfig' is assigned a value but never used                                                                                                                                                                                                                                     no-unused-vars
  Line 300:8:   React Hook useEffect has missing dependencies: 'flow.fileRequirements', 'flow.initialStage', 'flow.notifications', 'flow.requiredApprovals', 'flow.stages', 'flow.transitions', 'flow.visualLayout', 'setEdges', and 'setNodes'. Either include them or remove the dependency array  react-hooks/exhaustive-deps
  Line 303:9:   React Hook useEffect has a complex expression in the dependency array. Extract it to a separate variable so it can be statically checked                                                                                                                                             react-hooks/exhaustive-deps
  Line 304:9:   React Hook useEffect has a complex expression in the dependency array. Extract it to a separate variable so it can be statically checked                                                                                                                                             react-hooks/exhaustive-deps
  Line 305:9:   React Hook useEffect has a complex expression in the dependency array. Extract it to a separate variable so it can be statically checked                                                                                                                                             react-hooks/exhaustive-deps
  Line 306:9:   React Hook useEffect has a complex expression in the dependency array. Extract it to a separate variable so it can be statically checked                                                                                                                                             react-hooks/exhaustive-deps
  Line 307:9:   React Hook useEffect has a complex expression in the dependency array. Extract it to a separate variable so it can be statically checked                                                                                                                                             react-hooks/exhaustive-deps
  Line 308:9:   React Hook useEffect has a complex expression in the dependency array. Extract it to a separate variable so it can be statically checked                                                                                                                                             react-hooks/exhaustive-deps

Search for the keywords to learn more about each warning.
To ignore, add // eslint-disable-next-line to the line before.

WARNING in [eslint] 
src\components\Inventory\InventoryView.js
  Line 5:8:    'Select' is defined but never used                                                                                 no-unused-vars
  Line 18:31:  'setSelectedLocations' is assigned a value but never used                                                          no-unused-vars
  Line 20:28:  'setSupplierFilter' is assigned a value but never used                                                             no-unused-vars
  Line 21:26:  'setExpiryFilter' is assigned a value but never used                                                               no-unused-vars
  Line 38:8:   React Hook useEffect has a missing dependency: 'fetchLocations'. Either include it or remove the dependency array  react-hooks/exhaustive-deps

src\components\estimates\ProjectEstimationPage.js
  Line 225:12:  'showPrintModal' is assigned a value but never used                                                                                                                                                                                                                                                                                                                              no-unused-vars
  Line 225:28:  'setShowPrintModal' is assigned a value but never used                                                                                                                                                                                                                                                                                                                           no-unused-vars
  Line 256:12:  'approvalPolicy' is assigned a value but never used                                                                                                                                                                                                                                                                                                                              no-unused-vars
  Line 585:8:   React Hook useEffect has missing dependencies: 'availMap', 'globalSettings.GLOBAL_TAX_PERCENT', 'globalSettings.GLOBAL_VAT_PERCENT', 'productById', and 'propProjectId'. Either include them or remove the dependency array. You can also replace multiple useState variables with useReducer if 'setVatPercent' needs the current value of 'globalSettings.GLOBAL_VAT_PERCENT'  react-hooks/exhaustive-deps

src\components\workflow\WorkflowBuilder.js
  Line 118:12:  'adminConfig' is assigned a value but never used                                                                                                                                                                                                                                     no-unused-vars
  Line 300:8:   React Hook useEffect has missing dependencies: 'flow.fileRequirements', 'flow.initialStage', 'flow.notifications', 'flow.requiredApprovals', 'flow.stages', 'flow.transitions', 'flow.visualLayout', 'setEdges', and 'setNodes'. Either include them or remove the dependency array  react-hooks/exhaustive-deps
  Line 303:9:   React Hook useEffect has a complex expression in the dependency array. Extract it to a separate variable so it can be statically checked                                                                                                                                             react-hooks/exhaustive-deps
  Line 304:9:   React Hook useEffect has a complex expression in the dependency array. Extract it to a separate variable so it can be statically checked                                                                                                                                             react-hooks/exhaustive-deps
  Line 305:9:   React Hook useEffect has a complex expression in the dependency array. Extract it to a separate variable so it can be statically checked                                                                                                                                             react-hooks/exhaustive-deps
  Line 306:9:   React Hook useEffect has a complex expression in the dependency array. Extract it to a separate variable so it can be statically checked                                                                                                                                             react-hooks/exhaustive-deps
  Line 307:9:   React Hook useEffect has a complex expression in the dependency array. Extract it to a separate variable so it can be statically checked                                                                                                                                             react-hooks/exhaustive-deps
  Line 308:9:   React Hook useEffect has a complex expression in the dependency array. Extract it to a separate variable so it can be statically checked                                                                                                                                             react-hooks/exhaustive-deps

webpack compiled with 1 warning
Compiling...
Compiled with warnings.

[eslint] 
src\components\Inventory\InventoryView.js
  Line 5:8:    'Select' is defined but never used                                                                                 no-unused-vars
  Line 18:31:  'setSelectedLocations' is assigned a value but never used                                                          no-unused-vars
  Line 20:28:  'setSupplierFilter' is assigned a value but never used                                                             no-unused-vars
  Line 21:26:  'setExpiryFilter' is assigned a value but never used                                                               no-unused-vars
  Line 38:8:   React Hook useEffect has a missing dependency: 'fetchLocations'. Either include it or remove the dependency array  react-hooks/exhaustive-deps

src\components\estimates\ProjectEstimationPage.js
  Line 225:12:  'showPrintModal' is assigned a value but never used                                                                                                                                                                                                                                                                                                                              no-unused-vars
  Line 225:28:  'setShowPrintModal' is assigned a value but never used                                                                                                                                                                                                                                                                                                                           no-unused-vars
  Line 256:12:  'approvalPolicy' is assigned a value but never used                                                                                                                                                                                                                                                                                                                              no-unused-vars
  Line 585:8:   React Hook useEffect has missing dependencies: 'availMap', 'globalSettings.GLOBAL_TAX_PERCENT', 'globalSettings.GLOBAL_VAT_PERCENT', 'productById', and 'propProjectId'. Either include them or remove the dependency array. You can also replace multiple useState variables with useReducer if 'setVatPercent' needs the current value of 'globalSettings.GLOBAL_VAT_PERCENT'  react-hooks/exhaustive-deps

src\components\workflow\WorkflowBuilder.js
  Line 118:12:  'adminConfig' is assigned a value but never used                                                                                                                                                                                                                                     no-unused-vars
  Line 300:8:   React Hook useEffect has missing dependencies: 'flow.fileRequirements', 'flow.initialStage', 'flow.notifications', 'flow.requiredApprovals', 'flow.stages', 'flow.transitions', 'flow.visualLayout', 'setEdges', and 'setNodes'. Either include them or remove the dependency array  react-hooks/exhaustive-deps
  Line 303:9:   React Hook useEffect has a complex expression in the dependency array. Extract it to a separate variable so it can be statically checked                                                                                                                                             react-hooks/exhaustive-deps
  Line 304:9:   React Hook useEffect has a complex expression in the dependency array. Extract it to a separate variable so it can be statically checked                                                                                                                                             react-hooks/exhaustive-deps
  Line 305:9:   React Hook useEffect has a complex expression in the dependency array. Extract it to a separate variable so it can be statically checked                                                                                                                                             react-hooks/exhaustive-deps
  Line 306:9:   React Hook useEffect has a complex expression in the dependency array. Extract it to a separate variable so it can be statically checked                                                                                                                                             react-hooks/exhaustive-deps
  Line 307:9:   React Hook useEffect has a complex expression in the dependency array. Extract it to a separate variable so it can be statically checked                                                                                                                                             react-hooks/exhaustive-deps
  Line 308:9:   React Hook useEffect has a complex expression in the dependency array. Extract it to a separate variable so it can be statically checked                                                                                                                                             react-hooks/exhaustive-deps

Search for the keywords to learn more about each warning.
To ignore, add // eslint-disable-next-line to the line before.

WARNING in [eslint] 
src\components\Inventory\InventoryView.js
  Line 5:8:    'Select' is defined but never used                                                                                 no-unused-vars
  Line 18:31:  'setSelectedLocations' is assigned a value but never used                                                          no-unused-vars
  Line 20:28:  'setSupplierFilter' is assigned a value but never used                                                             no-unused-vars
  Line 21:26:  'setExpiryFilter' is assigned a value but never used                                                               no-unused-vars
  Line 38:8:   React Hook useEffect has a missing dependency: 'fetchLocations'. Either include it or remove the dependency array  react-hooks/exhaustive-deps

src\components\estimates\ProjectEstimationPage.js
  Line 225:12:  'showPrintModal' is assigned a value but never used                                                                                                                                                                                                                                                                                                                              no-unused-vars
  Line 225:28:  'setShowPrintModal' is assigned a value but never used                                                                                                                                                                                                                                                                                                                           no-unused-vars
  Line 256:12:  'approvalPolicy' is assigned a value but never used                                                                                                                                                                                                                                                                                                                              no-unused-vars
  Line 585:8:   React Hook useEffect has missing dependencies: 'availMap', 'globalSettings.GLOBAL_TAX_PERCENT', 'globalSettings.GLOBAL_VAT_PERCENT', 'productById', and 'propProjectId'. Either include them or remove the dependency array. You can also replace multiple useState variables with useReducer if 'setVatPercent' needs the current value of 'globalSettings.GLOBAL_VAT_PERCENT'  react-hooks/exhaustive-deps

src\components\workflow\WorkflowBuilder.js
  Line 118:12:  'adminConfig' is assigned a value but never used                                                                                                                                                                                                                                     no-unused-vars
  Line 300:8:   React Hook useEffect has missing dependencies: 'flow.fileRequirements', 'flow.initialStage', 'flow.notifications', 'flow.requiredApprovals', 'flow.stages', 'flow.transitions', 'flow.visualLayout', 'setEdges', and 'setNodes'. Either include them or remove the dependency array  react-hooks/exhaustive-deps
  Line 303:9:   React Hook useEffect has a complex expression in the dependency array. Extract it to a separate variable so it can be statically checked                                                                                                                                             react-hooks/exhaustive-deps
  Line 304:9:   React Hook useEffect has a complex expression in the dependency array. Extract it to a separate variable so it can be statically checked                                                                                                                                             react-hooks/exhaustive-deps
  Line 305:9:   React Hook useEffect has a complex expression in the dependency array. Extract it to a separate variable so it can be statically checked                                                                                                                                             react-hooks/exhaustive-deps
  Line 306:9:   React Hook useEffect has a complex expression in the dependency array. Extract it to a separate variable so it can be statically checked                                                                                                                                             react-hooks/exhaustive-deps
  Line 307:9:   React Hook useEffect has a complex expression in the dependency array. Extract it to a separate variable so it can be statically checked                                                                                                                                             react-hooks/exhaustive-deps
  Line 308:9:   React Hook useEffect has a complex expression in the dependency array. Extract it to a separate variable so it can be statically checked                                                                                                                                             react-hooks/exhaustive-deps

webpack compiled with 1 warning
Compiling...
Compiled with warnings.

[eslint] 
src\components\Inventory\InventoryView.js
  Line 5:8:    'Select' is defined but never used                                                                                 no-unused-vars
  Line 18:31:  'setSelectedLocations' is assigned a value but never used                                                          no-unused-vars
  Line 20:28:  'setSupplierFilter' is assigned a value but never used                                                             no-unused-vars
  Line 21:26:  'setExpiryFilter' is assigned a value but never used                                                               no-unused-vars
  Line 38:8:   React Hook useEffect has a missing dependency: 'fetchLocations'. Either include it or remove the dependency array  react-hooks/exhaustive-deps

src\components\estimates\ProjectEstimationPage.js
  Line 225:12:  'showPrintModal' is assigned a value but never used                                                                                                                                                                                                                                                                                                                              no-unused-vars
  Line 225:28:  'setShowPrintModal' is assigned a value but never used                                                                                                                                                                                                                                                                                                                           no-unused-vars
  Line 256:12:  'approvalPolicy' is assigned a value but never used                                                                                                                                                                                                                                                                                                                              no-unused-vars
  Line 585:8:   React Hook useEffect has missing dependencies: 'availMap', 'globalSettings.GLOBAL_TAX_PERCENT', 'globalSettings.GLOBAL_VAT_PERCENT', 'productById', and 'propProjectId'. Either include them or remove the dependency array. You can also replace multiple useState variables with useReducer if 'setVatPercent' needs the current value of 'globalSettings.GLOBAL_VAT_PERCENT'  react-hooks/exhaustive-deps

src\components\workflow\WorkflowBuilder.js
  Line 118:12:  'adminConfig' is assigned a value but never used                                                                                                                                                                                                                                     no-unused-vars
  Line 300:8:   React Hook useEffect has missing dependencies: 'flow.fileRequirements', 'flow.initialStage', 'flow.notifications', 'flow.requiredApprovals', 'flow.stages', 'flow.transitions', 'flow.visualLayout', 'setEdges', and 'setNodes'. Either include them or remove the dependency array  react-hooks/exhaustive-deps
  Line 303:9:   React Hook useEffect has a complex expression in the dependency array. Extract it to a separate variable so it can be statically checked                                                                                                                                             react-hooks/exhaustive-deps
  Line 304:9:   React Hook useEffect has a complex expression in the dependency array. Extract it to a separate variable so it can be statically checked                                                                                                                                             react-hooks/exhaustive-deps
  Line 305:9:   React Hook useEffect has a complex expression in the dependency array. Extract it to a separate variable so it can be statically checked                                                                                                                                             react-hooks/exhaustive-deps
  Line 306:9:   React Hook useEffect has a complex expression in the dependency array. Extract it to a separate variable so it can be statically checked                                                                                                                                             react-hooks/exhaustive-deps
  Line 307:9:   React Hook useEffect has a complex expression in the dependency array. Extract it to a separate variable so it can be statically checked                                                                                                                                             react-hooks/exhaustive-deps
  Line 308:9:   React Hook useEffect has a complex expression in the dependency array. Extract it to a separate variable so it can be statically checked                                                                                                                                             react-hooks/exhaustive-deps

Search for the keywords to learn more about each warning.
To ignore, add // eslint-disable-next-line to the line before.

WARNING in [eslint] 
src\components\Inventory\InventoryView.js
  Line 5:8:    'Select' is defined but never used                                                                                 no-unused-vars
  Line 18:31:  'setSelectedLocations' is assigned a value but never used                                                          no-unused-vars
  Line 20:28:  'setSupplierFilter' is assigned a value but never used                                                             no-unused-vars
  Line 21:26:  'setExpiryFilter' is assigned a value but never used                                                               no-unused-vars
  Line 38:8:   React Hook useEffect has a missing dependency: 'fetchLocations'. Either include it or remove the dependency array  react-hooks/exhaustive-deps

src\components\estimates\ProjectEstimationPage.js
  Line 225:12:  'showPrintModal' is assigned a value but never used                                                                                                                                                                                                                                                                                                                              no-unused-vars
  Line 225:28:  'setShowPrintModal' is assigned a value but never used                                                                                                                                                                                                                                                                                                                           no-unused-vars
  Line 256:12:  'approvalPolicy' is assigned a value but never used                                                                                                                                                                                                                                                                                                                              no-unused-vars
  Line 585:8:   React Hook useEffect has missing dependencies: 'availMap', 'globalSettings.GLOBAL_TAX_PERCENT', 'globalSettings.GLOBAL_VAT_PERCENT', 'productById', and 'propProjectId'. Either include them or remove the dependency array. You can also replace multiple useState variables with useReducer if 'setVatPercent' needs the current value of 'globalSettings.GLOBAL_VAT_PERCENT'  react-hooks/exhaustive-deps

src\components\workflow\WorkflowBuilder.js
  Line 118:12:  'adminConfig' is assigned a value but never used                                                                                                                                                                                                                                     no-unused-vars
  Line 300:8:   React Hook useEffect has missing dependencies: 'flow.fileRequirements', 'flow.initialStage', 'flow.notifications', 'flow.requiredApprovals', 'flow.stages', 'flow.transitions', 'flow.visualLayout', 'setEdges', and 'setNodes'. Either include them or remove the dependency array  react-hooks/exhaustive-deps
  Line 303:9:   React Hook useEffect has a complex expression in the dependency array. Extract it to a separate variable so it can be statically checked                                                                                                                                             react-hooks/exhaustive-deps
  Line 304:9:   React Hook useEffect has a complex expression in the dependency array. Extract it to a separate variable so it can be statically checked                                                                                                                                             react-hooks/exhaustive-deps
  Line 305:9:   React Hook useEffect has a complex expression in the dependency array. Extract it to a separate variable so it can be statically checked                                                                                                                                             react-hooks/exhaustive-deps
  Line 306:9:   React Hook useEffect has a complex expression in the dependency array. Extract it to a separate variable so it can be statically checked                                                                                                                                             react-hooks/exhaustive-deps
  Line 307:9:   React Hook useEffect has a complex expression in the dependency array. Extract it to a separate variable so it can be statically checked                                                                                                                                             react-hooks/exhaustive-deps
  Line 308:9:   React Hook useEffect has a complex expression in the dependency array. Extract it to a separate variable so it can be statically checked                                                                                                                                             react-hooks/exhaustive-deps

webpack compiled with 1 warning
Compiling...
Compiled with warnings.

[eslint] 
src\components\Inventory\InventoryView.js
  Line 5:8:    'Select' is defined but never used                                                                                 no-unused-vars
  Line 18:31:  'setSelectedLocations' is assigned a value but never used                                                          no-unused-vars
  Line 20:28:  'setSupplierFilter' is assigned a value but never used                                                             no-unused-vars
  Line 21:26:  'setExpiryFilter' is assigned a value but never used                                                               no-unused-vars
  Line 38:8:   React Hook useEffect has a missing dependency: 'fetchLocations'. Either include it or remove the dependency array  react-hooks/exhaustive-deps

src\components\Project\ProjectDetails.js
  Line 39:11:   'userModules' is assigned a value but never used     no-unused-vars
  Line 180:11:  'openDatesModal' is assigned a value but never used  no-unused-vars
  Line 310:11:  'dueMeta' is assigned a value but never used         no-unused-vars

src\components\estimates\ProjectEstimationPage.js
  Line 225:12:  'showPrintModal' is assigned a value but never used                                                                                                                                                                                                                                                                                                                              no-unused-vars
  Line 225:28:  'setShowPrintModal' is assigned a value but never used                                                                                                                                                                                                                                                                                                                           no-unused-vars
  Line 256:12:  'approvalPolicy' is assigned a value but never used                                                                                                                                                                                                                                                                                                                              no-unused-vars
  Line 585:8:   React Hook useEffect has missing dependencies: 'availMap', 'globalSettings.GLOBAL_TAX_PERCENT', 'globalSettings.GLOBAL_VAT_PERCENT', 'productById', and 'propProjectId'. Either include them or remove the dependency array. You can also replace multiple useState variables with useReducer if 'setVatPercent' needs the current value of 'globalSettings.GLOBAL_VAT_PERCENT'  react-hooks/exhaustive-deps

src\components\workflow\WorkflowBuilder.js
  Line 118:12:  'adminConfig' is assigned a value but never used                                                                                                                                                                                                                                     no-unused-vars
  Line 300:8:   React Hook useEffect has missing dependencies: 'flow.fileRequirements', 'flow.initialStage', 'flow.notifications', 'flow.requiredApprovals', 'flow.stages', 'flow.transitions', 'flow.visualLayout', 'setEdges', and 'setNodes'. Either include them or remove the dependency array  react-hooks/exhaustive-deps
  Line 303:9:   React Hook useEffect has a complex expression in the dependency array. Extract it to a separate variable so it can be statically checked                                                                                                                                             react-hooks/exhaustive-deps
  Line 304:9:   React Hook useEffect has a complex expression in the dependency array. Extract it to a separate variable so it can be statically checked                                                                                                                                             react-hooks/exhaustive-deps
  Line 305:9:   React Hook useEffect has a complex expression in the dependency array. Extract it to a separate variable so it can be statically checked                                                                                                                                             react-hooks/exhaustive-deps
  Line 306:9:   React Hook useEffect has a complex expression in the dependency array. Extract it to a separate variable so it can be statically checked                                                                                                                                             react-hooks/exhaustive-deps
  Line 307:9:   React Hook useEffect has a complex expression in the dependency array. Extract it to a separate variable so it can be statically checked                                                                                                                                             react-hooks/exhaustive-deps
  Line 308:9:   React Hook useEffect has a complex expression in the dependency array. Extract it to a separate variable so it can be statically checked                                                                                                                                             react-hooks/exhaustive-deps

Search for the keywords to learn more about each warning.
To ignore, add // eslint-disable-next-line to the line before.

WARNING in [eslint] 
src\components\Inventory\InventoryView.js
  Line 5:8:    'Select' is defined but never used                                                                                 no-unused-vars
  Line 18:31:  'setSelectedLocations' is assigned a value but never used                                                          no-unused-vars
  Line 20:28:  'setSupplierFilter' is assigned a value but never used                                                             no-unused-vars
  Line 21:26:  'setExpiryFilter' is assigned a value but never used                                                               no-unused-vars
  Line 38:8:   React Hook useEffect has a missing dependency: 'fetchLocations'. Either include it or remove the dependency array  react-hooks/exhaustive-deps

src\components\Project\ProjectDetails.js
  Line 39:11:   'userModules' is assigned a value but never used     no-unused-vars
  Line 180:11:  'openDatesModal' is assigned a value but never used  no-unused-vars
  Line 310:11:  'dueMeta' is assigned a value but never used         no-unused-vars

src\components\estimates\ProjectEstimationPage.js
  Line 225:12:  'showPrintModal' is assigned a value but never used                                                                                                                                                                                                                                                                                                                              no-unused-vars
  Line 225:28:  'setShowPrintModal' is assigned a value but never used                                                                                                                                                                                                                                                                                                                           no-unused-vars
  Line 256:12:  'approvalPolicy' is assigned a value but never used                                                                                                                                                                                                                                                                                                                              no-unused-vars
  Line 585:8:   React Hook useEffect has missing dependencies: 'availMap', 'globalSettings.GLOBAL_TAX_PERCENT', 'globalSettings.GLOBAL_VAT_PERCENT', 'productById', and 'propProjectId'. Either include them or remove the dependency array. You can also replace multiple useState variables with useReducer if 'setVatPercent' needs the current value of 'globalSettings.GLOBAL_VAT_PERCENT'  react-hooks/exhaustive-deps

src\components\workflow\WorkflowBuilder.js
  Line 118:12:  'adminConfig' is assigned a value but never used                                                                                                                                                                                                                                     no-unused-vars
  Line 300:8:   React Hook useEffect has missing dependencies: 'flow.fileRequirements', 'flow.initialStage', 'flow.notifications', 'flow.requiredApprovals', 'flow.stages', 'flow.transitions', 'flow.visualLayout', 'setEdges', and 'setNodes'. Either include them or remove the dependency array  react-hooks/exhaustive-deps
  Line 303:9:   React Hook useEffect has a complex expression in the dependency array. Extract it to a separate variable so it can be statically checked                                                                                                                                             react-hooks/exhaustive-deps
  Line 304:9:   React Hook useEffect has a complex expression in the dependency array. Extract it to a separate variable so it can be statically checked                                                                                                                                             react-hooks/exhaustive-deps
  Line 305:9:   React Hook useEffect has a complex expression in the dependency array. Extract it to a separate variable so it can be statically checked                                                                                                                                             react-hooks/exhaustive-deps
  Line 306:9:   React Hook useEffect has a complex expression in the dependency array. Extract it to a separate variable so it can be statically checked                                                                                                                                             react-hooks/exhaustive-deps
  Line 307:9:   React Hook useEffect has a complex expression in the dependency array. Extract it to a separate variable so it can be statically checked                                                                                                                                             react-hooks/exhaustive-deps
  Line 308:9:   React Hook useEffect has a complex expression in the dependency array. Extract it to a separate variable so it can be statically checked                                                                                                                                             react-hooks/exhaustive-deps

webpack compiled with 1 warning
Compiling...
Compiled with warnings.

[eslint] 
src\components\Inventory\InventoryView.js
  Line 5:8:    'Select' is defined but never used                                                                                 no-unused-vars
  Line 18:31:  'setSelectedLocations' is assigned a value but never used                                                          no-unused-vars
  Line 20:28:  'setSupplierFilter' is assigned a value but never used                                                             no-unused-vars
  Line 21:26:  'setExpiryFilter' is assigned a value but never used                                                               no-unused-vars
  Line 38:8:   React Hook useEffect has a missing dependency: 'fetchLocations'. Either include it or remove the dependency array  react-hooks/exhaustive-deps

src\components\Project\ProjectDetails.js
  Line 39:11:   'userModules' is assigned a value but never used     no-unused-vars
  Line 180:11:  'openDatesModal' is assigned a value but never used  no-unused-vars
  Line 310:11:  'dueMeta' is assigned a value but never used         no-unused-vars

src\components\estimates\ProjectEstimationPage.js
  Line 225:12:  'showPrintModal' is assigned a value but never used                                                                                                                                                                                                                                                                                                                              no-unused-vars
  Line 225:28:  'setShowPrintModal' is assigned a value but never used                                                                                                                                                                                                                                                                                                                           no-unused-vars
  Line 256:12:  'approvalPolicy' is assigned a value but never used                                                                                                                                                                                                                                                                                                                              no-unused-vars
  Line 585:8:   React Hook useEffect has missing dependencies: 'availMap', 'globalSettings.GLOBAL_TAX_PERCENT', 'globalSettings.GLOBAL_VAT_PERCENT', 'productById', and 'propProjectId'. Either include them or remove the dependency array. You can also replace multiple useState variables with useReducer if 'setVatPercent' needs the current value of 'globalSettings.GLOBAL_VAT_PERCENT'  react-hooks/exhaustive-deps

src\components\workflow\WorkflowBuilder.js
  Line 118:12:  'adminConfig' is assigned a value but never used                                                                                                                                                                                                                                     no-unused-vars
  Line 300:8:   React Hook useEffect has missing dependencies: 'flow.fileRequirements', 'flow.initialStage', 'flow.notifications', 'flow.requiredApprovals', 'flow.stages', 'flow.transitions', 'flow.visualLayout', 'setEdges', and 'setNodes'. Either include them or remove the dependency array  react-hooks/exhaustive-deps
  Line 303:9:   React Hook useEffect has a complex expression in the dependency array. Extract it to a separate variable so it can be statically checked                                                                                                                                             react-hooks/exhaustive-deps
  Line 304:9:   React Hook useEffect has a complex expression in the dependency array. Extract it to a separate variable so it can be statically checked                                                                                                                                             react-hooks/exhaustive-deps
  Line 305:9:   React Hook useEffect has a complex expression in the dependency array. Extract it to a separate variable so it can be statically checked                                                                                                                                             react-hooks/exhaustive-deps
  Line 306:9:   React Hook useEffect has a complex expression in the dependency array. Extract it to a separate variable so it can be statically checked                                                                                                                                             react-hooks/exhaustive-deps
  Line 307:9:   React Hook useEffect has a complex expression in the dependency array. Extract it to a separate variable so it can be statically checked                                                                                                                                             react-hooks/exhaustive-deps
  Line 308:9:   React Hook useEffect has a complex expression in the dependency array. Extract it to a separate variable so it can be statically checked                                                                                                                                             react-hooks/exhaustive-deps

Search for the keywords to learn more about each warning.
To ignore, add // eslint-disable-next-line to the line before.

WARNING in [eslint] 
src\components\Inventory\InventoryView.js
  Line 5:8:    'Select' is defined but never used                                                                                 no-unused-vars
  Line 18:31:  'setSelectedLocations' is assigned a value but never used                                                          no-unused-vars
  Line 20:28:  'setSupplierFilter' is assigned a value but never used                                                             no-unused-vars
  Line 21:26:  'setExpiryFilter' is assigned a value but never used                                                               no-unused-vars
  Line 38:8:   React Hook useEffect has a missing dependency: 'fetchLocations'. Either include it or remove the dependency array  react-hooks/exhaustive-deps

src\components\Project\ProjectDetails.js
  Line 39:11:   'userModules' is assigned a value but never used     no-unused-vars
  Line 180:11:  'openDatesModal' is assigned a value but never used  no-unused-vars
  Line 310:11:  'dueMeta' is assigned a value but never used         no-unused-vars

src\components\estimates\ProjectEstimationPage.js
  Line 225:12:  'showPrintModal' is assigned a value but never used                                                                                                                                                                                                                                                                                                                              no-unused-vars
  Line 225:28:  'setShowPrintModal' is assigned a value but never used                                                                                                                                                                                                                                                                                                                           no-unused-vars
  Line 256:12:  'approvalPolicy' is assigned a value but never used                                                                                                                                                                                                                                                                                                                              no-unused-vars
  Line 585:8:   React Hook useEffect has missing dependencies: 'availMap', 'globalSettings.GLOBAL_TAX_PERCENT', 'globalSettings.GLOBAL_VAT_PERCENT', 'productById', and 'propProjectId'. Either include them or remove the dependency array. You can also replace multiple useState variables with useReducer if 'setVatPercent' needs the current value of 'globalSettings.GLOBAL_VAT_PERCENT'  react-hooks/exhaustive-deps

src\components\workflow\WorkflowBuilder.js
  Line 118:12:  'adminConfig' is assigned a value but never used                                                                                                                                                                                                                                     no-unused-vars
  Line 300:8:   React Hook useEffect has missing dependencies: 'flow.fileRequirements', 'flow.initialStage', 'flow.notifications', 'flow.requiredApprovals', 'flow.stages', 'flow.transitions', 'flow.visualLayout', 'setEdges', and 'setNodes'. Either include them or remove the dependency array  react-hooks/exhaustive-deps
  Line 303:9:   React Hook useEffect has a complex expression in the dependency array. Extract it to a separate variable so it can be statically checked                                                                                                                                             react-hooks/exhaustive-deps
  Line 304:9:   React Hook useEffect has a complex expression in the dependency array. Extract it to a separate variable so it can be statically checked                                                                                                                                             react-hooks/exhaustive-deps
  Line 305:9:   React Hook useEffect has a complex expression in the dependency array. Extract it to a separate variable so it can be statically checked                                                                                                                                             react-hooks/exhaustive-deps
  Line 306:9:   React Hook useEffect has a complex expression in the dependency array. Extract it to a separate variable so it can be statically checked                                                                                                                                             react-hooks/exhaustive-deps
  Line 307:9:   React Hook useEffect has a complex expression in the dependency array. Extract it to a separate variable so it can be statically checked                                                                                                                                             react-hooks/exhaustive-deps
  Line 308:9:   React Hook useEffect has a complex expression in the dependency array. Extract it to a separate variable so it can be statically checked                                                                                                                                             react-hooks/exhaustive-deps

webpack compiled with 1 warning
Compiling...
Compiled with warnings.

[eslint] 
src\components\Inventory\InventoryView.js
  Line 5:8:    'Select' is defined but never used                                                                                 no-unused-vars
  Line 18:31:  'setSelectedLocations' is assigned a value but never used                                                          no-unused-vars
  Line 20:28:  'setSupplierFilter' is assigned a value but never used                                                             no-unused-vars
  Line 21:26:  'setExpiryFilter' is assigned a value but never used                                                               no-unused-vars
  Line 38:8:   React Hook useEffect has a missing dependency: 'fetchLocations'. Either include it or remove the dependency array  react-hooks/exhaustive-deps

src\components\Project\ProjectDetails.js
  Line 39:11:   'userModules' is assigned a value but never used     no-unused-vars
  Line 180:11:  'openDatesModal' is assigned a value but never used  no-unused-vars
  Line 310:11:  'dueMeta' is assigned a value but never used         no-unused-vars

src\components\estimates\ProjectEstimationPage.js
  Line 225:12:  'showPrintModal' is assigned a value but never used                                                                                                                                                                                                                                                                                                                              no-unused-vars
  Line 225:28:  'setShowPrintModal' is assigned a value but never used                                                                                                                                                                                                                                                                                                                           no-unused-vars
  Line 256:12:  'approvalPolicy' is assigned a value but never used                                                                                                                                                                                                                                                                                                                              no-unused-vars
  Line 585:8:   React Hook useEffect has missing dependencies: 'availMap', 'globalSettings.GLOBAL_TAX_PERCENT', 'globalSettings.GLOBAL_VAT_PERCENT', 'productById', and 'propProjectId'. Either include them or remove the dependency array. You can also replace multiple useState variables with useReducer if 'setVatPercent' needs the current value of 'globalSettings.GLOBAL_VAT_PERCENT'  react-hooks/exhaustive-deps

src\components\workflow\WorkflowBuilder.js
  Line 118:12:  'adminConfig' is assigned a value but never used                                                                                                                                                                                                                                     no-unused-vars
  Line 300:8:   React Hook useEffect has missing dependencies: 'flow.fileRequirements', 'flow.initialStage', 'flow.notifications', 'flow.requiredApprovals', 'flow.stages', 'flow.transitions', 'flow.visualLayout', 'setEdges', and 'setNodes'. Either include them or remove the dependency array  react-hooks/exhaustive-deps
  Line 303:9:   React Hook useEffect has a complex expression in the dependency array. Extract it to a separate variable so it can be statically checked                                                                                                                                             react-hooks/exhaustive-deps
  Line 304:9:   React Hook useEffect has a complex expression in the dependency array. Extract it to a separate variable so it can be statically checked                                                                                                                                             react-hooks/exhaustive-deps
  Line 305:9:   React Hook useEffect has a complex expression in the dependency array. Extract it to a separate variable so it can be statically checked                                                                                                                                             react-hooks/exhaustive-deps
  Line 306:9:   React Hook useEffect has a complex expression in the dependency array. Extract it to a separate variable so it can be statically checked                                                                                                                                             react-hooks/exhaustive-deps
  Line 307:9:   React Hook useEffect has a complex expression in the dependency array. Extract it to a separate variable so it can be statically checked                                                                                                                                             react-hooks/exhaustive-deps
  Line 308:9:   React Hook useEffect has a complex expression in the dependency array. Extract it to a separate variable so it can be statically checked                                                                                                                                             react-hooks/exhaustive-deps

Search for the keywords to learn more about each warning.
To ignore, add // eslint-disable-next-line to the line before.

WARNING in [eslint] 
src\components\Inventory\InventoryView.js
  Line 5:8:    'Select' is defined but never used                                                                                 no-unused-vars
  Line 18:31:  'setSelectedLocations' is assigned a value but never used                                                          no-unused-vars
  Line 20:28:  'setSupplierFilter' is assigned a value but never used                                                             no-unused-vars
  Line 21:26:  'setExpiryFilter' is assigned a value but never used                                                               no-unused-vars
  Line 38:8:   React Hook useEffect has a missing dependency: 'fetchLocations'. Either include it or remove the dependency array  react-hooks/exhaustive-deps

src\components\Project\ProjectDetails.js
  Line 39:11:   'userModules' is assigned a value but never used     no-unused-vars
  Line 180:11:  'openDatesModal' is assigned a value but never used  no-unused-vars
  Line 310:11:  'dueMeta' is assigned a value but never used         no-unused-vars

src\components\estimates\ProjectEstimationPage.js
  Line 225:12:  'showPrintModal' is assigned a value but never used                                                                                                                                                                                                                                                                                                                              no-unused-vars
  Line 225:28:  'setShowPrintModal' is assigned a value but never used                                                                                                                                                                                                                                                                                                                           no-unused-vars
  Line 256:12:  'approvalPolicy' is assigned a value but never used                                                                                                                                                                                                                                                                                                                              no-unused-vars
  Line 585:8:   React Hook useEffect has missing dependencies: 'availMap', 'globalSettings.GLOBAL_TAX_PERCENT', 'globalSettings.GLOBAL_VAT_PERCENT', 'productById', and 'propProjectId'. Either include them or remove the dependency array. You can also replace multiple useState variables with useReducer if 'setVatPercent' needs the current value of 'globalSettings.GLOBAL_VAT_PERCENT'  react-hooks/exhaustive-deps

src\components\workflow\WorkflowBuilder.js
  Line 118:12:  'adminConfig' is assigned a value but never used                                                                                                                                                                                                                                     no-unused-vars
  Line 300:8:   React Hook useEffect has missing dependencies: 'flow.fileRequirements', 'flow.initialStage', 'flow.notifications', 'flow.requiredApprovals', 'flow.stages', 'flow.transitions', 'flow.visualLayout', 'setEdges', and 'setNodes'. Either include them or remove the dependency array  react-hooks/exhaustive-deps
  Line 303:9:   React Hook useEffect has a complex expression in the dependency array. Extract it to a separate variable so it can be statically checked                                                                                                                                             react-hooks/exhaustive-deps
  Line 304:9:   React Hook useEffect has a complex expression in the dependency array. Extract it to a separate variable so it can be statically checked                                                                                                                                             react-hooks/exhaustive-deps
  Line 305:9:   React Hook useEffect has a complex expression in the dependency array. Extract it to a separate variable so it can be statically checked                                                                                                                                             react-hooks/exhaustive-deps
  Line 306:9:   React Hook useEffect has a complex expression in the dependency array. Extract it to a separate variable so it can be statically checked                                                                                                                                             react-hooks/exhaustive-deps
  Line 307:9:   React Hook useEffect has a complex expression in the dependency array. Extract it to a separate variable so it can be statically checked                                                                                                                                             react-hooks/exhaustive-deps
  Line 308:9:   React Hook useEffect has a complex expression in the dependency array. Extract it to a separate variable so it can be statically checked                                                                                                                                             react-hooks/exhaustive-deps

webpack compiled with 1 warning
Compiling...
Compiled with warnings.

[eslint] 
src\components\Inventory\InventoryView.js
  Line 5:8:    'Select' is defined but never used                                                                                 no-unused-vars
  Line 18:31:  'setSelectedLocations' is assigned a value but never used                                                          no-unused-vars
  Line 20:28:  'setSupplierFilter' is assigned a value but never used                                                             no-unused-vars
  Line 21:26:  'setExpiryFilter' is assigned a value but never used                                                               no-unused-vars
  Line 38:8:   React Hook useEffect has a missing dependency: 'fetchLocations'. Either include it or remove the dependency array  react-hooks/exhaustive-deps

src\components\Project\ProjectDetails.js
  Line 39:11:   'userModules' is assigned a value but never used     no-unused-vars
  Line 180:11:  'openDatesModal' is assigned a value but never used  no-unused-vars
  Line 310:11:  'dueMeta' is assigned a value but never used         no-unused-vars

src\components\estimates\ProjectEstimationPage.js
  Line 225:12:  'showPrintModal' is assigned a value but never used                                                                                                                                                                                                                                                                                                                              no-unused-vars
  Line 225:28:  'setShowPrintModal' is assigned a value but never used                                                                                                                                                                                                                                                                                                                           no-unused-vars
  Line 256:12:  'approvalPolicy' is assigned a value but never used                                                                                                                                                                                                                                                                                                                              no-unused-vars
  Line 585:8:   React Hook useEffect has missing dependencies: 'availMap', 'globalSettings.GLOBAL_TAX_PERCENT', 'globalSettings.GLOBAL_VAT_PERCENT', 'productById', and 'propProjectId'. Either include them or remove the dependency array. You can also replace multiple useState variables with useReducer if 'setVatPercent' needs the current value of 'globalSettings.GLOBAL_VAT_PERCENT'  react-hooks/exhaustive-deps

src\components\workflow\WorkflowBuilder.js
  Line 118:12:  'adminConfig' is assigned a value but never used                                                                                                                                                                                                                                     no-unused-vars
  Line 300:8:   React Hook useEffect has missing dependencies: 'flow.fileRequirements', 'flow.initialStage', 'flow.notifications', 'flow.requiredApprovals', 'flow.stages', 'flow.transitions', 'flow.visualLayout', 'setEdges', and 'setNodes'. Either include them or remove the dependency array  react-hooks/exhaustive-deps
  Line 303:9:   React Hook useEffect has a complex expression in the dependency array. Extract it to a separate variable so it can be statically checked                                                                                                                                             react-hooks/exhaustive-deps
  Line 304:9:   React Hook useEffect has a complex expression in the dependency array. Extract it to a separate variable so it can be statically checked                                                                                                                                             react-hooks/exhaustive-deps
  Line 305:9:   React Hook useEffect has a complex expression in the dependency array. Extract it to a separate variable so it can be statically checked                                                                                                                                             react-hooks/exhaustive-deps
  Line 306:9:   React Hook useEffect has a complex expression in the dependency array. Extract it to a separate variable so it can be statically checked                                                                                                                                             react-hooks/exhaustive-deps
  Line 307:9:   React Hook useEffect has a complex expression in the dependency array. Extract it to a separate variable so it can be statically checked                                                                                                                                             react-hooks/exhaustive-deps
  Line 308:9:   React Hook useEffect has a complex expression in the dependency array. Extract it to a separate variable so it can be statically checked                                                                                                                                             react-hooks/exhaustive-deps

Search for the keywords to learn more about each warning.
To ignore, add // eslint-disable-next-line to the line before.

WARNING in [eslint] 
src\components\Inventory\InventoryView.js
  Line 5:8:    'Select' is defined but never used                                                                                 no-unused-vars
  Line 18:31:  'setSelectedLocations' is assigned a value but never used                                                          no-unused-vars
  Line 20:28:  'setSupplierFilter' is assigned a value but never used                                                             no-unused-vars
  Line 21:26:  'setExpiryFilter' is assigned a value but never used                                                               no-unused-vars
  Line 38:8:   React Hook useEffect has a missing dependency: 'fetchLocations'. Either include it or remove the dependency array  react-hooks/exhaustive-deps

src\components\Project\ProjectDetails.js
  Line 39:11:   'userModules' is assigned a value but never used     no-unused-vars
  Line 180:11:  'openDatesModal' is assigned a value but never used  no-unused-vars
  Line 310:11:  'dueMeta' is assigned a value but never used         no-unused-vars

src\components\estimates\ProjectEstimationPage.js
  Line 225:12:  'showPrintModal' is assigned a value but never used                                                                                                                                                                                                                                                                                                                              no-unused-vars
  Line 225:28:  'setShowPrintModal' is assigned a value but never used                                                                                                                                                                                                                                                                                                                           no-unused-vars
  Line 256:12:  'approvalPolicy' is assigned a value but never used                                                                                                                                                                                                                                                                                                                              no-unused-vars
  Line 585:8:   React Hook useEffect has missing dependencies: 'availMap', 'globalSettings.GLOBAL_TAX_PERCENT', 'globalSettings.GLOBAL_VAT_PERCENT', 'productById', and 'propProjectId'. Either include them or remove the dependency array. You can also replace multiple useState variables with useReducer if 'setVatPercent' needs the current value of 'globalSettings.GLOBAL_VAT_PERCENT'  react-hooks/exhaustive-deps

src\components\workflow\WorkflowBuilder.js
  Line 118:12:  'adminConfig' is assigned a value but never used                                                                                                                                                                                                                                     no-unused-vars
  Line 300:8:   React Hook useEffect has missing dependencies: 'flow.fileRequirements', 'flow.initialStage', 'flow.notifications', 'flow.requiredApprovals', 'flow.stages', 'flow.transitions', 'flow.visualLayout', 'setEdges', and 'setNodes'. Either include them or remove the dependency array  react-hooks/exhaustive-deps
  Line 303:9:   React Hook useEffect has a complex expression in the dependency array. Extract it to a separate variable so it can be statically checked                                                                                                                                             react-hooks/exhaustive-deps
  Line 304:9:   React Hook useEffect has a complex expression in the dependency array. Extract it to a separate variable so it can be statically checked                                                                                                                                             react-hooks/exhaustive-deps
  Line 305:9:   React Hook useEffect has a complex expression in the dependency array. Extract it to a separate variable so it can be statically checked                                                                                                                                             react-hooks/exhaustive-deps
  Line 306:9:   React Hook useEffect has a complex expression in the dependency array. Extract it to a separate variable so it can be statically checked                                                                                                                                             react-hooks/exhaustive-deps
  Line 307:9:   React Hook useEffect has a complex expression in the dependency array. Extract it to a separate variable so it can be statically checked                                                                                                                                             react-hooks/exhaustive-deps
  Line 308:9:   React Hook useEffect has a complex expression in the dependency array. Extract it to a separate variable so it can be statically checked                                                                                                                                             react-hooks/exhaustive-deps

webpack compiled with 1 warning
Compiling...
Compiled with warnings.

[eslint] 
src\components\Inventory\InventoryView.js
  Line 5:8:    'Select' is defined but never used                                                                                 no-unused-vars
  Line 18:31:  'setSelectedLocations' is assigned a value but never used                                                          no-unused-vars
  Line 20:28:  'setSupplierFilter' is assigned a value but never used                                                             no-unused-vars
  Line 21:26:  'setExpiryFilter' is assigned a value but never used                                                               no-unused-vars
  Line 38:8:   React Hook useEffect has a missing dependency: 'fetchLocations'. Either include it or remove the dependency array  react-hooks/exhaustive-deps

src\components\Project\ProjectDetails.js
  Line 39:11:   'userModules' is assigned a value but never used     no-unused-vars
  Line 180:11:  'openDatesModal' is assigned a value but never used  no-unused-vars
  Line 310:11:  'dueMeta' is assigned a value but never used         no-unused-vars

src\components\estimates\ProjectEstimationPage.js
  Line 225:12:  'showPrintModal' is assigned a value but never used                                                                                                                                                                                                                                                                                                                              no-unused-vars
  Line 225:28:  'setShowPrintModal' is assigned a value but never used                                                                                                                                                                                                                                                                                                                           no-unused-vars
  Line 256:12:  'approvalPolicy' is assigned a value but never used                                                                                                                                                                                                                                                                                                                              no-unused-vars
  Line 585:8:   React Hook useEffect has missing dependencies: 'availMap', 'globalSettings.GLOBAL_TAX_PERCENT', 'globalSettings.GLOBAL_VAT_PERCENT', 'productById', and 'propProjectId'. Either include them or remove the dependency array. You can also replace multiple useState variables with useReducer if 'setVatPercent' needs the current value of 'globalSettings.GLOBAL_VAT_PERCENT'  react-hooks/exhaustive-deps

src\components\workflow\WorkflowBuilder.js
  Line 118:12:  'adminConfig' is assigned a value but never used                                                                                                                                                                                                                                     no-unused-vars
  Line 300:8:   React Hook useEffect has missing dependencies: 'flow.fileRequirements', 'flow.initialStage', 'flow.notifications', 'flow.requiredApprovals', 'flow.stages', 'flow.transitions', 'flow.visualLayout', 'setEdges', and 'setNodes'. Either include them or remove the dependency array  react-hooks/exhaustive-deps
  Line 303:9:   React Hook useEffect has a complex expression in the dependency array. Extract it to a separate variable so it can be statically checked                                                                                                                                             react-hooks/exhaustive-deps
  Line 304:9:   React Hook useEffect has a complex expression in the dependency array. Extract it to a separate variable so it can be statically checked                                                                                                                                             react-hooks/exhaustive-deps
  Line 305:9:   React Hook useEffect has a complex expression in the dependency array. Extract it to a separate variable so it can be statically checked                                                                                                                                             react-hooks/exhaustive-deps
  Line 306:9:   React Hook useEffect has a complex expression in the dependency array. Extract it to a separate variable so it can be statically checked                                                                                                                                             react-hooks/exhaustive-deps
  Line 307:9:   React Hook useEffect has a complex expression in the dependency array. Extract it to a separate variable so it can be statically checked                                                                                                                                             react-hooks/exhaustive-deps
  Line 308:9:   React Hook useEffect has a complex expression in the dependency array. Extract it to a separate variable so it can be statically checked                                                                                                                                             react-hooks/exhaustive-deps

Search for the keywords to learn more about each warning.
To ignore, add // eslint-disable-next-line to the line before.

WARNING in [eslint] 
src\components\Inventory\InventoryView.js
  Line 5:8:    'Select' is defined but never used                                                                                 no-unused-vars
  Line 18:31:  'setSelectedLocations' is assigned a value but never used                                                          no-unused-vars
  Line 20:28:  'setSupplierFilter' is assigned a value but never used                                                             no-unused-vars
  Line 21:26:  'setExpiryFilter' is assigned a value but never used                                                               no-unused-vars
  Line 38:8:   React Hook useEffect has a missing dependency: 'fetchLocations'. Either include it or remove the dependency array  react-hooks/exhaustive-deps

src\components\Project\ProjectDetails.js
  Line 39:11:   'userModules' is assigned a value but never used     no-unused-vars
  Line 180:11:  'openDatesModal' is assigned a value but never used  no-unused-vars
  Line 310:11:  'dueMeta' is assigned a value but never used         no-unused-vars

src\components\estimates\ProjectEstimationPage.js
  Line 225:12:  'showPrintModal' is assigned a value but never used                                                                                                                                                                                                                                                                                                                              no-unused-vars
  Line 225:28:  'setShowPrintModal' is assigned a value but never used                                                                                                                                                                                                                                                                                                                           no-unused-vars
  Line 256:12:  'approvalPolicy' is assigned a value but never used                                                                                                                                                                                                                                                                                                                              no-unused-vars
  Line 585:8:   React Hook useEffect has missing dependencies: 'availMap', 'globalSettings.GLOBAL_TAX_PERCENT', 'globalSettings.GLOBAL_VAT_PERCENT', 'productById', and 'propProjectId'. Either include them or remove the dependency array. You can also replace multiple useState variables with useReducer if 'setVatPercent' needs the current value of 'globalSettings.GLOBAL_VAT_PERCENT'  react-hooks/exhaustive-deps

src\components\workflow\WorkflowBuilder.js
  Line 118:12:  'adminConfig' is assigned a value but never used                                                                                                                                                                                                                                     no-unused-vars
  Line 300:8:   React Hook useEffect has missing dependencies: 'flow.fileRequirements', 'flow.initialStage', 'flow.notifications', 'flow.requiredApprovals', 'flow.stages', 'flow.transitions', 'flow.visualLayout', 'setEdges', and 'setNodes'. Either include them or remove the dependency array  react-hooks/exhaustive-deps
  Line 303:9:   React Hook useEffect has a complex expression in the dependency array. Extract it to a separate variable so it can be statically checked                                                                                                                                             react-hooks/exhaustive-deps
  Line 304:9:   React Hook useEffect has a complex expression in the dependency array. Extract it to a separate variable so it can be statically checked                                                                                                                                             react-hooks/exhaustive-deps
  Line 305:9:   React Hook useEffect has a complex expression in the dependency array. Extract it to a separate variable so it can be statically checked                                                                                                                                             react-hooks/exhaustive-deps
  Line 306:9:   React Hook useEffect has a complex expression in the dependency array. Extract it to a separate variable so it can be statically checked                                                                                                                                             react-hooks/exhaustive-deps
  Line 307:9:   React Hook useEffect has a complex expression in the dependency array. Extract it to a separate variable so it can be statically checked                                                                                                                                             react-hooks/exhaustive-deps
  Line 308:9:   React Hook useEffect has a complex expression in the dependency array. Extract it to a separate variable so it can be statically checked                                                                                                                                             react-hooks/exhaustive-deps

webpack compiled with 1 warning
Compiling...
Compiled with warnings.

[eslint] 
src\components\Inventory\InventoryView.js
  Line 5:8:    'Select' is defined but never used                                                                                 no-unused-vars
  Line 18:31:  'setSelectedLocations' is assigned a value but never used                                                          no-unused-vars
  Line 20:28:  'setSupplierFilter' is assigned a value but never used                                                             no-unused-vars
  Line 21:26:  'setExpiryFilter' is assigned a value but never used                                                               no-unused-vars
  Line 38:8:   React Hook useEffect has a missing dependency: 'fetchLocations'. Either include it or remove the dependency array  react-hooks/exhaustive-deps

src\components\Project\ProjectDetails.js
  Line 39:11:   'userModules' is assigned a value but never used     no-unused-vars
  Line 180:11:  'openDatesModal' is assigned a value but never used  no-unused-vars
  Line 310:11:  'dueMeta' is assigned a value but never used         no-unused-vars

src\components\estimates\ProjectEstimationPage.js
  Line 225:12:  'showPrintModal' is assigned a value but never used                                                                                                                                                                                                                                                                                                                              no-unused-vars
  Line 225:28:  'setShowPrintModal' is assigned a value but never used                                                                                                                                                                                                                                                                                                                           no-unused-vars
  Line 256:12:  'approvalPolicy' is assigned a value but never used                                                                                                                                                                                                                                                                                                                              no-unused-vars
  Line 585:8:   React Hook useEffect has missing dependencies: 'availMap', 'globalSettings.GLOBAL_TAX_PERCENT', 'globalSettings.GLOBAL_VAT_PERCENT', 'productById', and 'propProjectId'. Either include them or remove the dependency array. You can also replace multiple useState variables with useReducer if 'setVatPercent' needs the current value of 'globalSettings.GLOBAL_VAT_PERCENT'  react-hooks/exhaustive-deps

src\components\workflow\WorkflowBuilder.js
  Line 118:12:  'adminConfig' is assigned a value but never used                                                                                                                                                                                                                                     no-unused-vars
  Line 300:8:   React Hook useEffect has missing dependencies: 'flow.fileRequirements', 'flow.initialStage', 'flow.notifications', 'flow.requiredApprovals', 'flow.stages', 'flow.transitions', 'flow.visualLayout', 'setEdges', and 'setNodes'. Either include them or remove the dependency array  react-hooks/exhaustive-deps
  Line 303:9:   React Hook useEffect has a complex expression in the dependency array. Extract it to a separate variable so it can be statically checked                                                                                                                                             react-hooks/exhaustive-deps
  Line 304:9:   React Hook useEffect has a complex expression in the dependency array. Extract it to a separate variable so it can be statically checked                                                                                                                                             react-hooks/exhaustive-deps
  Line 305:9:   React Hook useEffect has a complex expression in the dependency array. Extract it to a separate variable so it can be statically checked                                                                                                                                             react-hooks/exhaustive-deps
  Line 306:9:   React Hook useEffect has a complex expression in the dependency array. Extract it to a separate variable so it can be statically checked                                                                                                                                             react-hooks/exhaustive-deps
  Line 307:9:   React Hook useEffect has a complex expression in the dependency array. Extract it to a separate variable so it can be statically checked                                                                                                                                             react-hooks/exhaustive-deps
  Line 308:9:   React Hook useEffect has a complex expression in the dependency array. Extract it to a separate variable so it can be statically checked                                                                                                                                             react-hooks/exhaustive-deps

Search for the keywords to learn more about each warning.
To ignore, add // eslint-disable-next-line to the line before.

WARNING in [eslint] 
src\components\Inventory\InventoryView.js
  Line 5:8:    'Select' is defined but never used                                                                                 no-unused-vars
  Line 18:31:  'setSelectedLocations' is assigned a value but never used                                                          no-unused-vars
  Line 20:28:  'setSupplierFilter' is assigned a value but never used                                                             no-unused-vars
  Line 21:26:  'setExpiryFilter' is assigned a value but never used                                                               no-unused-vars
  Line 38:8:   React Hook useEffect has a missing dependency: 'fetchLocations'. Either include it or remove the dependency array  react-hooks/exhaustive-deps

src\components\Project\ProjectDetails.js
  Line 39:11:   'userModules' is assigned a value but never used     no-unused-vars
  Line 180:11:  'openDatesModal' is assigned a value but never used  no-unused-vars
  Line 310:11:  'dueMeta' is assigned a value but never used         no-unused-vars

src\components\estimates\ProjectEstimationPage.js
  Line 225:12:  'showPrintModal' is assigned a value but never used                                                                                                                                                                                                                                                                                                                              no-unused-vars
  Line 225:28:  'setShowPrintModal' is assigned a value but never used                                                                                                                                                                                                                                                                                                                           no-unused-vars
  Line 256:12:  'approvalPolicy' is assigned a value but never used                                                                                                                                                                                                                                                                                                                              no-unused-vars
  Line 585:8:   React Hook useEffect has missing dependencies: 'availMap', 'globalSettings.GLOBAL_TAX_PERCENT', 'globalSettings.GLOBAL_VAT_PERCENT', 'productById', and 'propProjectId'. Either include them or remove the dependency array. You can also replace multiple useState variables with useReducer if 'setVatPercent' needs the current value of 'globalSettings.GLOBAL_VAT_PERCENT'  react-hooks/exhaustive-deps

src\components\workflow\WorkflowBuilder.js
  Line 118:12:  'adminConfig' is assigned a value but never used                                                                                                                                                                                                                                     no-unused-vars
  Line 300:8:   React Hook useEffect has missing dependencies: 'flow.fileRequirements', 'flow.initialStage', 'flow.notifications', 'flow.requiredApprovals', 'flow.stages', 'flow.transitions', 'flow.visualLayout', 'setEdges', and 'setNodes'. Either include them or remove the dependency array  react-hooks/exhaustive-deps
  Line 303:9:   React Hook useEffect has a complex expression in the dependency array. Extract it to a separate variable so it can be statically checked                                                                                                                                             react-hooks/exhaustive-deps
  Line 304:9:   React Hook useEffect has a complex expression in the dependency array. Extract it to a separate variable so it can be statically checked                                                                                                                                             react-hooks/exhaustive-deps
  Line 305:9:   React Hook useEffect has a complex expression in the dependency array. Extract it to a separate variable so it can be statically checked                                                                                                                                             react-hooks/exhaustive-deps
  Line 306:9:   React Hook useEffect has a complex expression in the dependency array. Extract it to a separate variable so it can be statically checked                                                                                                                                             react-hooks/exhaustive-deps
  Line 307:9:   React Hook useEffect has a complex expression in the dependency array. Extract it to a separate variable so it can be statically checked                                                                                                                                             react-hooks/exhaustive-deps
  Line 308:9:   React Hook useEffect has a complex expression in the dependency array. Extract it to a separate variable so it can be statically checked                                                                                                                                             react-hooks/exhaustive-deps

webpack compiled with 1 warning
Compiling...
Compiled with warnings.

[eslint] 
src\components\Inventory\InventoryView.js
  Line 5:8:    'Select' is defined but never used                                                                                 no-unused-vars
  Line 18:31:  'setSelectedLocations' is assigned a value but never used                                                          no-unused-vars
  Line 20:28:  'setSupplierFilter' is assigned a value but never used                                                             no-unused-vars
  Line 21:26:  'setExpiryFilter' is assigned a value but never used                                                               no-unused-vars
  Line 38:8:   React Hook useEffect has a missing dependency: 'fetchLocations'. Either include it or remove the dependency array  react-hooks/exhaustive-deps

src\components\Project\ProjectDetails.js
  Line 39:11:   'userModules' is assigned a value but never used     no-unused-vars
  Line 180:11:  'openDatesModal' is assigned a value but never used  no-unused-vars
  Line 310:11:  'dueMeta' is assigned a value but never used         no-unused-vars

src\components\estimates\ProjectEstimationPage.js
  Line 225:12:  'showPrintModal' is assigned a value but never used                                                                                                                                                                                                                                                                                                                              no-unused-vars
  Line 225:28:  'setShowPrintModal' is assigned a value but never used                                                                                                                                                                                                                                                                                                                           no-unused-vars
  Line 256:12:  'approvalPolicy' is assigned a value but never used                                                                                                                                                                                                                                                                                                                              no-unused-vars
  Line 585:8:   React Hook useEffect has missing dependencies: 'availMap', 'globalSettings.GLOBAL_TAX_PERCENT', 'globalSettings.GLOBAL_VAT_PERCENT', 'productById', and 'propProjectId'. Either include them or remove the dependency array. You can also replace multiple useState variables with useReducer if 'setVatPercent' needs the current value of 'globalSettings.GLOBAL_VAT_PERCENT'  react-hooks/exhaustive-deps

src\components\workflow\WorkflowBuilder.js
  Line 118:12:  'adminConfig' is assigned a value but never used                                                                                                                                                                                                                                     no-unused-vars
  Line 300:8:   React Hook useEffect has missing dependencies: 'flow.fileRequirements', 'flow.initialStage', 'flow.notifications', 'flow.requiredApprovals', 'flow.stages', 'flow.transitions', 'flow.visualLayout', 'setEdges', and 'setNodes'. Either include them or remove the dependency array  react-hooks/exhaustive-deps
  Line 303:9:   React Hook useEffect has a complex expression in the dependency array. Extract it to a separate variable so it can be statically checked                                                                                                                                             react-hooks/exhaustive-deps
  Line 304:9:   React Hook useEffect has a complex expression in the dependency array. Extract it to a separate variable so it can be statically checked                                                                                                                                             react-hooks/exhaustive-deps
  Line 305:9:   React Hook useEffect has a complex expression in the dependency array. Extract it to a separate variable so it can be statically checked                                                                                                                                             react-hooks/exhaustive-deps
  Line 306:9:   React Hook useEffect has a complex expression in the dependency array. Extract it to a separate variable so it can be statically checked                                                                                                                                             react-hooks/exhaustive-deps
  Line 307:9:   React Hook useEffect has a complex expression in the dependency array. Extract it to a separate variable so it can be statically checked                                                                                                                                             react-hooks/exhaustive-deps
  Line 308:9:   React Hook useEffect has a complex expression in the dependency array. Extract it to a separate variable so it can be statically checked                                                                                                                                             react-hooks/exhaustive-deps

Search for the keywords to learn more about each warning.
To ignore, add // eslint-disable-next-line to the line before.

WARNING in [eslint] 
src\components\Inventory\InventoryView.js
  Line 5:8:    'Select' is defined but never used                                                                                 no-unused-vars
  Line 18:31:  'setSelectedLocations' is assigned a value but never used                                                          no-unused-vars
  Line 20:28:  'setSupplierFilter' is assigned a value but never used                                                             no-unused-vars
  Line 21:26:  'setExpiryFilter' is assigned a value but never used                                                               no-unused-vars
  Line 38:8:   React Hook useEffect has a missing dependency: 'fetchLocations'. Either include it or remove the dependency array  react-hooks/exhaustive-deps

src\components\Project\ProjectDetails.js
  Line 39:11:   'userModules' is assigned a value but never used     no-unused-vars
  Line 180:11:  'openDatesModal' is assigned a value but never used  no-unused-vars
  Line 310:11:  'dueMeta' is assigned a value but never used         no-unused-vars

src\components\estimates\ProjectEstimationPage.js
  Line 225:12:  'showPrintModal' is assigned a value but never used                                                                                                                                                                                                                                                                                                                              no-unused-vars
  Line 225:28:  'setShowPrintModal' is assigned a value but never used                                                                                                                                                                                                                                                                                                                           no-unused-vars
  Line 256:12:  'approvalPolicy' is assigned a value but never used                                                                                                                                                                                                                                                                                                                              no-unused-vars
  Line 585:8:   React Hook useEffect has missing dependencies: 'availMap', 'globalSettings.GLOBAL_TAX_PERCENT', 'globalSettings.GLOBAL_VAT_PERCENT', 'productById', and 'propProjectId'. Either include them or remove the dependency array. You can also replace multiple useState variables with useReducer if 'setVatPercent' needs the current value of 'globalSettings.GLOBAL_VAT_PERCENT'  react-hooks/exhaustive-deps

src\components\workflow\WorkflowBuilder.js
  Line 118:12:  'adminConfig' is assigned a value but never used                                                                                                                                                                                                                                     no-unused-vars
  Line 300:8:   React Hook useEffect has missing dependencies: 'flow.fileRequirements', 'flow.initialStage', 'flow.notifications', 'flow.requiredApprovals', 'flow.stages', 'flow.transitions', 'flow.visualLayout', 'setEdges', and 'setNodes'. Either include them or remove the dependency array  react-hooks/exhaustive-deps
  Line 303:9:   React Hook useEffect has a complex expression in the dependency array. Extract it to a separate variable so it can be statically checked                                                                                                                                             react-hooks/exhaustive-deps
  Line 304:9:   React Hook useEffect has a complex expression in the dependency array. Extract it to a separate variable so it can be statically checked                                                                                                                                             react-hooks/exhaustive-deps
  Line 305:9:   React Hook useEffect has a complex expression in the dependency array. Extract it to a separate variable so it can be statically checked                                                                                                                                             react-hooks/exhaustive-deps
  Line 306:9:   React Hook useEffect has a complex expression in the dependency array. Extract it to a separate variable so it can be statically checked                                                                                                                                             react-hooks/exhaustive-deps
  Line 307:9:   React Hook useEffect has a complex expression in the dependency array. Extract it to a separate variable so it can be statically checked                                                                                                                                             react-hooks/exhaustive-deps
  Line 308:9:   React Hook useEffect has a complex expression in the dependency array. Extract it to a separate variable so it can be statically checked                                                                                                                                             react-hooks/exhaustive-deps

webpack compiled with 1 warning
Compiling...
Compiled with warnings.

[eslint] 
src\components\Inventory\InventoryView.js
  Line 5:8:    'Select' is defined but never used                                                                                 no-unused-vars
  Line 18:31:  'setSelectedLocations' is assigned a value but never used                                                          no-unused-vars
  Line 20:28:  'setSupplierFilter' is assigned a value but never used                                                             no-unused-vars
  Line 21:26:  'setExpiryFilter' is assigned a value but never used                                                               no-unused-vars
  Line 38:8:   React Hook useEffect has a missing dependency: 'fetchLocations'. Either include it or remove the dependency array  react-hooks/exhaustive-deps

src\components\Project\ProjectDetails.js
  Line 39:11:   'userModules' is assigned a value but never used     no-unused-vars
  Line 180:11:  'openDatesModal' is assigned a value but never used  no-unused-vars
  Line 310:11:  'dueMeta' is assigned a value but never used         no-unused-vars

src\components\estimates\ProjectEstimationPage.js
  Line 225:12:  'showPrintModal' is assigned a value but never used                                                                                                                                                                                                                                                                                                                              no-unused-vars
  Line 225:28:  'setShowPrintModal' is assigned a value but never used                                                                                                                                                                                                                                                                                                                           no-unused-vars
  Line 256:12:  'approvalPolicy' is assigned a value but never used                                                                                                                                                                                                                                                                                                                              no-unused-vars
  Line 585:8:   React Hook useEffect has missing dependencies: 'availMap', 'globalSettings.GLOBAL_TAX_PERCENT', 'globalSettings.GLOBAL_VAT_PERCENT', 'productById', and 'propProjectId'. Either include them or remove the dependency array. You can also replace multiple useState variables with useReducer if 'setVatPercent' needs the current value of 'globalSettings.GLOBAL_VAT_PERCENT'  react-hooks/exhaustive-deps

src\components\workflow\WorkflowBuilder.js
  Line 118:12:  'adminConfig' is assigned a value but never used                                                                                                                                                                                                                                     no-unused-vars
  Line 300:8:   React Hook useEffect has missing dependencies: 'flow.fileRequirements', 'flow.initialStage', 'flow.notifications', 'flow.requiredApprovals', 'flow.stages', 'flow.transitions', 'flow.visualLayout', 'setEdges', and 'setNodes'. Either include them or remove the dependency array  react-hooks/exhaustive-deps
  Line 303:9:   React Hook useEffect has a complex expression in the dependency array. Extract it to a separate variable so it can be statically checked                                                                                                                                             react-hooks/exhaustive-deps
  Line 304:9:   React Hook useEffect has a complex expression in the dependency array. Extract it to a separate variable so it can be statically checked                                                                                                                                             react-hooks/exhaustive-deps
  Line 305:9:   React Hook useEffect has a complex expression in the dependency array. Extract it to a separate variable so it can be statically checked                                                                                                                                             react-hooks/exhaustive-deps
  Line 306:9:   React Hook useEffect has a complex expression in the dependency array. Extract it to a separate variable so it can be statically checked                                                                                                                                             react-hooks/exhaustive-deps
  Line 307:9:   React Hook useEffect has a complex expression in the dependency array. Extract it to a separate variable so it can be statically checked                                                                                                                                             react-hooks/exhaustive-deps
  Line 308:9:   React Hook useEffect has a complex expression in the dependency array. Extract it to a separate variable so it can be statically checked                                                                                                                                             react-hooks/exhaustive-deps

Search for the keywords to learn more about each warning.
To ignore, add // eslint-disable-next-line to the line before.

WARNING in [eslint] 
src\components\Inventory\InventoryView.js
  Line 5:8:    'Select' is defined but never used                                                                                 no-unused-vars
  Line 18:31:  'setSelectedLocations' is assigned a value but never used                                                          no-unused-vars
  Line 20:28:  'setSupplierFilter' is assigned a value but never used                                                             no-unused-vars
  Line 21:26:  'setExpiryFilter' is assigned a value but never used                                                               no-unused-vars
  Line 38:8:   React Hook useEffect has a missing dependency: 'fetchLocations'. Either include it or remove the dependency array  react-hooks/exhaustive-deps

src\components\Project\ProjectDetails.js
  Line 39:11:   'userModules' is assigned a value but never used     no-unused-vars
  Line 180:11:  'openDatesModal' is assigned a value but never used  no-unused-vars
  Line 310:11:  'dueMeta' is assigned a value but never used         no-unused-vars

src\components\estimates\ProjectEstimationPage.js
  Line 225:12:  'showPrintModal' is assigned a value but never used                                                                                                                                                                                                                                                                                                                              no-unused-vars
  Line 225:28:  'setShowPrintModal' is assigned a value but never used                                                                                                                                                                                                                                                                                                                           no-unused-vars
  Line 256:12:  'approvalPolicy' is assigned a value but never used                                                                                                                                                                                                                                                                                                                              no-unused-vars
  Line 585:8:   React Hook useEffect has missing dependencies: 'availMap', 'globalSettings.GLOBAL_TAX_PERCENT', 'globalSettings.GLOBAL_VAT_PERCENT', 'productById', and 'propProjectId'. Either include them or remove the dependency array. You can also replace multiple useState variables with useReducer if 'setVatPercent' needs the current value of 'globalSettings.GLOBAL_VAT_PERCENT'  react-hooks/exhaustive-deps

src\components\workflow\WorkflowBuilder.js
  Line 118:12:  'adminConfig' is assigned a value but never used                                                                                                                                                                                                                                     no-unused-vars
  Line 300:8:   React Hook useEffect has missing dependencies: 'flow.fileRequirements', 'flow.initialStage', 'flow.notifications', 'flow.requiredApprovals', 'flow.stages', 'flow.transitions', 'flow.visualLayout', 'setEdges', and 'setNodes'. Either include them or remove the dependency array  react-hooks/exhaustive-deps
  Line 303:9:   React Hook useEffect has a complex expression in the dependency array. Extract it to a separate variable so it can be statically checked                                                                                                                                             react-hooks/exhaustive-deps
  Line 304:9:   React Hook useEffect has a complex expression in the dependency array. Extract it to a separate variable so it can be statically checked                                                                                                                                             react-hooks/exhaustive-deps
  Line 305:9:   React Hook useEffect has a complex expression in the dependency array. Extract it to a separate variable so it can be statically checked                                                                                                                                             react-hooks/exhaustive-deps
  Line 306:9:   React Hook useEffect has a complex expression in the dependency array. Extract it to a separate variable so it can be statically checked                                                                                                                                             react-hooks/exhaustive-deps
  Line 307:9:   React Hook useEffect has a complex expression in the dependency array. Extract it to a separate variable so it can be statically checked                                                                                                                                             react-hooks/exhaustive-deps
  Line 308:9:   React Hook useEffect has a complex expression in the dependency array. Extract it to a separate variable so it can be statically checked                                                                                                                                             react-hooks/exhaustive-deps

webpack compiled with 1 warning
Compiling...
Compiled with warnings.

[eslint] 
src\components\Inventory\InventoryView.js
  Line 5:8:    'Select' is defined but never used                                                                                 no-unused-vars
  Line 18:31:  'setSelectedLocations' is assigned a value but never used                                                          no-unused-vars
  Line 20:28:  'setSupplierFilter' is assigned a value but never used                                                             no-unused-vars
  Line 21:26:  'setExpiryFilter' is assigned a value but never used                                                               no-unused-vars
  Line 38:8:   React Hook useEffect has a missing dependency: 'fetchLocations'. Either include it or remove the dependency array  react-hooks/exhaustive-deps

src\components\Project\ProjectDetails.js
  Line 39:11:   'userModules' is assigned a value but never used     no-unused-vars
  Line 180:11:  'openDatesModal' is assigned a value but never used  no-unused-vars
  Line 310:11:  'dueMeta' is assigned a value but never used         no-unused-vars

src\components\estimates\ProjectEstimationPage.js
  Line 225:12:  'showPrintModal' is assigned a value but never used                                                                                                                                                                                                                                                                                                                              no-unused-vars
  Line 225:28:  'setShowPrintModal' is assigned a value but never used                                                                                                                                                                                                                                                                                                                           no-unused-vars
  Line 256:12:  'approvalPolicy' is assigned a value but never used                                                                                                                                                                                                                                                                                                                              no-unused-vars
  Line 585:8:   React Hook useEffect has missing dependencies: 'availMap', 'globalSettings.GLOBAL_TAX_PERCENT', 'globalSettings.GLOBAL_VAT_PERCENT', 'productById', and 'propProjectId'. Either include them or remove the dependency array. You can also replace multiple useState variables with useReducer if 'setVatPercent' needs the current value of 'globalSettings.GLOBAL_VAT_PERCENT'  react-hooks/exhaustive-deps

src\components\workflow\WorkflowBuilder.js
  Line 118:12:  'adminConfig' is assigned a value but never used                                                                                                                                                                                                                                     no-unused-vars
  Line 300:8:   React Hook useEffect has missing dependencies: 'flow.fileRequirements', 'flow.initialStage', 'flow.notifications', 'flow.requiredApprovals', 'flow.stages', 'flow.transitions', 'flow.visualLayout', 'setEdges', and 'setNodes'. Either include them or remove the dependency array  react-hooks/exhaustive-deps
  Line 303:9:   React Hook useEffect has a complex expression in the dependency array. Extract it to a separate variable so it can be statically checked                                                                                                                                             react-hooks/exhaustive-deps
  Line 304:9:   React Hook useEffect has a complex expression in the dependency array. Extract it to a separate variable so it can be statically checked                                                                                                                                             react-hooks/exhaustive-deps
  Line 305:9:   React Hook useEffect has a complex expression in the dependency array. Extract it to a separate variable so it can be statically checked                                                                                                                                             react-hooks/exhaustive-deps
  Line 306:9:   React Hook useEffect has a complex expression in the dependency array. Extract it to a separate variable so it can be statically checked                                                                                                                                             react-hooks/exhaustive-deps
  Line 307:9:   React Hook useEffect has a complex expression in the dependency array. Extract it to a separate variable so it can be statically checked                                                                                                                                             react-hooks/exhaustive-deps
  Line 308:9:   React Hook useEffect has a complex expression in the dependency array. Extract it to a separate variable so it can be statically checked                                                                                                                                             react-hooks/exhaustive-deps

Search for the keywords to learn more about each warning.
To ignore, add // eslint-disable-next-line to the line before.

WARNING in [eslint] 
src\components\Inventory\InventoryView.js
  Line 5:8:    'Select' is defined but never used                                                                                 no-unused-vars
  Line 18:31:  'setSelectedLocations' is assigned a value but never used                                                          no-unused-vars
  Line 20:28:  'setSupplierFilter' is assigned a value but never used                                                             no-unused-vars
  Line 21:26:  'setExpiryFilter' is assigned a value but never used                                                               no-unused-vars
  Line 38:8:   React Hook useEffect has a missing dependency: 'fetchLocations'. Either include it or remove the dependency array  react-hooks/exhaustive-deps

src\components\Project\ProjectDetails.js
  Line 39:11:   'userModules' is assigned a value but never used     no-unused-vars
  Line 180:11:  'openDatesModal' is assigned a value but never used  no-unused-vars
  Line 310:11:  'dueMeta' is assigned a value but never used         no-unused-vars

src\components\estimates\ProjectEstimationPage.js
  Line 225:12:  'showPrintModal' is assigned a value but never used                                                                                                                                                                                                                                                                                                                              no-unused-vars
  Line 225:28:  'setShowPrintModal' is assigned a value but never used                                                                                                                                                                                                                                                                                                                           no-unused-vars
  Line 256:12:  'approvalPolicy' is assigned a value but never used                                                                                                                                                                                                                                                                                                                              no-unused-vars
  Line 585:8:   React Hook useEffect has missing dependencies: 'availMap', 'globalSettings.GLOBAL_TAX_PERCENT', 'globalSettings.GLOBAL_VAT_PERCENT', 'productById', and 'propProjectId'. Either include them or remove the dependency array. You can also replace multiple useState variables with useReducer if 'setVatPercent' needs the current value of 'globalSettings.GLOBAL_VAT_PERCENT'  react-hooks/exhaustive-deps

src\components\workflow\WorkflowBuilder.js
  Line 118:12:  'adminConfig' is assigned a value but never used                                                                                                                                                                                                                                     no-unused-vars
  Line 300:8:   React Hook useEffect has missing dependencies: 'flow.fileRequirements', 'flow.initialStage', 'flow.notifications', 'flow.requiredApprovals', 'flow.stages', 'flow.transitions', 'flow.visualLayout', 'setEdges', and 'setNodes'. Either include them or remove the dependency array  react-hooks/exhaustive-deps
  Line 303:9:   React Hook useEffect has a complex expression in the dependency array. Extract it to a separate variable so it can be statically checked                                                                                                                                             react-hooks/exhaustive-deps
  Line 304:9:   React Hook useEffect has a complex expression in the dependency array. Extract it to a separate variable so it can be statically checked                                                                                                                                             react-hooks/exhaustive-deps
  Line 305:9:   React Hook useEffect has a complex expression in the dependency array. Extract it to a separate variable so it can be statically checked                                                                                                                                             react-hooks/exhaustive-deps
  Line 306:9:   React Hook useEffect has a complex expression in the dependency array. Extract it to a separate variable so it can be statically checked                                                                                                                                             react-hooks/exhaustive-deps
  Line 307:9:   React Hook useEffect has a complex expression in the dependency array. Extract it to a separate variable so it can be statically checked                                                                                                                                             react-hooks/exhaustive-deps
  Line 308:9:   React Hook useEffect has a complex expression in the dependency array. Extract it to a separate variable so it can be statically checked                                                                                                                                             react-hooks/exhaustive-deps

webpack compiled with 1 warning
Compiling...
Compiled with warnings.

[eslint] 
src\components\Inventory\InventoryView.js
  Line 5:8:    'Select' is defined but never used                                                                                 no-unused-vars
  Line 18:31:  'setSelectedLocations' is assigned a value but never used                                                          no-unused-vars
  Line 20:28:  'setSupplierFilter' is assigned a value but never used                                                             no-unused-vars
  Line 21:26:  'setExpiryFilter' is assigned a value but never used                                                               no-unused-vars
  Line 38:8:   React Hook useEffect has a missing dependency: 'fetchLocations'. Either include it or remove the dependency array  react-hooks/exhaustive-deps

src\components\Project\ProjectDetails.js
  Line 39:11:   'userModules' is assigned a value but never used     no-unused-vars
  Line 180:11:  'openDatesModal' is assigned a value but never used  no-unused-vars
  Line 310:11:  'dueMeta' is assigned a value but never used         no-unused-vars

src\components\estimates\ProjectEstimationPage.js
  Line 225:12:  'showPrintModal' is assigned a value but never used                                                                                                                                                                                                                                                                                                                              no-unused-vars
  Line 225:28:  'setShowPrintModal' is assigned a value but never used                                                                                                                                                                                                                                                                                                                           no-unused-vars
  Line 256:12:  'approvalPolicy' is assigned a value but never used                                                                                                                                                                                                                                                                                                                              no-unused-vars
  Line 585:8:   React Hook useEffect has missing dependencies: 'availMap', 'globalSettings.GLOBAL_TAX_PERCENT', 'globalSettings.GLOBAL_VAT_PERCENT', 'productById', and 'propProjectId'. Either include them or remove the dependency array. You can also replace multiple useState variables with useReducer if 'setVatPercent' needs the current value of 'globalSettings.GLOBAL_VAT_PERCENT'  react-hooks/exhaustive-deps

src\components\workflow\WorkflowBuilder.js
  Line 118:12:  'adminConfig' is assigned a value but never used                                                                                                                                                                                                                                     no-unused-vars
  Line 300:8:   React Hook useEffect has missing dependencies: 'flow.fileRequirements', 'flow.initialStage', 'flow.notifications', 'flow.requiredApprovals', 'flow.stages', 'flow.transitions', 'flow.visualLayout', 'setEdges', and 'setNodes'. Either include them or remove the dependency array  react-hooks/exhaustive-deps
  Line 303:9:   React Hook useEffect has a complex expression in the dependency array. Extract it to a separate variable so it can be statically checked                                                                                                                                             react-hooks/exhaustive-deps
  Line 304:9:   React Hook useEffect has a complex expression in the dependency array. Extract it to a separate variable so it can be statically checked                                                                                                                                             react-hooks/exhaustive-deps
  Line 305:9:   React Hook useEffect has a complex expression in the dependency array. Extract it to a separate variable so it can be statically checked                                                                                                                                             react-hooks/exhaustive-deps
  Line 306:9:   React Hook useEffect has a complex expression in the dependency array. Extract it to a separate variable so it can be statically checked                                                                                                                                             react-hooks/exhaustive-deps
  Line 307:9:   React Hook useEffect has a complex expression in the dependency array. Extract it to a separate variable so it can be statically checked                                                                                                                                             react-hooks/exhaustive-deps
  Line 308:9:   React Hook useEffect has a complex expression in the dependency array. Extract it to a separate variable so it can be statically checked                                                                                                                                             react-hooks/exhaustive-deps

Search for the keywords to learn more about each warning.
To ignore, add // eslint-disable-next-line to the line before.

WARNING in [eslint] 
src\components\Inventory\InventoryView.js
  Line 5:8:    'Select' is defined but never used                                                                                 no-unused-vars
  Line 18:31:  'setSelectedLocations' is assigned a value but never used                                                          no-unused-vars
  Line 20:28:  'setSupplierFilter' is assigned a value but never used                                                             no-unused-vars
  Line 21:26:  'setExpiryFilter' is assigned a value but never used                                                               no-unused-vars
  Line 38:8:   React Hook useEffect has a missing dependency: 'fetchLocations'. Either include it or remove the dependency array  react-hooks/exhaustive-deps

src\components\Project\ProjectDetails.js
  Line 39:11:   'userModules' is assigned a value but never used     no-unused-vars
  Line 180:11:  'openDatesModal' is assigned a value but never used  no-unused-vars
  Line 310:11:  'dueMeta' is assigned a value but never used         no-unused-vars

src\components\estimates\ProjectEstimationPage.js
  Line 225:12:  'showPrintModal' is assigned a value but never used                                                                                                                                                                                                                                                                                                                              no-unused-vars
  Line 225:28:  'setShowPrintModal' is assigned a value but never used                                                                                                                                                                                                                                                                                                                           no-unused-vars
  Line 256:12:  'approvalPolicy' is assigned a value but never used                                                                                                                                                                                                                                                                                                                              no-unused-vars
  Line 585:8:   React Hook useEffect has missing dependencies: 'availMap', 'globalSettings.GLOBAL_TAX_PERCENT', 'globalSettings.GLOBAL_VAT_PERCENT', 'productById', and 'propProjectId'. Either include them or remove the dependency array. You can also replace multiple useState variables with useReducer if 'setVatPercent' needs the current value of 'globalSettings.GLOBAL_VAT_PERCENT'  react-hooks/exhaustive-deps

src\components\workflow\WorkflowBuilder.js
  Line 118:12:  'adminConfig' is assigned a value but never used                                                                                                                                                                                                                                     no-unused-vars
  Line 300:8:   React Hook useEffect has missing dependencies: 'flow.fileRequirements', 'flow.initialStage', 'flow.notifications', 'flow.requiredApprovals', 'flow.stages', 'flow.transitions', 'flow.visualLayout', 'setEdges', and 'setNodes'. Either include them or remove the dependency array  react-hooks/exhaustive-deps
  Line 303:9:   React Hook useEffect has a complex expression in the dependency array. Extract it to a separate variable so it can be statically checked                                                                                                                                             react-hooks/exhaustive-deps
  Line 304:9:   React Hook useEffect has a complex expression in the dependency array. Extract it to a separate variable so it can be statically checked                                                                                                                                             react-hooks/exhaustive-deps
  Line 305:9:   React Hook useEffect has a complex expression in the dependency array. Extract it to a separate variable so it can be statically checked                                                                                                                                             react-hooks/exhaustive-deps
  Line 306:9:   React Hook useEffect has a complex expression in the dependency array. Extract it to a separate variable so it can be statically checked                                                                                                                                             react-hooks/exhaustive-deps
  Line 307:9:   React Hook useEffect has a complex expression in the dependency array. Extract it to a separate variable so it can be statically checked                                                                                                                                             react-hooks/exhaustive-deps
  Line 308:9:   React Hook useEffect has a complex expression in the dependency array. Extract it to a separate variable so it can be statically checked                                                                                                                                             react-hooks/exhaustive-deps

webpack compiled with 1 warning
Compiling...
Compiled with warnings.

[eslint] 
src\components\Inventory\InventoryView.js
  Line 5:8:    'Select' is defined but never used                                                                                 no-unused-vars
  Line 18:31:  'setSelectedLocations' is assigned a value but never used                                                          no-unused-vars
  Line 20:28:  'setSupplierFilter' is assigned a value but never used                                                             no-unused-vars
  Line 21:26:  'setExpiryFilter' is assigned a value but never used                                                               no-unused-vars
  Line 38:8:   React Hook useEffect has a missing dependency: 'fetchLocations'. Either include it or remove the dependency array  react-hooks/exhaustive-deps

src\components\Project\ProjectDetails.js
  Line 39:11:   'userModules' is assigned a value but never used     no-unused-vars
  Line 180:11:  'openDatesModal' is assigned a value but never used  no-unused-vars
  Line 310:11:  'dueMeta' is assigned a value but never used         no-unused-vars

src\components\estimates\ProjectEstimationPage.js
  Line 38:7:    'saveDraftEstimationAPI' is assigned a value but never used                                                                                                                                                                                                                                                                                                                      no-unused-vars
  Line 39:7:    'promoteDraftEstimationAPI' is assigned a value but never used                                                                                                                                                                                                                                                                                                                   no-unused-vars
  Line 40:7:    'discardDraftEstimationAPI' is assigned a value but never used                                                                                                                                                                                                                                                                                                                   no-unused-vars
  Line 78:7:    'ESTIMATION_AUTOSAVE_DELAY_MS' is assigned a value but never used                                                                                                                                                                                                                                                                                                                no-unused-vars
  Line 229:12:  'showPrintModal' is assigned a value but never used                                                                                                                                                                                                                                                                                                                              no-unused-vars
  Line 229:28:  'setShowPrintModal' is assigned a value but never used                                                                                                                                                                                                                                                                                                                           no-unused-vars
  Line 260:12:  'approvalPolicy' is assigned a value but never used                                                                                                                                                                                                                                                                                                                              no-unused-vars
  Line 589:8:   React Hook useEffect has missing dependencies: 'availMap', 'globalSettings.GLOBAL_TAX_PERCENT', 'globalSettings.GLOBAL_VAT_PERCENT', 'productById', and 'propProjectId'. Either include them or remove the dependency array. You can also replace multiple useState variables with useReducer if 'setVatPercent' needs the current value of 'globalSettings.GLOBAL_VAT_PERCENT'  react-hooks/exhaustive-deps

src\components\workflow\WorkflowBuilder.js
  Line 118:12:  'adminConfig' is assigned a value but never used                                                                                                                                                                                                                                     no-unused-vars
  Line 300:8:   React Hook useEffect has missing dependencies: 'flow.fileRequirements', 'flow.initialStage', 'flow.notifications', 'flow.requiredApprovals', 'flow.stages', 'flow.transitions', 'flow.visualLayout', 'setEdges', and 'setNodes'. Either include them or remove the dependency array  react-hooks/exhaustive-deps
  Line 303:9:   React Hook useEffect has a complex expression in the dependency array. Extract it to a separate variable so it can be statically checked                                                                                                                                             react-hooks/exhaustive-deps
  Line 304:9:   React Hook useEffect has a complex expression in the dependency array. Extract it to a separate variable so it can be statically checked                                                                                                                                             react-hooks/exhaustive-deps
  Line 305:9:   React Hook useEffect has a complex expression in the dependency array. Extract it to a separate variable so it can be statically checked                                                                                                                                             react-hooks/exhaustive-deps
  Line 306:9:   React Hook useEffect has a complex expression in the dependency array. Extract it to a separate variable so it can be statically checked                                                                                                                                             react-hooks/exhaustive-deps
  Line 307:9:   React Hook useEffect has a complex expression in the dependency array. Extract it to a separate variable so it can be statically checked                                                                                                                                             react-hooks/exhaustive-deps
  Line 308:9:   React Hook useEffect has a complex expression in the dependency array. Extract it to a separate variable so it can be statically checked                                                                                                                                             react-hooks/exhaustive-deps

Search for the keywords to learn more about each warning.
To ignore, add // eslint-disable-next-line to the line before.

WARNING in [eslint] 
src\components\Inventory\InventoryView.js
  Line 5:8:    'Select' is defined but never used                                                                                 no-unused-vars
  Line 18:31:  'setSelectedLocations' is assigned a value but never used                                                          no-unused-vars
  Line 20:28:  'setSupplierFilter' is assigned a value but never used                                                             no-unused-vars
  Line 21:26:  'setExpiryFilter' is assigned a value but never used                                                               no-unused-vars
  Line 38:8:   React Hook useEffect has a missing dependency: 'fetchLocations'. Either include it or remove the dependency array  react-hooks/exhaustive-deps

src\components\Project\ProjectDetails.js
  Line 39:11:   'userModules' is assigned a value but never used     no-unused-vars
  Line 180:11:  'openDatesModal' is assigned a value but never used  no-unused-vars
  Line 310:11:  'dueMeta' is assigned a value but never used         no-unused-vars

src\components\estimates\ProjectEstimationPage.js
  Line 38:7:    'saveDraftEstimationAPI' is assigned a value but never used                                                                                                                                                                                                                                                                                                                      no-unused-vars
  Line 39:7:    'promoteDraftEstimationAPI' is assigned a value but never used                                                                                                                                                                                                                                                                                                                   no-unused-vars
  Line 40:7:    'discardDraftEstimationAPI' is assigned a value but never used                                                                                                                                                                                                                                                                                                                   no-unused-vars
  Line 78:7:    'ESTIMATION_AUTOSAVE_DELAY_MS' is assigned a value but never used                                                                                                                                                                                                                                                                                                                no-unused-vars
  Line 229:12:  'showPrintModal' is assigned a value but never used                                                                                                                                                                                                                                                                                                                              no-unused-vars
  Line 229:28:  'setShowPrintModal' is assigned a value but never used                                                                                                                                                                                                                                                                                                                           no-unused-vars
  Line 260:12:  'approvalPolicy' is assigned a value but never used                                                                                                                                                                                                                                                                                                                              no-unused-vars
  Line 589:8:   React Hook useEffect has missing dependencies: 'availMap', 'globalSettings.GLOBAL_TAX_PERCENT', 'globalSettings.GLOBAL_VAT_PERCENT', 'productById', and 'propProjectId'. Either include them or remove the dependency array. You can also replace multiple useState variables with useReducer if 'setVatPercent' needs the current value of 'globalSettings.GLOBAL_VAT_PERCENT'  react-hooks/exhaustive-deps

src\components\workflow\WorkflowBuilder.js
  Line 118:12:  'adminConfig' is assigned a value but never used                                                                                                                                                                                                                                     no-unused-vars
  Line 300:8:   React Hook useEffect has missing dependencies: 'flow.fileRequirements', 'flow.initialStage', 'flow.notifications', 'flow.requiredApprovals', 'flow.stages', 'flow.transitions', 'flow.visualLayout', 'setEdges', and 'setNodes'. Either include them or remove the dependency array  react-hooks/exhaustive-deps
  Line 303:9:   React Hook useEffect has a complex expression in the dependency array. Extract it to a separate variable so it can be statically checked                                                                                                                                             react-hooks/exhaustive-deps
  Line 304:9:   React Hook useEffect has a complex expression in the dependency array. Extract it to a separate variable so it can be statically checked                                                                                                                                             react-hooks/exhaustive-deps
  Line 305:9:   React Hook useEffect has a complex expression in the dependency array. Extract it to a separate variable so it can be statically checked                                                                                                                                             react-hooks/exhaustive-deps
  Line 306:9:   React Hook useEffect has a complex expression in the dependency array. Extract it to a separate variable so it can be statically checked                                                                                                                                             react-hooks/exhaustive-deps
  Line 307:9:   React Hook useEffect has a complex expression in the dependency array. Extract it to a separate variable so it can be statically checked                                                                                                                                             react-hooks/exhaustive-deps
  Line 308:9:   React Hook useEffect has a complex expression in the dependency array. Extract it to a separate variable so it can be statically checked                                                                                                                                             react-hooks/exhaustive-deps

webpack compiled with 1 warning
Compiling...
Compiled with warnings.

[eslint] 
src\components\Inventory\InventoryView.js
  Line 5:8:    'Select' is defined but never used                                                                                 no-unused-vars
  Line 18:31:  'setSelectedLocations' is assigned a value but never used                                                          no-unused-vars
  Line 20:28:  'setSupplierFilter' is assigned a value but never used                                                             no-unused-vars
  Line 21:26:  'setExpiryFilter' is assigned a value but never used                                                               no-unused-vars
  Line 38:8:   React Hook useEffect has a missing dependency: 'fetchLocations'. Either include it or remove the dependency array  react-hooks/exhaustive-deps

src\components\Project\ProjectDetails.js
  Line 39:11:   'userModules' is assigned a value but never used     no-unused-vars
  Line 180:11:  'openDatesModal' is assigned a value but never used  no-unused-vars
  Line 310:11:  'dueMeta' is assigned a value but never used         no-unused-vars

src\components\estimates\ProjectEstimationPage.js
  Line 38:7:    'saveDraftEstimationAPI' is assigned a value but never used                                                                                                                                                                                                                                                                                                                      no-unused-vars
  Line 39:7:    'promoteDraftEstimationAPI' is assigned a value but never used                                                                                                                                                                                                                                                                                                                   no-unused-vars
  Line 40:7:    'discardDraftEstimationAPI' is assigned a value but never used                                                                                                                                                                                                                                                                                                                   no-unused-vars
  Line 78:7:    'ESTIMATION_AUTOSAVE_DELAY_MS' is assigned a value but never used                                                                                                                                                                                                                                                                                                                no-unused-vars
  Line 229:12:  'showPrintModal' is assigned a value but never used                                                                                                                                                                                                                                                                                                                              no-unused-vars
  Line 229:28:  'setShowPrintModal' is assigned a value but never used                                                                                                                                                                                                                                                                                                                           no-unused-vars
  Line 260:12:  'approvalPolicy' is assigned a value but never used                                                                                                                                                                                                                                                                                                                              no-unused-vars
  Line 285:11:  'autosaveTimerRef' is assigned a value but never used                                                                                                                                                                                                                                                                                                                            no-unused-vars
  Line 286:11:  'autosavePromiseRef' is assigned a value but never used                                                                                                                                                                                                                                                                                                                          no-unused-vars
  Line 287:11:  'lastDraftSignatureRef' is assigned a value but never used                                                                                                                                                                                                                                                                                                                       no-unused-vars
  Line 288:11:  'pendingNavigationRef' is assigned a value but never used                                                                                                                                                                                                                                                                                                                        no-unused-vars
  Line 289:12:  'latestDraft' is assigned a value but never used                                                                                                                                                                                                                                                                                                                                 no-unused-vars
  Line 289:25:  'setLatestDraft' is assigned a value but never used                                                                                                                                                                                                                                                                                                                              no-unused-vars
  Line 290:12:  'saveHistory' is assigned a value but never used                                                                                                                                                                                                                                                                                                                                 no-unused-vars
  Line 290:25:  'setSaveHistory' is assigned a value but never used                                                                                                                                                                                                                                                                                                                              no-unused-vars
  Line 291:12:  'autosaveStatus' is assigned a value but never used                                                                                                                                                                                                                                                                                                                              no-unused-vars
  Line 291:28:  'setAutosaveStatus' is assigned a value but never used                                                                                                                                                                                                                                                                                                                           no-unused-vars
  Line 292:12:  'autosaveError' is assigned a value but never used                                                                                                                                                                                                                                                                                                                               no-unused-vars
  Line 292:27:  'setAutosaveError' is assigned a value but never used                                                                                                                                                                                                                                                                                                                            no-unused-vars
  Line 293:12:  'showLeaveConfirmModal' is assigned a value but never used                                                                                                                                                                                                                                                                                                                       no-unused-vars
  Line 293:35:  'setShowLeaveConfirmModal' is assigned a value but never used                                                                                                                                                                                                                                                                                                                    no-unused-vars
  Line 598:8:   React Hook useEffect has missing dependencies: 'availMap', 'globalSettings.GLOBAL_TAX_PERCENT', 'globalSettings.GLOBAL_VAT_PERCENT', 'productById', and 'propProjectId'. Either include them or remove the dependency array. You can also replace multiple useState variables with useReducer if 'setVatPercent' needs the current value of 'globalSettings.GLOBAL_VAT_PERCENT'  react-hooks/exhaustive-deps

src\components\workflow\WorkflowBuilder.js
  Line 118:12:  'adminConfig' is assigned a value but never used                                                                                                                                                                                                                                     no-unused-vars
  Line 300:8:   React Hook useEffect has missing dependencies: 'flow.fileRequirements', 'flow.initialStage', 'flow.notifications', 'flow.requiredApprovals', 'flow.stages', 'flow.transitions', 'flow.visualLayout', 'setEdges', and 'setNodes'. Either include them or remove the dependency array  react-hooks/exhaustive-deps
  Line 303:9:   React Hook useEffect has a complex expression in the dependency array. Extract it to a separate variable so it can be statically checked                                                                                                                                             react-hooks/exhaustive-deps
  Line 304:9:   React Hook useEffect has a complex expression in the dependency array. Extract it to a separate variable so it can be statically checked                                                                                                                                             react-hooks/exhaustive-deps
  Line 305:9:   React Hook useEffect has a complex expression in the dependency array. Extract it to a separate variable so it can be statically checked                                                                                                                                             react-hooks/exhaustive-deps
  Line 306:9:   React Hook useEffect has a complex expression in the dependency array. Extract it to a separate variable so it can be statically checked                                                                                                                                             react-hooks/exhaustive-deps
  Line 307:9:   React Hook useEffect has a complex expression in the dependency array. Extract it to a separate variable so it can be statically checked                                                                                                                                             react-hooks/exhaustive-deps
  Line 308:9:   React Hook useEffect has a complex expression in the dependency array. Extract it to a separate variable so it can be statically checked                                                                                                                                             react-hooks/exhaustive-deps

Search for the keywords to learn more about each warning.
To ignore, add // eslint-disable-next-line to the line before.

WARNING in [eslint] 
src\components\Inventory\InventoryView.js
  Line 5:8:    'Select' is defined but never used                                                                                 no-unused-vars
  Line 18:31:  'setSelectedLocations' is assigned a value but never used                                                          no-unused-vars
  Line 20:28:  'setSupplierFilter' is assigned a value but never used                                                             no-unused-vars
  Line 21:26:  'setExpiryFilter' is assigned a value but never used                                                               no-unused-vars
  Line 38:8:   React Hook useEffect has a missing dependency: 'fetchLocations'. Either include it or remove the dependency array  react-hooks/exhaustive-deps

src\components\Project\ProjectDetails.js
  Line 39:11:   'userModules' is assigned a value but never used     no-unused-vars
  Line 180:11:  'openDatesModal' is assigned a value but never used  no-unused-vars
  Line 310:11:  'dueMeta' is assigned a value but never used         no-unused-vars

src\components\estimates\ProjectEstimationPage.js
  Line 38:7:    'saveDraftEstimationAPI' is assigned a value but never used                                                                                                                                                                                                                                                                                                                      no-unused-vars
  Line 39:7:    'promoteDraftEstimationAPI' is assigned a value but never used                                                                                                                                                                                                                                                                                                                   no-unused-vars
  Line 40:7:    'discardDraftEstimationAPI' is assigned a value but never used                                                                                                                                                                                                                                                                                                                   no-unused-vars
  Line 78:7:    'ESTIMATION_AUTOSAVE_DELAY_MS' is assigned a value but never used                                                                                                                                                                                                                                                                                                                no-unused-vars
  Line 229:12:  'showPrintModal' is assigned a value but never used                                                                                                                                                                                                                                                                                                                              no-unused-vars
  Line 229:28:  'setShowPrintModal' is assigned a value but never used                                                                                                                                                                                                                                                                                                                           no-unused-vars
  Line 260:12:  'approvalPolicy' is assigned a value but never used                                                                                                                                                                                                                                                                                                                              no-unused-vars
  Line 285:11:  'autosaveTimerRef' is assigned a value but never used                                                                                                                                                                                                                                                                                                                            no-unused-vars
  Line 286:11:  'autosavePromiseRef' is assigned a value but never used                                                                                                                                                                                                                                                                                                                          no-unused-vars
  Line 287:11:  'lastDraftSignatureRef' is assigned a value but never used                                                                                                                                                                                                                                                                                                                       no-unused-vars
  Line 288:11:  'pendingNavigationRef' is assigned a value but never used                                                                                                                                                                                                                                                                                                                        no-unused-vars
  Line 289:12:  'latestDraft' is assigned a value but never used                                                                                                                                                                                                                                                                                                                                 no-unused-vars
  Line 289:25:  'setLatestDraft' is assigned a value but never used                                                                                                                                                                                                                                                                                                                              no-unused-vars
  Line 290:12:  'saveHistory' is assigned a value but never used                                                                                                                                                                                                                                                                                                                                 no-unused-vars
  Line 290:25:  'setSaveHistory' is assigned a value but never used                                                                                                                                                                                                                                                                                                                              no-unused-vars
  Line 291:12:  'autosaveStatus' is assigned a value but never used                                                                                                                                                                                                                                                                                                                              no-unused-vars
  Line 291:28:  'setAutosaveStatus' is assigned a value but never used                                                                                                                                                                                                                                                                                                                           no-unused-vars
  Line 292:12:  'autosaveError' is assigned a value but never used                                                                                                                                                                                                                                                                                                                               no-unused-vars
  Line 292:27:  'setAutosaveError' is assigned a value but never used                                                                                                                                                                                                                                                                                                                            no-unused-vars
  Line 293:12:  'showLeaveConfirmModal' is assigned a value but never used                                                                                                                                                                                                                                                                                                                       no-unused-vars
  Line 293:35:  'setShowLeaveConfirmModal' is assigned a value but never used                                                                                                                                                                                                                                                                                                                    no-unused-vars
  Line 598:8:   React Hook useEffect has missing dependencies: 'availMap', 'globalSettings.GLOBAL_TAX_PERCENT', 'globalSettings.GLOBAL_VAT_PERCENT', 'productById', and 'propProjectId'. Either include them or remove the dependency array. You can also replace multiple useState variables with useReducer if 'setVatPercent' needs the current value of 'globalSettings.GLOBAL_VAT_PERCENT'  react-hooks/exhaustive-deps

src\components\workflow\WorkflowBuilder.js
  Line 118:12:  'adminConfig' is assigned a value but never used                                                                                                                                                                                                                                     no-unused-vars
  Line 300:8:   React Hook useEffect has missing dependencies: 'flow.fileRequirements', 'flow.initialStage', 'flow.notifications', 'flow.requiredApprovals', 'flow.stages', 'flow.transitions', 'flow.visualLayout', 'setEdges', and 'setNodes'. Either include them or remove the dependency array  react-hooks/exhaustive-deps
  Line 303:9:   React Hook useEffect has a complex expression in the dependency array. Extract it to a separate variable so it can be statically checked                                                                                                                                             react-hooks/exhaustive-deps
  Line 304:9:   React Hook useEffect has a complex expression in the dependency array. Extract it to a separate variable so it can be statically checked                                                                                                                                             react-hooks/exhaustive-deps
  Line 305:9:   React Hook useEffect has a complex expression in the dependency array. Extract it to a separate variable so it can be statically checked                                                                                                                                             react-hooks/exhaustive-deps
  Line 306:9:   React Hook useEffect has a complex expression in the dependency array. Extract it to a separate variable so it can be statically checked                                                                                                                                             react-hooks/exhaustive-deps
  Line 307:9:   React Hook useEffect has a complex expression in the dependency array. Extract it to a separate variable so it can be statically checked                                                                                                                                             react-hooks/exhaustive-deps
  Line 308:9:   React Hook useEffect has a complex expression in the dependency array. Extract it to a separate variable so it can be statically checked                                                                                                                                             react-hooks/exhaustive-deps

webpack compiled with 1 warning
Compiling...
Compiled with warnings.

[eslint] 
src\components\Inventory\InventoryView.js
  Line 5:8:    'Select' is defined but never used                                                                                 no-unused-vars
  Line 18:31:  'setSelectedLocations' is assigned a value but never used                                                          no-unused-vars
  Line 20:28:  'setSupplierFilter' is assigned a value but never used                                                             no-unused-vars
  Line 21:26:  'setExpiryFilter' is assigned a value but never used                                                               no-unused-vars
  Line 38:8:   React Hook useEffect has a missing dependency: 'fetchLocations'. Either include it or remove the dependency array  react-hooks/exhaustive-deps

src\components\Project\ProjectDetails.js
  Line 39:11:   'userModules' is assigned a value but never used     no-unused-vars
  Line 180:11:  'openDatesModal' is assigned a value but never used  no-unused-vars
  Line 310:11:  'dueMeta' is assigned a value but never used         no-unused-vars

src\components\estimates\ProjectEstimationPage.js
  Line 38:7:    'saveDraftEstimationAPI' is assigned a value but never used                                                                                                                                                                                                                                                                                                                      no-unused-vars
  Line 39:7:    'promoteDraftEstimationAPI' is assigned a value but never used                                                                                                                                                                                                                                                                                                                   no-unused-vars
  Line 40:7:    'discardDraftEstimationAPI' is assigned a value but never used                                                                                                                                                                                                                                                                                                                   no-unused-vars
  Line 78:7:    'ESTIMATION_AUTOSAVE_DELAY_MS' is assigned a value but never used                                                                                                                                                                                                                                                                                                                no-unused-vars
  Line 229:12:  'showPrintModal' is assigned a value but never used                                                                                                                                                                                                                                                                                                                              no-unused-vars
  Line 229:28:  'setShowPrintModal' is assigned a value but never used                                                                                                                                                                                                                                                                                                                           no-unused-vars
  Line 260:12:  'approvalPolicy' is assigned a value but never used                                                                                                                                                                                                                                                                                                                              no-unused-vars
  Line 285:11:  'autosaveTimerRef' is assigned a value but never used                                                                                                                                                                                                                                                                                                                            no-unused-vars
  Line 286:11:  'autosavePromiseRef' is assigned a value but never used                                                                                                                                                                                                                                                                                                                          no-unused-vars
  Line 288:11:  'pendingNavigationRef' is assigned a value but never used                                                                                                                                                                                                                                                                                                                        no-unused-vars
  Line 289:12:  'latestDraft' is assigned a value but never used                                                                                                                                                                                                                                                                                                                                 no-unused-vars
  Line 290:12:  'saveHistory' is assigned a value but never used                                                                                                                                                                                                                                                                                                                                 no-unused-vars
  Line 291:12:  'autosaveStatus' is assigned a value but never used                                                                                                                                                                                                                                                                                                                              no-unused-vars
  Line 292:12:  'autosaveError' is assigned a value but never used                                                                                                                                                                                                                                                                                                                               no-unused-vars
  Line 292:27:  'setAutosaveError' is assigned a value but never used                                                                                                                                                                                                                                                                                                                            no-unused-vars
  Line 293:12:  'showLeaveConfirmModal' is assigned a value but never used                                                                                                                                                                                                                                                                                                                       no-unused-vars
  Line 293:35:  'setShowLeaveConfirmModal' is assigned a value but never used                                                                                                                                                                                                                                                                                                                    no-unused-vars
  Line 610:8:   React Hook useEffect has missing dependencies: 'availMap', 'globalSettings.GLOBAL_TAX_PERCENT', 'globalSettings.GLOBAL_VAT_PERCENT', 'productById', and 'propProjectId'. Either include them or remove the dependency array. You can also replace multiple useState variables with useReducer if 'setVatPercent' needs the current value of 'globalSettings.GLOBAL_VAT_PERCENT'  react-hooks/exhaustive-deps

src\components\workflow\WorkflowBuilder.js
  Line 118:12:  'adminConfig' is assigned a value but never used                                                                                                                                                                                                                                     no-unused-vars
  Line 300:8:   React Hook useEffect has missing dependencies: 'flow.fileRequirements', 'flow.initialStage', 'flow.notifications', 'flow.requiredApprovals', 'flow.stages', 'flow.transitions', 'flow.visualLayout', 'setEdges', and 'setNodes'. Either include them or remove the dependency array  react-hooks/exhaustive-deps
  Line 303:9:   React Hook useEffect has a complex expression in the dependency array. Extract it to a separate variable so it can be statically checked                                                                                                                                             react-hooks/exhaustive-deps
  Line 304:9:   React Hook useEffect has a complex expression in the dependency array. Extract it to a separate variable so it can be statically checked                                                                                                                                             react-hooks/exhaustive-deps
  Line 305:9:   React Hook useEffect has a complex expression in the dependency array. Extract it to a separate variable so it can be statically checked                                                                                                                                             react-hooks/exhaustive-deps
  Line 306:9:   React Hook useEffect has a complex expression in the dependency array. Extract it to a separate variable so it can be statically checked                                                                                                                                             react-hooks/exhaustive-deps
  Line 307:9:   React Hook useEffect has a complex expression in the dependency array. Extract it to a separate variable so it can be statically checked                                                                                                                                             react-hooks/exhaustive-deps
  Line 308:9:   React Hook useEffect has a complex expression in the dependency array. Extract it to a separate variable so it can be statically checked                                                                                                                                             react-hooks/exhaustive-deps

Search for the keywords to learn more about each warning.
To ignore, add // eslint-disable-next-line to the line before.

WARNING in [eslint] 
src\components\Inventory\InventoryView.js
  Line 5:8:    'Select' is defined but never used                                                                                 no-unused-vars
  Line 18:31:  'setSelectedLocations' is assigned a value but never used                                                          no-unused-vars
  Line 20:28:  'setSupplierFilter' is assigned a value but never used                                                             no-unused-vars
  Line 21:26:  'setExpiryFilter' is assigned a value but never used                                                               no-unused-vars
  Line 38:8:   React Hook useEffect has a missing dependency: 'fetchLocations'. Either include it or remove the dependency array  react-hooks/exhaustive-deps

src\components\Project\ProjectDetails.js
  Line 39:11:   'userModules' is assigned a value but never used     no-unused-vars
  Line 180:11:  'openDatesModal' is assigned a value but never used  no-unused-vars
  Line 310:11:  'dueMeta' is assigned a value but never used         no-unused-vars

src\components\estimates\ProjectEstimationPage.js
  Line 38:7:    'saveDraftEstimationAPI' is assigned a value but never used                                                                                                                                                                                                                                                                                                                      no-unused-vars
  Line 39:7:    'promoteDraftEstimationAPI' is assigned a value but never used                                                                                                                                                                                                                                                                                                                   no-unused-vars
  Line 40:7:    'discardDraftEstimationAPI' is assigned a value but never used                                                                                                                                                                                                                                                                                                                   no-unused-vars
  Line 78:7:    'ESTIMATION_AUTOSAVE_DELAY_MS' is assigned a value but never used                                                                                                                                                                                                                                                                                                                no-unused-vars
  Line 229:12:  'showPrintModal' is assigned a value but never used                                                                                                                                                                                                                                                                                                                              no-unused-vars
  Line 229:28:  'setShowPrintModal' is assigned a value but never used                                                                                                                                                                                                                                                                                                                           no-unused-vars
  Line 260:12:  'approvalPolicy' is assigned a value but never used                                                                                                                                                                                                                                                                                                                              no-unused-vars
  Line 285:11:  'autosaveTimerRef' is assigned a value but never used                                                                                                                                                                                                                                                                                                                            no-unused-vars
  Line 286:11:  'autosavePromiseRef' is assigned a value but never used                                                                                                                                                                                                                                                                                                                          no-unused-vars
  Line 288:11:  'pendingNavigationRef' is assigned a value but never used                                                                                                                                                                                                                                                                                                                        no-unused-vars
  Line 289:12:  'latestDraft' is assigned a value but never used                                                                                                                                                                                                                                                                                                                                 no-unused-vars
  Line 290:12:  'saveHistory' is assigned a value but never used                                                                                                                                                                                                                                                                                                                                 no-unused-vars
  Line 291:12:  'autosaveStatus' is assigned a value but never used                                                                                                                                                                                                                                                                                                                              no-unused-vars
  Line 292:12:  'autosaveError' is assigned a value but never used                                                                                                                                                                                                                                                                                                                               no-unused-vars
  Line 292:27:  'setAutosaveError' is assigned a value but never used                                                                                                                                                                                                                                                                                                                            no-unused-vars
  Line 293:12:  'showLeaveConfirmModal' is assigned a value but never used                                                                                                                                                                                                                                                                                                                       no-unused-vars
  Line 293:35:  'setShowLeaveConfirmModal' is assigned a value but never used                                                                                                                                                                                                                                                                                                                    no-unused-vars
  Line 610:8:   React Hook useEffect has missing dependencies: 'availMap', 'globalSettings.GLOBAL_TAX_PERCENT', 'globalSettings.GLOBAL_VAT_PERCENT', 'productById', and 'propProjectId'. Either include them or remove the dependency array. You can also replace multiple useState variables with useReducer if 'setVatPercent' needs the current value of 'globalSettings.GLOBAL_VAT_PERCENT'  react-hooks/exhaustive-deps

src\components\workflow\WorkflowBuilder.js
  Line 118:12:  'adminConfig' is assigned a value but never used                                                                                                                                                                                                                                     no-unused-vars
  Line 300:8:   React Hook useEffect has missing dependencies: 'flow.fileRequirements', 'flow.initialStage', 'flow.notifications', 'flow.requiredApprovals', 'flow.stages', 'flow.transitions', 'flow.visualLayout', 'setEdges', and 'setNodes'. Either include them or remove the dependency array  react-hooks/exhaustive-deps
  Line 303:9:   React Hook useEffect has a complex expression in the dependency array. Extract it to a separate variable so it can be statically checked                                                                                                                                             react-hooks/exhaustive-deps
  Line 304:9:   React Hook useEffect has a complex expression in the dependency array. Extract it to a separate variable so it can be statically checked                                                                                                                                             react-hooks/exhaustive-deps
  Line 305:9:   React Hook useEffect has a complex expression in the dependency array. Extract it to a separate variable so it can be statically checked                                                                                                                                             react-hooks/exhaustive-deps
  Line 306:9:   React Hook useEffect has a complex expression in the dependency array. Extract it to a separate variable so it can be statically checked                                                                                                                                             react-hooks/exhaustive-deps
  Line 307:9:   React Hook useEffect has a complex expression in the dependency array. Extract it to a separate variable so it can be statically checked                                                                                                                                             react-hooks/exhaustive-deps
  Line 308:9:   React Hook useEffect has a complex expression in the dependency array. Extract it to a separate variable so it can be statically checked                                                                                                                                             react-hooks/exhaustive-deps

webpack compiled with 1 warning
Compiling...
Compiled with warnings.

[eslint] 
src\components\Inventory\InventoryView.js
  Line 5:8:    'Select' is defined but never used                                                                                 no-unused-vars
  Line 18:31:  'setSelectedLocations' is assigned a value but never used                                                          no-unused-vars
  Line 20:28:  'setSupplierFilter' is assigned a value but never used                                                             no-unused-vars
  Line 21:26:  'setExpiryFilter' is assigned a value but never used                                                               no-unused-vars
  Line 38:8:   React Hook useEffect has a missing dependency: 'fetchLocations'. Either include it or remove the dependency array  react-hooks/exhaustive-deps

src\components\Project\ProjectDetails.js
  Line 39:11:   'userModules' is assigned a value but never used     no-unused-vars
  Line 180:11:  'openDatesModal' is assigned a value but never used  no-unused-vars
  Line 310:11:  'dueMeta' is assigned a value but never used         no-unused-vars

src\components\estimates\ProjectEstimationPage.js
  Line 38:7:    'saveDraftEstimationAPI' is assigned a value but never used                                                                                                                                                                                                                                                                                                                      no-unused-vars
  Line 39:7:    'promoteDraftEstimationAPI' is assigned a value but never used                                                                                                                                                                                                                                                                                                                   no-unused-vars
  Line 40:7:    'discardDraftEstimationAPI' is assigned a value but never used                                                                                                                                                                                                                                                                                                                   no-unused-vars
  Line 78:7:    'ESTIMATION_AUTOSAVE_DELAY_MS' is assigned a value but never used                                                                                                                                                                                                                                                                                                                no-unused-vars
  Line 229:12:  'showPrintModal' is assigned a value but never used                                                                                                                                                                                                                                                                                                                              no-unused-vars
  Line 229:28:  'setShowPrintModal' is assigned a value but never used                                                                                                                                                                                                                                                                                                                           no-unused-vars
  Line 260:12:  'approvalPolicy' is assigned a value but never used                                                                                                                                                                                                                                                                                                                              no-unused-vars
  Line 285:11:  'autosaveTimerRef' is assigned a value but never used                                                                                                                                                                                                                                                                                                                            no-unused-vars
  Line 286:11:  'autosavePromiseRef' is assigned a value but never used                                                                                                                                                                                                                                                                                                                          no-unused-vars
  Line 288:11:  'pendingNavigationRef' is assigned a value but never used                                                                                                                                                                                                                                                                                                                        no-unused-vars
  Line 289:12:  'latestDraft' is assigned a value but never used                                                                                                                                                                                                                                                                                                                                 no-unused-vars
  Line 290:12:  'saveHistory' is assigned a value but never used                                                                                                                                                                                                                                                                                                                                 no-unused-vars
  Line 291:12:  'autosaveStatus' is assigned a value but never used                                                                                                                                                                                                                                                                                                                              no-unused-vars
  Line 292:12:  'autosaveError' is assigned a value but never used                                                                                                                                                                                                                                                                                                                               no-unused-vars
  Line 292:27:  'setAutosaveError' is assigned a value but never used                                                                                                                                                                                                                                                                                                                            no-unused-vars
  Line 293:12:  'showLeaveConfirmModal' is assigned a value but never used                                                                                                                                                                                                                                                                                                                       no-unused-vars
  Line 293:35:  'setShowLeaveConfirmModal' is assigned a value but never used                                                                                                                                                                                                                                                                                                                    no-unused-vars
  Line 611:8:   React Hook useEffect has missing dependencies: 'availMap', 'globalSettings.GLOBAL_TAX_PERCENT', 'globalSettings.GLOBAL_VAT_PERCENT', 'productById', and 'propProjectId'. Either include them or remove the dependency array. You can also replace multiple useState variables with useReducer if 'setVatPercent' needs the current value of 'globalSettings.GLOBAL_VAT_PERCENT'  react-hooks/exhaustive-deps

src\components\workflow\WorkflowBuilder.js
  Line 118:12:  'adminConfig' is assigned a value but never used                                                                                                                                                                                                                                     no-unused-vars
  Line 300:8:   React Hook useEffect has missing dependencies: 'flow.fileRequirements', 'flow.initialStage', 'flow.notifications', 'flow.requiredApprovals', 'flow.stages', 'flow.transitions', 'flow.visualLayout', 'setEdges', and 'setNodes'. Either include them or remove the dependency array  react-hooks/exhaustive-deps
  Line 303:9:   React Hook useEffect has a complex expression in the dependency array. Extract it to a separate variable so it can be statically checked                                                                                                                                             react-hooks/exhaustive-deps
  Line 304:9:   React Hook useEffect has a complex expression in the dependency array. Extract it to a separate variable so it can be statically checked                                                                                                                                             react-hooks/exhaustive-deps
  Line 305:9:   React Hook useEffect has a complex expression in the dependency array. Extract it to a separate variable so it can be statically checked                                                                                                                                             react-hooks/exhaustive-deps
  Line 306:9:   React Hook useEffect has a complex expression in the dependency array. Extract it to a separate variable so it can be statically checked                                                                                                                                             react-hooks/exhaustive-deps
  Line 307:9:   React Hook useEffect has a complex expression in the dependency array. Extract it to a separate variable so it can be statically checked                                                                                                                                             react-hooks/exhaustive-deps
  Line 308:9:   React Hook useEffect has a complex expression in the dependency array. Extract it to a separate variable so it can be statically checked                                                                                                                                             react-hooks/exhaustive-deps

Search for the keywords to learn more about each warning.
To ignore, add // eslint-disable-next-line to the line before.

WARNING in [eslint] 
src\components\Inventory\InventoryView.js
  Line 5:8:    'Select' is defined but never used                                                                                 no-unused-vars
  Line 18:31:  'setSelectedLocations' is assigned a value but never used                                                          no-unused-vars
  Line 20:28:  'setSupplierFilter' is assigned a value but never used                                                             no-unused-vars
  Line 21:26:  'setExpiryFilter' is assigned a value but never used                                                               no-unused-vars
  Line 38:8:   React Hook useEffect has a missing dependency: 'fetchLocations'. Either include it or remove the dependency array  react-hooks/exhaustive-deps

src\components\Project\ProjectDetails.js
  Line 39:11:   'userModules' is assigned a value but never used     no-unused-vars
  Line 180:11:  'openDatesModal' is assigned a value but never used  no-unused-vars
  Line 310:11:  'dueMeta' is assigned a value but never used         no-unused-vars

src\components\estimates\ProjectEstimationPage.js
  Line 38:7:    'saveDraftEstimationAPI' is assigned a value but never used                                                                                                                                                                                                                                                                                                                      no-unused-vars
  Line 39:7:    'promoteDraftEstimationAPI' is assigned a value but never used                                                                                                                                                                                                                                                                                                                   no-unused-vars
  Line 40:7:    'discardDraftEstimationAPI' is assigned a value but never used                                                                                                                                                                                                                                                                                                                   no-unused-vars
  Line 78:7:    'ESTIMATION_AUTOSAVE_DELAY_MS' is assigned a value but never used                                                                                                                                                                                                                                                                                                                no-unused-vars
  Line 229:12:  'showPrintModal' is assigned a value but never used                                                                                                                                                                                                                                                                                                                              no-unused-vars
  Line 229:28:  'setShowPrintModal' is assigned a value but never used                                                                                                                                                                                                                                                                                                                           no-unused-vars
  Line 260:12:  'approvalPolicy' is assigned a value but never used                                                                                                                                                                                                                                                                                                                              no-unused-vars
  Line 285:11:  'autosaveTimerRef' is assigned a value but never used                                                                                                                                                                                                                                                                                                                            no-unused-vars
  Line 286:11:  'autosavePromiseRef' is assigned a value but never used                                                                                                                                                                                                                                                                                                                          no-unused-vars
  Line 288:11:  'pendingNavigationRef' is assigned a value but never used                                                                                                                                                                                                                                                                                                                        no-unused-vars
  Line 289:12:  'latestDraft' is assigned a value but never used                                                                                                                                                                                                                                                                                                                                 no-unused-vars
  Line 290:12:  'saveHistory' is assigned a value but never used                                                                                                                                                                                                                                                                                                                                 no-unused-vars
  Line 291:12:  'autosaveStatus' is assigned a value but never used                                                                                                                                                                                                                                                                                                                              no-unused-vars
  Line 292:12:  'autosaveError' is assigned a value but never used                                                                                                                                                                                                                                                                                                                               no-unused-vars
  Line 292:27:  'setAutosaveError' is assigned a value but never used                                                                                                                                                                                                                                                                                                                            no-unused-vars
  Line 293:12:  'showLeaveConfirmModal' is assigned a value but never used                                                                                                                                                                                                                                                                                                                       no-unused-vars
  Line 293:35:  'setShowLeaveConfirmModal' is assigned a value but never used                                                                                                                                                                                                                                                                                                                    no-unused-vars
  Line 611:8:   React Hook useEffect has missing dependencies: 'availMap', 'globalSettings.GLOBAL_TAX_PERCENT', 'globalSettings.GLOBAL_VAT_PERCENT', 'productById', and 'propProjectId'. Either include them or remove the dependency array. You can also replace multiple useState variables with useReducer if 'setVatPercent' needs the current value of 'globalSettings.GLOBAL_VAT_PERCENT'  react-hooks/exhaustive-deps

src\components\workflow\WorkflowBuilder.js
  Line 118:12:  'adminConfig' is assigned a value but never used                                                                                                                                                                                                                                     no-unused-vars
  Line 300:8:   React Hook useEffect has missing dependencies: 'flow.fileRequirements', 'flow.initialStage', 'flow.notifications', 'flow.requiredApprovals', 'flow.stages', 'flow.transitions', 'flow.visualLayout', 'setEdges', and 'setNodes'. Either include them or remove the dependency array  react-hooks/exhaustive-deps
  Line 303:9:   React Hook useEffect has a complex expression in the dependency array. Extract it to a separate variable so it can be statically checked                                                                                                                                             react-hooks/exhaustive-deps
  Line 304:9:   React Hook useEffect has a complex expression in the dependency array. Extract it to a separate variable so it can be statically checked                                                                                                                                             react-hooks/exhaustive-deps
  Line 305:9:   React Hook useEffect has a complex expression in the dependency array. Extract it to a separate variable so it can be statically checked                                                                                                                                             react-hooks/exhaustive-deps
  Line 306:9:   React Hook useEffect has a complex expression in the dependency array. Extract it to a separate variable so it can be statically checked                                                                                                                                             react-hooks/exhaustive-deps
  Line 307:9:   React Hook useEffect has a complex expression in the dependency array. Extract it to a separate variable so it can be statically checked                                                                                                                                             react-hooks/exhaustive-deps
  Line 308:9:   React Hook useEffect has a complex expression in the dependency array. Extract it to a separate variable so it can be statically checked                                                                                                                                             react-hooks/exhaustive-deps

webpack compiled with 1 warning
Compiling...
Compiled with warnings.

[eslint] 
src\components\Inventory\InventoryView.js
  Line 5:8:    'Select' is defined but never used                                                                                 no-unused-vars
  Line 18:31:  'setSelectedLocations' is assigned a value but never used                                                          no-unused-vars
  Line 20:28:  'setSupplierFilter' is assigned a value but never used                                                             no-unused-vars
  Line 21:26:  'setExpiryFilter' is assigned a value but never used                                                               no-unused-vars
  Line 38:8:   React Hook useEffect has a missing dependency: 'fetchLocations'. Either include it or remove the dependency array  react-hooks/exhaustive-deps

src\components\Project\ProjectDetails.js
  Line 39:11:   'userModules' is assigned a value but never used     no-unused-vars
  Line 180:11:  'openDatesModal' is assigned a value but never used  no-unused-vars
  Line 310:11:  'dueMeta' is assigned a value but never used         no-unused-vars

src\components\estimates\ProjectEstimationPage.js
  Line 38:7:     'saveDraftEstimationAPI' is assigned a value but never used                                                                                                                                                                                                                                                                                                                      no-unused-vars
  Line 39:7:     'promoteDraftEstimationAPI' is assigned a value but never used                                                                                                                                                                                                                                                                                                                   no-unused-vars
  Line 78:7:     'ESTIMATION_AUTOSAVE_DELAY_MS' is assigned a value but never used                                                                                                                                                                                                                                                                                                                no-unused-vars
  Line 229:12:   'showPrintModal' is assigned a value but never used                                                                                                                                                                                                                                                                                                                              no-unused-vars
  Line 229:28:   'setShowPrintModal' is assigned a value but never used                                                                                                                                                                                                                                                                                                                           no-unused-vars
  Line 260:12:   'approvalPolicy' is assigned a value but never used                                                                                                                                                                                                                                                                                                                              no-unused-vars
  Line 285:11:   'autosaveTimerRef' is assigned a value but never used                                                                                                                                                                                                                                                                                                                            no-unused-vars
  Line 286:11:   'autosavePromiseRef' is assigned a value but never used                                                                                                                                                                                                                                                                                                                          no-unused-vars
  Line 288:11:   'pendingNavigationRef' is assigned a value but never used                                                                                                                                                                                                                                                                                                                        no-unused-vars
  Line 290:12:   'saveHistory' is assigned a value but never used                                                                                                                                                                                                                                                                                                                                 no-unused-vars
  Line 291:12:   'autosaveStatus' is assigned a value but never used                                                                                                                                                                                                                                                                                                                              no-unused-vars
  Line 292:12:   'autosaveError' is assigned a value but never used                                                                                                                                                                                                                                                                                                                               no-unused-vars
  Line 292:27:   'setAutosaveError' is assigned a value but never used                                                                                                                                                                                                                                                                                                                            no-unused-vars
  Line 293:12:   'showLeaveConfirmModal' is assigned a value but never used                                                                                                                                                                                                                                                                                                                       no-unused-vars
  Line 293:35:   'setShowLeaveConfirmModal' is assigned a value but never used                                                                                                                                                                                                                                                                                                                    no-unused-vars
  Line 611:8:    React Hook useEffect has missing dependencies: 'availMap', 'globalSettings.GLOBAL_TAX_PERCENT', 'globalSettings.GLOBAL_VAT_PERCENT', 'productById', and 'propProjectId'. Either include them or remove the dependency array. You can also replace multiple useState variables with useReducer if 'setVatPercent' needs the current value of 'globalSettings.GLOBAL_VAT_PERCENT'  react-hooks/exhaustive-deps
  Line 1293:11:  'countPayloadComponentColumns' is assigned a value but never used                                                                                                                                                                                                                                                                                                                no-unused-vars
  Line 1295:11:  'payloadSignature' is assigned a value but never used                                                                                                                                                                                                                                                                                                                            no-unused-vars
  Line 1297:11:  'hasOfficialSavedContent' is assigned a value but never used                                                                                                                                                                                                                                                                                                                     no-unused-vars
  Line 1303:11:  'hasUnpromotedDraft' is assigned a value but never used                                                                                                                                                                                                                                                                                                                          no-unused-vars
  Line 1389:11:  'handleRestoreLatestDraft' is assigned a value but never used                                                                                                                                                                                                                                                                                                                    no-unused-vars
  Line 1395:11:  'handleDiscardLatestDraft' is assigned a value but never used                                                                                                                                                                                                                                                                                                                    no-unused-vars

src\components\workflow\WorkflowBuilder.js
  Line 118:12:  'adminConfig' is assigned a value but never used                                                                                                                                                                                                                                     no-unused-vars
  Line 300:8:   React Hook useEffect has missing dependencies: 'flow.fileRequirements', 'flow.initialStage', 'flow.notifications', 'flow.requiredApprovals', 'flow.stages', 'flow.transitions', 'flow.visualLayout', 'setEdges', and 'setNodes'. Either include them or remove the dependency array  react-hooks/exhaustive-deps
  Line 303:9:   React Hook useEffect has a complex expression in the dependency array. Extract it to a separate variable so it can be statically checked                                                                                                                                             react-hooks/exhaustive-deps
  Line 304:9:   React Hook useEffect has a complex expression in the dependency array. Extract it to a separate variable so it can be statically checked                                                                                                                                             react-hooks/exhaustive-deps
  Line 305:9:   React Hook useEffect has a complex expression in the dependency array. Extract it to a separate variable so it can be statically checked                                                                                                                                             react-hooks/exhaustive-deps
  Line 306:9:   React Hook useEffect has a complex expression in the dependency array. Extract it to a separate variable so it can be statically checked                                                                                                                                             react-hooks/exhaustive-deps
  Line 307:9:   React Hook useEffect has a complex expression in the dependency array. Extract it to a separate variable so it can be statically checked                                                                                                                                             react-hooks/exhaustive-deps
  Line 308:9:   React Hook useEffect has a complex expression in the dependency array. Extract it to a separate variable so it can be statically checked                                                                                                                                             react-hooks/exhaustive-deps

Search for the keywords to learn more about each warning.
To ignore, add // eslint-disable-next-line to the line before.

WARNING in [eslint] 
src\components\Inventory\InventoryView.js
  Line 5:8:    'Select' is defined but never used                                                                                 no-unused-vars
  Line 18:31:  'setSelectedLocations' is assigned a value but never used                                                          no-unused-vars
  Line 20:28:  'setSupplierFilter' is assigned a value but never used                                                             no-unused-vars
  Line 21:26:  'setExpiryFilter' is assigned a value but never used                                                               no-unused-vars
  Line 38:8:   React Hook useEffect has a missing dependency: 'fetchLocations'. Either include it or remove the dependency array  react-hooks/exhaustive-deps

src\components\Project\ProjectDetails.js
  Line 39:11:   'userModules' is assigned a value but never used     no-unused-vars
  Line 180:11:  'openDatesModal' is assigned a value but never used  no-unused-vars
  Line 310:11:  'dueMeta' is assigned a value but never used         no-unused-vars

src\components\estimates\ProjectEstimationPage.js
  Line 38:7:     'saveDraftEstimationAPI' is assigned a value but never used                                                                                                                                                                                                                                                                                                                      no-unused-vars
  Line 39:7:     'promoteDraftEstimationAPI' is assigned a value but never used                                                                                                                                                                                                                                                                                                                   no-unused-vars
  Line 78:7:     'ESTIMATION_AUTOSAVE_DELAY_MS' is assigned a value but never used                                                                                                                                                                                                                                                                                                                no-unused-vars
  Line 229:12:   'showPrintModal' is assigned a value but never used                                                                                                                                                                                                                                                                                                                              no-unused-vars
  Line 229:28:   'setShowPrintModal' is assigned a value but never used                                                                                                                                                                                                                                                                                                                           no-unused-vars
  Line 260:12:   'approvalPolicy' is assigned a value but never used                                                                                                                                                                                                                                                                                                                              no-unused-vars
  Line 285:11:   'autosaveTimerRef' is assigned a value but never used                                                                                                                                                                                                                                                                                                                            no-unused-vars
  Line 286:11:   'autosavePromiseRef' is assigned a value but never used                                                                                                                                                                                                                                                                                                                          no-unused-vars
  Line 288:11:   'pendingNavigationRef' is assigned a value but never used                                                                                                                                                                                                                                                                                                                        no-unused-vars
  Line 290:12:   'saveHistory' is assigned a value but never used                                                                                                                                                                                                                                                                                                                                 no-unused-vars
  Line 291:12:   'autosaveStatus' is assigned a value but never used                                                                                                                                                                                                                                                                                                                              no-unused-vars
  Line 292:12:   'autosaveError' is assigned a value but never used                                                                                                                                                                                                                                                                                                                               no-unused-vars
  Line 292:27:   'setAutosaveError' is assigned a value but never used                                                                                                                                                                                                                                                                                                                            no-unused-vars
  Line 293:12:   'showLeaveConfirmModal' is assigned a value but never used                                                                                                                                                                                                                                                                                                                       no-unused-vars
  Line 293:35:   'setShowLeaveConfirmModal' is assigned a value but never used                                                                                                                                                                                                                                                                                                                    no-unused-vars
  Line 611:8:    React Hook useEffect has missing dependencies: 'availMap', 'globalSettings.GLOBAL_TAX_PERCENT', 'globalSettings.GLOBAL_VAT_PERCENT', 'productById', and 'propProjectId'. Either include them or remove the dependency array. You can also replace multiple useState variables with useReducer if 'setVatPercent' needs the current value of 'globalSettings.GLOBAL_VAT_PERCENT'  react-hooks/exhaustive-deps
  Line 1293:11:  'countPayloadComponentColumns' is assigned a value but never used                                                                                                                                                                                                                                                                                                                no-unused-vars
  Line 1295:11:  'payloadSignature' is assigned a value but never used                                                                                                                                                                                                                                                                                                                            no-unused-vars
  Line 1297:11:  'hasOfficialSavedContent' is assigned a value but never used                                                                                                                                                                                                                                                                                                                     no-unused-vars
  Line 1303:11:  'hasUnpromotedDraft' is assigned a value but never used                                                                                                                                                                                                                                                                                                                          no-unused-vars
  Line 1389:11:  'handleRestoreLatestDraft' is assigned a value but never used                                                                                                                                                                                                                                                                                                                    no-unused-vars
  Line 1395:11:  'handleDiscardLatestDraft' is assigned a value but never used                                                                                                                                                                                                                                                                                                                    no-unused-vars

src\components\workflow\WorkflowBuilder.js
  Line 118:12:  'adminConfig' is assigned a value but never used                                                                                                                                                                                                                                     no-unused-vars
  Line 300:8:   React Hook useEffect has missing dependencies: 'flow.fileRequirements', 'flow.initialStage', 'flow.notifications', 'flow.requiredApprovals', 'flow.stages', 'flow.transitions', 'flow.visualLayout', 'setEdges', and 'setNodes'. Either include them or remove the dependency array  react-hooks/exhaustive-deps
  Line 303:9:   React Hook useEffect has a complex expression in the dependency array. Extract it to a separate variable so it can be statically checked                                                                                                                                             react-hooks/exhaustive-deps
  Line 304:9:   React Hook useEffect has a complex expression in the dependency array. Extract it to a separate variable so it can be statically checked                                                                                                                                             react-hooks/exhaustive-deps
  Line 305:9:   React Hook useEffect has a complex expression in the dependency array. Extract it to a separate variable so it can be statically checked                                                                                                                                             react-hooks/exhaustive-deps
  Line 306:9:   React Hook useEffect has a complex expression in the dependency array. Extract it to a separate variable so it can be statically checked                                                                                                                                             react-hooks/exhaustive-deps
  Line 307:9:   React Hook useEffect has a complex expression in the dependency array. Extract it to a separate variable so it can be statically checked                                                                                                                                             react-hooks/exhaustive-deps
  Line 308:9:   React Hook useEffect has a complex expression in the dependency array. Extract it to a separate variable so it can be statically checked                                                                                                                                             react-hooks/exhaustive-deps

webpack compiled with 1 warning
Compiling...
Compiled with warnings.

[eslint] 
src\components\Inventory\InventoryView.js
  Line 5:8:    'Select' is defined but never used                                                                                 no-unused-vars
  Line 18:31:  'setSelectedLocations' is assigned a value but never used                                                          no-unused-vars
  Line 20:28:  'setSupplierFilter' is assigned a value but never used                                                             no-unused-vars
  Line 21:26:  'setExpiryFilter' is assigned a value but never used                                                               no-unused-vars
  Line 38:8:   React Hook useEffect has a missing dependency: 'fetchLocations'. Either include it or remove the dependency array  react-hooks/exhaustive-deps

src\components\Project\ProjectDetails.js
  Line 39:11:   'userModules' is assigned a value but never used     no-unused-vars
  Line 180:11:  'openDatesModal' is assigned a value but never used  no-unused-vars
  Line 310:11:  'dueMeta' is assigned a value but never used         no-unused-vars

src\components\estimates\ProjectEstimationPage.js
  Line 39:7:     'promoteDraftEstimationAPI' is assigned a value but never used                                                                                                                                                                                                                                                                                                                   no-unused-vars
  Line 229:12:   'showPrintModal' is assigned a value but never used                                                                                                                                                                                                                                                                                                                              no-unused-vars
  Line 229:28:   'setShowPrintModal' is assigned a value but never used                                                                                                                                                                                                                                                                                                                           no-unused-vars
  Line 260:12:   'approvalPolicy' is assigned a value but never used                                                                                                                                                                                                                                                                                                                              no-unused-vars
  Line 288:11:   'pendingNavigationRef' is assigned a value but never used                                                                                                                                                                                                                                                                                                                        no-unused-vars
  Line 290:12:   'saveHistory' is assigned a value but never used                                                                                                                                                                                                                                                                                                                                 no-unused-vars
  Line 292:12:   'autosaveError' is assigned a value but never used                                                                                                                                                                                                                                                                                                                               no-unused-vars
  Line 293:12:   'showLeaveConfirmModal' is assigned a value but never used                                                                                                                                                                                                                                                                                                                       no-unused-vars
  Line 293:35:   'setShowLeaveConfirmModal' is assigned a value but never used                                                                                                                                                                                                                                                                                                                    no-unused-vars
  Line 611:8:    React Hook useEffect has missing dependencies: 'availMap', 'globalSettings.GLOBAL_TAX_PERCENT', 'globalSettings.GLOBAL_VAT_PERCENT', 'productById', and 'propProjectId'. Either include them or remove the dependency array. You can also replace multiple useState variables with useReducer if 'setVatPercent' needs the current value of 'globalSettings.GLOBAL_VAT_PERCENT'  react-hooks/exhaustive-deps
  Line 1293:11:  'countPayloadComponentColumns' is assigned a value but never used                                                                                                                                                                                                                                                                                                                no-unused-vars
  Line 1297:11:  'hasOfficialSavedContent' is assigned a value but never used                                                                                                                                                                                                                                                                                                                     no-unused-vars
  Line 1389:11:  'handleRestoreLatestDraft' is assigned a value but never used                                                                                                                                                                                                                                                                                                                    no-unused-vars
  Line 1395:11:  'handleDiscardLatestDraft' is assigned a value but never used                                                                                                                                                                                                                                                                                                                    no-unused-vars

src\components\workflow\WorkflowBuilder.js
  Line 118:12:  'adminConfig' is assigned a value but never used                                                                                                                                                                                                                                     no-unused-vars
  Line 300:8:   React Hook useEffect has missing dependencies: 'flow.fileRequirements', 'flow.initialStage', 'flow.notifications', 'flow.requiredApprovals', 'flow.stages', 'flow.transitions', 'flow.visualLayout', 'setEdges', and 'setNodes'. Either include them or remove the dependency array  react-hooks/exhaustive-deps
  Line 303:9:   React Hook useEffect has a complex expression in the dependency array. Extract it to a separate variable so it can be statically checked                                                                                                                                             react-hooks/exhaustive-deps
  Line 304:9:   React Hook useEffect has a complex expression in the dependency array. Extract it to a separate variable so it can be statically checked                                                                                                                                             react-hooks/exhaustive-deps
  Line 305:9:   React Hook useEffect has a complex expression in the dependency array. Extract it to a separate variable so it can be statically checked                                                                                                                                             react-hooks/exhaustive-deps
  Line 306:9:   React Hook useEffect has a complex expression in the dependency array. Extract it to a separate variable so it can be statically checked                                                                                                                                             react-hooks/exhaustive-deps
  Line 307:9:   React Hook useEffect has a complex expression in the dependency array. Extract it to a separate variable so it can be statically checked                                                                                                                                             react-hooks/exhaustive-deps
  Line 308:9:   React Hook useEffect has a complex expression in the dependency array. Extract it to a separate variable so it can be statically checked                                                                                                                                             react-hooks/exhaustive-deps

Search for the keywords to learn more about each warning.
To ignore, add // eslint-disable-next-line to the line before.

WARNING in [eslint] 
src\components\Inventory\InventoryView.js
  Line 5:8:    'Select' is defined but never used                                                                                 no-unused-vars
  Line 18:31:  'setSelectedLocations' is assigned a value but never used                                                          no-unused-vars
  Line 20:28:  'setSupplierFilter' is assigned a value but never used                                                             no-unused-vars
  Line 21:26:  'setExpiryFilter' is assigned a value but never used                                                               no-unused-vars
  Line 38:8:   React Hook useEffect has a missing dependency: 'fetchLocations'. Either include it or remove the dependency array  react-hooks/exhaustive-deps

src\components\Project\ProjectDetails.js
  Line 39:11:   'userModules' is assigned a value but never used     no-unused-vars
  Line 180:11:  'openDatesModal' is assigned a value but never used  no-unused-vars
  Line 310:11:  'dueMeta' is assigned a value but never used         no-unused-vars

src\components\estimates\ProjectEstimationPage.js
  Line 39:7:     'promoteDraftEstimationAPI' is assigned a value but never used                                                                                                                                                                                                                                                                                                                   no-unused-vars
  Line 229:12:   'showPrintModal' is assigned a value but never used                                                                                                                                                                                                                                                                                                                              no-unused-vars
  Line 229:28:   'setShowPrintModal' is assigned a value but never used                                                                                                                                                                                                                                                                                                                           no-unused-vars
  Line 260:12:   'approvalPolicy' is assigned a value but never used                                                                                                                                                                                                                                                                                                                              no-unused-vars
  Line 288:11:   'pendingNavigationRef' is assigned a value but never used                                                                                                                                                                                                                                                                                                                        no-unused-vars
  Line 290:12:   'saveHistory' is assigned a value but never used                                                                                                                                                                                                                                                                                                                                 no-unused-vars
  Line 292:12:   'autosaveError' is assigned a value but never used                                                                                                                                                                                                                                                                                                                               no-unused-vars
  Line 293:12:   'showLeaveConfirmModal' is assigned a value but never used                                                                                                                                                                                                                                                                                                                       no-unused-vars
  Line 293:35:   'setShowLeaveConfirmModal' is assigned a value but never used                                                                                                                                                                                                                                                                                                                    no-unused-vars
  Line 611:8:    React Hook useEffect has missing dependencies: 'availMap', 'globalSettings.GLOBAL_TAX_PERCENT', 'globalSettings.GLOBAL_VAT_PERCENT', 'productById', and 'propProjectId'. Either include them or remove the dependency array. You can also replace multiple useState variables with useReducer if 'setVatPercent' needs the current value of 'globalSettings.GLOBAL_VAT_PERCENT'  react-hooks/exhaustive-deps
  Line 1293:11:  'countPayloadComponentColumns' is assigned a value but never used                                                                                                                                                                                                                                                                                                                no-unused-vars
  Line 1297:11:  'hasOfficialSavedContent' is assigned a value but never used                                                                                                                                                                                                                                                                                                                     no-unused-vars
  Line 1389:11:  'handleRestoreLatestDraft' is assigned a value but never used                                                                                                                                                                                                                                                                                                                    no-unused-vars
  Line 1395:11:  'handleDiscardLatestDraft' is assigned a value but never used                                                                                                                                                                                                                                                                                                                    no-unused-vars

src\components\workflow\WorkflowBuilder.js
  Line 118:12:  'adminConfig' is assigned a value but never used                                                                                                                                                                                                                                     no-unused-vars
  Line 300:8:   React Hook useEffect has missing dependencies: 'flow.fileRequirements', 'flow.initialStage', 'flow.notifications', 'flow.requiredApprovals', 'flow.stages', 'flow.transitions', 'flow.visualLayout', 'setEdges', and 'setNodes'. Either include them or remove the dependency array  react-hooks/exhaustive-deps
  Line 303:9:   React Hook useEffect has a complex expression in the dependency array. Extract it to a separate variable so it can be statically checked                                                                                                                                             react-hooks/exhaustive-deps
  Line 304:9:   React Hook useEffect has a complex expression in the dependency array. Extract it to a separate variable so it can be statically checked                                                                                                                                             react-hooks/exhaustive-deps
  Line 305:9:   React Hook useEffect has a complex expression in the dependency array. Extract it to a separate variable so it can be statically checked                                                                                                                                             react-hooks/exhaustive-deps
  Line 306:9:   React Hook useEffect has a complex expression in the dependency array. Extract it to a separate variable so it can be statically checked                                                                                                                                             react-hooks/exhaustive-deps
  Line 307:9:   React Hook useEffect has a complex expression in the dependency array. Extract it to a separate variable so it can be statically checked                                                                                                                                             react-hooks/exhaustive-deps
  Line 308:9:   React Hook useEffect has a complex expression in the dependency array. Extract it to a separate variable so it can be statically checked                                                                                                                                             react-hooks/exhaustive-deps

webpack compiled with 1 warning
Compiling...
Compiled with warnings.

[eslint] 
src\components\Inventory\InventoryView.js
  Line 5:8:    'Select' is defined but never used                                                                                 no-unused-vars
  Line 18:31:  'setSelectedLocations' is assigned a value but never used                                                          no-unused-vars
  Line 20:28:  'setSupplierFilter' is assigned a value but never used                                                             no-unused-vars
  Line 21:26:  'setExpiryFilter' is assigned a value but never used                                                               no-unused-vars
  Line 38:8:   React Hook useEffect has a missing dependency: 'fetchLocations'. Either include it or remove the dependency array  react-hooks/exhaustive-deps

src\components\Project\ProjectDetails.js
  Line 39:11:   'userModules' is assigned a value but never used     no-unused-vars
  Line 180:11:  'openDatesModal' is assigned a value but never used  no-unused-vars
  Line 310:11:  'dueMeta' is assigned a value but never used         no-unused-vars

src\components\estimates\ProjectEstimationPage.js
  Line 229:12:   'showPrintModal' is assigned a value but never used                                                                                                                                                                                                                                                                                                                              no-unused-vars
  Line 229:28:   'setShowPrintModal' is assigned a value but never used                                                                                                                                                                                                                                                                                                                           no-unused-vars
  Line 260:12:   'approvalPolicy' is assigned a value but never used                                                                                                                                                                                                                                                                                                                              no-unused-vars
  Line 288:11:   'pendingNavigationRef' is assigned a value but never used                                                                                                                                                                                                                                                                                                                        no-unused-vars
  Line 290:12:   'saveHistory' is assigned a value but never used                                                                                                                                                                                                                                                                                                                                 no-unused-vars
  Line 292:12:   'autosaveError' is assigned a value but never used                                                                                                                                                                                                                                                                                                                               no-unused-vars
  Line 293:12:   'showLeaveConfirmModal' is assigned a value but never used                                                                                                                                                                                                                                                                                                                       no-unused-vars
  Line 293:35:   'setShowLeaveConfirmModal' is assigned a value but never used                                                                                                                                                                                                                                                                                                                    no-unused-vars
  Line 611:8:    React Hook useEffect has missing dependencies: 'availMap', 'globalSettings.GLOBAL_TAX_PERCENT', 'globalSettings.GLOBAL_VAT_PERCENT', 'productById', and 'propProjectId'. Either include them or remove the dependency array. You can also replace multiple useState variables with useReducer if 'setVatPercent' needs the current value of 'globalSettings.GLOBAL_VAT_PERCENT'  react-hooks/exhaustive-deps
  Line 1293:11:  'countPayloadComponentColumns' is assigned a value but never used                                                                                                                                                                                                                                                                                                                no-unused-vars
  Line 1297:11:  'hasOfficialSavedContent' is assigned a value but never used                                                                                                                                                                                                                                                                                                                     no-unused-vars
  Line 1389:11:  'handleRestoreLatestDraft' is assigned a value but never used                                                                                                                                                                                                                                                                                                                    no-unused-vars
  Line 1395:11:  'handleDiscardLatestDraft' is assigned a value but never used                                                                                                                                                                                                                                                                                                                    no-unused-vars

src\components\workflow\WorkflowBuilder.js
  Line 118:12:  'adminConfig' is assigned a value but never used                                                                                                                                                                                                                                     no-unused-vars
  Line 300:8:   React Hook useEffect has missing dependencies: 'flow.fileRequirements', 'flow.initialStage', 'flow.notifications', 'flow.requiredApprovals', 'flow.stages', 'flow.transitions', 'flow.visualLayout', 'setEdges', and 'setNodes'. Either include them or remove the dependency array  react-hooks/exhaustive-deps
  Line 303:9:   React Hook useEffect has a complex expression in the dependency array. Extract it to a separate variable so it can be statically checked                                                                                                                                             react-hooks/exhaustive-deps
  Line 304:9:   React Hook useEffect has a complex expression in the dependency array. Extract it to a separate variable so it can be statically checked                                                                                                                                             react-hooks/exhaustive-deps
  Line 305:9:   React Hook useEffect has a complex expression in the dependency array. Extract it to a separate variable so it can be statically checked                                                                                                                                             react-hooks/exhaustive-deps
  Line 306:9:   React Hook useEffect has a complex expression in the dependency array. Extract it to a separate variable so it can be statically checked                                                                                                                                             react-hooks/exhaustive-deps
  Line 307:9:   React Hook useEffect has a complex expression in the dependency array. Extract it to a separate variable so it can be statically checked                                                                                                                                             react-hooks/exhaustive-deps
  Line 308:9:   React Hook useEffect has a complex expression in the dependency array. Extract it to a separate variable so it can be statically checked                                                                                                                                             react-hooks/exhaustive-deps

Search for the keywords to learn more about each warning.
To ignore, add // eslint-disable-next-line to the line before.

WARNING in [eslint] 
src\components\Inventory\InventoryView.js
  Line 5:8:    'Select' is defined but never used                                                                                 no-unused-vars
  Line 18:31:  'setSelectedLocations' is assigned a value but never used                                                          no-unused-vars
  Line 20:28:  'setSupplierFilter' is assigned a value but never used                                                             no-unused-vars
  Line 21:26:  'setExpiryFilter' is assigned a value but never used                                                               no-unused-vars
  Line 38:8:   React Hook useEffect has a missing dependency: 'fetchLocations'. Either include it or remove the dependency array  react-hooks/exhaustive-deps

src\components\Project\ProjectDetails.js
  Line 39:11:   'userModules' is assigned a value but never used     no-unused-vars
  Line 180:11:  'openDatesModal' is assigned a value but never used  no-unused-vars
  Line 310:11:  'dueMeta' is assigned a value but never used         no-unused-vars

src\components\estimates\ProjectEstimationPage.js
  Line 229:12:   'showPrintModal' is assigned a value but never used                                                                                                                                                                                                                                                                                                                              no-unused-vars
  Line 229:28:   'setShowPrintModal' is assigned a value but never used                                                                                                                                                                                                                                                                                                                           no-unused-vars
  Line 260:12:   'approvalPolicy' is assigned a value but never used                                                                                                                                                                                                                                                                                                                              no-unused-vars
  Line 288:11:   'pendingNavigationRef' is assigned a value but never used                                                                                                                                                                                                                                                                                                                        no-unused-vars
  Line 290:12:   'saveHistory' is assigned a value but never used                                                                                                                                                                                                                                                                                                                                 no-unused-vars
  Line 292:12:   'autosaveError' is assigned a value but never used                                                                                                                                                                                                                                                                                                                               no-unused-vars
  Line 293:12:   'showLeaveConfirmModal' is assigned a value but never used                                                                                                                                                                                                                                                                                                                       no-unused-vars
  Line 293:35:   'setShowLeaveConfirmModal' is assigned a value but never used                                                                                                                                                                                                                                                                                                                    no-unused-vars
  Line 611:8:    React Hook useEffect has missing dependencies: 'availMap', 'globalSettings.GLOBAL_TAX_PERCENT', 'globalSettings.GLOBAL_VAT_PERCENT', 'productById', and 'propProjectId'. Either include them or remove the dependency array. You can also replace multiple useState variables with useReducer if 'setVatPercent' needs the current value of 'globalSettings.GLOBAL_VAT_PERCENT'  react-hooks/exhaustive-deps
  Line 1293:11:  'countPayloadComponentColumns' is assigned a value but never used                                                                                                                                                                                                                                                                                                                no-unused-vars
  Line 1297:11:  'hasOfficialSavedContent' is assigned a value but never used                                                                                                                                                                                                                                                                                                                     no-unused-vars
  Line 1389:11:  'handleRestoreLatestDraft' is assigned a value but never used                                                                                                                                                                                                                                                                                                                    no-unused-vars
  Line 1395:11:  'handleDiscardLatestDraft' is assigned a value but never used                                                                                                                                                                                                                                                                                                                    no-unused-vars

src\components\workflow\WorkflowBuilder.js
  Line 118:12:  'adminConfig' is assigned a value but never used                                                                                                                                                                                                                                     no-unused-vars
  Line 300:8:   React Hook useEffect has missing dependencies: 'flow.fileRequirements', 'flow.initialStage', 'flow.notifications', 'flow.requiredApprovals', 'flow.stages', 'flow.transitions', 'flow.visualLayout', 'setEdges', and 'setNodes'. Either include them or remove the dependency array  react-hooks/exhaustive-deps
  Line 303:9:   React Hook useEffect has a complex expression in the dependency array. Extract it to a separate variable so it can be statically checked                                                                                                                                             react-hooks/exhaustive-deps
  Line 304:9:   React Hook useEffect has a complex expression in the dependency array. Extract it to a separate variable so it can be statically checked                                                                                                                                             react-hooks/exhaustive-deps
  Line 305:9:   React Hook useEffect has a complex expression in the dependency array. Extract it to a separate variable so it can be statically checked                                                                                                                                             react-hooks/exhaustive-deps
  Line 306:9:   React Hook useEffect has a complex expression in the dependency array. Extract it to a separate variable so it can be statically checked                                                                                                                                             react-hooks/exhaustive-deps
  Line 307:9:   React Hook useEffect has a complex expression in the dependency array. Extract it to a separate variable so it can be statically checked                                                                                                                                             react-hooks/exhaustive-deps
  Line 308:9:   React Hook useEffect has a complex expression in the dependency array. Extract it to a separate variable so it can be statically checked                                                                                                                                             react-hooks/exhaustive-deps

webpack compiled with 1 warning
Compiling...
Compiled with warnings.

[eslint] 
src\components\Inventory\InventoryView.js
  Line 5:8:    'Select' is defined but never used                                                                                 no-unused-vars
  Line 18:31:  'setSelectedLocations' is assigned a value but never used                                                          no-unused-vars
  Line 20:28:  'setSupplierFilter' is assigned a value but never used                                                             no-unused-vars
  Line 21:26:  'setExpiryFilter' is assigned a value but never used                                                               no-unused-vars
  Line 38:8:   React Hook useEffect has a missing dependency: 'fetchLocations'. Either include it or remove the dependency array  react-hooks/exhaustive-deps

src\components\Project\ProjectDetails.js
  Line 39:11:   'userModules' is assigned a value but never used     no-unused-vars
  Line 180:11:  'openDatesModal' is assigned a value but never used  no-unused-vars
  Line 310:11:  'dueMeta' is assigned a value but never used         no-unused-vars

src\components\estimates\ProjectEstimationPage.js
  Line 229:12:   'showPrintModal' is assigned a value but never used                                                                                                                                                                                                                                                                                                                              no-unused-vars
  Line 229:28:   'setShowPrintModal' is assigned a value but never used                                                                                                                                                                                                                                                                                                                           no-unused-vars
  Line 260:12:   'approvalPolicy' is assigned a value but never used                                                                                                                                                                                                                                                                                                                              no-unused-vars
  Line 290:12:   'saveHistory' is assigned a value but never used                                                                                                                                                                                                                                                                                                                                 no-unused-vars
  Line 292:12:   'autosaveError' is assigned a value but never used                                                                                                                                                                                                                                                                                                                               no-unused-vars
  Line 293:12:   'showLeaveConfirmModal' is assigned a value but never used                                                                                                                                                                                                                                                                                                                       no-unused-vars
  Line 611:8:    React Hook useEffect has missing dependencies: 'availMap', 'globalSettings.GLOBAL_TAX_PERCENT', 'globalSettings.GLOBAL_VAT_PERCENT', 'productById', and 'propProjectId'. Either include them or remove the dependency array. You can also replace multiple useState variables with useReducer if 'setVatPercent' needs the current value of 'globalSettings.GLOBAL_VAT_PERCENT'  react-hooks/exhaustive-deps
  Line 1293:11:  'countPayloadComponentColumns' is assigned a value but never used                                                                                                                                                                                                                                                                                                                no-unused-vars
  Line 1297:11:  'hasOfficialSavedContent' is assigned a value but never used                                                                                                                                                                                                                                                                                                                     no-unused-vars
  Line 1389:11:  'handleRestoreLatestDraft' is assigned a value but never used                                                                                                                                                                                                                                                                                                                    no-unused-vars
  Line 1395:11:  'handleDiscardLatestDraft' is assigned a value but never used                                                                                                                                                                                                                                                                                                                    no-unused-vars
  Line 1719:11:  'requestLeavePage' is assigned a value but never used                                                                                                                                                                                                                                                                                                                            no-unused-vars
  Line 1728:11:  'confirmLeaveWithoutSaving' is assigned a value but never used                                                                                                                                                                                                                                                                                                                   no-unused-vars
  Line 1735:11:  'saveThenLeave' is assigned a value but never used                                                                                                                                                                                                                                                                                                                               no-unused-vars

src\components\workflow\WorkflowBuilder.js
  Line 118:12:  'adminConfig' is assigned a value but never used                                                                                                                                                                                                                                     no-unused-vars
  Line 300:8:   React Hook useEffect has missing dependencies: 'flow.fileRequirements', 'flow.initialStage', 'flow.notifications', 'flow.requiredApprovals', 'flow.stages', 'flow.transitions', 'flow.visualLayout', 'setEdges', and 'setNodes'. Either include them or remove the dependency array  react-hooks/exhaustive-deps
  Line 303:9:   React Hook useEffect has a complex expression in the dependency array. Extract it to a separate variable so it can be statically checked                                                                                                                                             react-hooks/exhaustive-deps
  Line 304:9:   React Hook useEffect has a complex expression in the dependency array. Extract it to a separate variable so it can be statically checked                                                                                                                                             react-hooks/exhaustive-deps
  Line 305:9:   React Hook useEffect has a complex expression in the dependency array. Extract it to a separate variable so it can be statically checked                                                                                                                                             react-hooks/exhaustive-deps
  Line 306:9:   React Hook useEffect has a complex expression in the dependency array. Extract it to a separate variable so it can be statically checked                                                                                                                                             react-hooks/exhaustive-deps
  Line 307:9:   React Hook useEffect has a complex expression in the dependency array. Extract it to a separate variable so it can be statically checked                                                                                                                                             react-hooks/exhaustive-deps
  Line 308:9:   React Hook useEffect has a complex expression in the dependency array. Extract it to a separate variable so it can be statically checked                                                                                                                                             react-hooks/exhaustive-deps

Search for the keywords to learn more about each warning.
To ignore, add // eslint-disable-next-line to the line before.

WARNING in [eslint] 
src\components\Inventory\InventoryView.js
  Line 5:8:    'Select' is defined but never used                                                                                 no-unused-vars
  Line 18:31:  'setSelectedLocations' is assigned a value but never used                                                          no-unused-vars
  Line 20:28:  'setSupplierFilter' is assigned a value but never used                                                             no-unused-vars
  Line 21:26:  'setExpiryFilter' is assigned a value but never used                                                               no-unused-vars
  Line 38:8:   React Hook useEffect has a missing dependency: 'fetchLocations'. Either include it or remove the dependency array  react-hooks/exhaustive-deps

src\components\Project\ProjectDetails.js
  Line 39:11:   'userModules' is assigned a value but never used     no-unused-vars
  Line 180:11:  'openDatesModal' is assigned a value but never used  no-unused-vars
  Line 310:11:  'dueMeta' is assigned a value but never used         no-unused-vars

src\components\estimates\ProjectEstimationPage.js
  Line 229:12:   'showPrintModal' is assigned a value but never used                                                                                                                                                                                                                                                                                                                              no-unused-vars
  Line 229:28:   'setShowPrintModal' is assigned a value but never used                                                                                                                                                                                                                                                                                                                           no-unused-vars
  Line 260:12:   'approvalPolicy' is assigned a value but never used                                                                                                                                                                                                                                                                                                                              no-unused-vars
  Line 290:12:   'saveHistory' is assigned a value but never used                                                                                                                                                                                                                                                                                                                                 no-unused-vars
  Line 292:12:   'autosaveError' is assigned a value but never used                                                                                                                                                                                                                                                                                                                               no-unused-vars
  Line 293:12:   'showLeaveConfirmModal' is assigned a value but never used                                                                                                                                                                                                                                                                                                                       no-unused-vars
  Line 611:8:    React Hook useEffect has missing dependencies: 'availMap', 'globalSettings.GLOBAL_TAX_PERCENT', 'globalSettings.GLOBAL_VAT_PERCENT', 'productById', and 'propProjectId'. Either include them or remove the dependency array. You can also replace multiple useState variables with useReducer if 'setVatPercent' needs the current value of 'globalSettings.GLOBAL_VAT_PERCENT'  react-hooks/exhaustive-deps
  Line 1293:11:  'countPayloadComponentColumns' is assigned a value but never used                                                                                                                                                                                                                                                                                                                no-unused-vars
  Line 1297:11:  'hasOfficialSavedContent' is assigned a value but never used                                                                                                                                                                                                                                                                                                                     no-unused-vars
  Line 1389:11:  'handleRestoreLatestDraft' is assigned a value but never used                                                                                                                                                                                                                                                                                                                    no-unused-vars
  Line 1395:11:  'handleDiscardLatestDraft' is assigned a value but never used                                                                                                                                                                                                                                                                                                                    no-unused-vars
  Line 1719:11:  'requestLeavePage' is assigned a value but never used                                                                                                                                                                                                                                                                                                                            no-unused-vars
  Line 1728:11:  'confirmLeaveWithoutSaving' is assigned a value but never used                                                                                                                                                                                                                                                                                                                   no-unused-vars
  Line 1735:11:  'saveThenLeave' is assigned a value but never used                                                                                                                                                                                                                                                                                                                               no-unused-vars

src\components\workflow\WorkflowBuilder.js
  Line 118:12:  'adminConfig' is assigned a value but never used                                                                                                                                                                                                                                     no-unused-vars
  Line 300:8:   React Hook useEffect has missing dependencies: 'flow.fileRequirements', 'flow.initialStage', 'flow.notifications', 'flow.requiredApprovals', 'flow.stages', 'flow.transitions', 'flow.visualLayout', 'setEdges', and 'setNodes'. Either include them or remove the dependency array  react-hooks/exhaustive-deps
  Line 303:9:   React Hook useEffect has a complex expression in the dependency array. Extract it to a separate variable so it can be statically checked                                                                                                                                             react-hooks/exhaustive-deps
  Line 304:9:   React Hook useEffect has a complex expression in the dependency array. Extract it to a separate variable so it can be statically checked                                                                                                                                             react-hooks/exhaustive-deps
  Line 305:9:   React Hook useEffect has a complex expression in the dependency array. Extract it to a separate variable so it can be statically checked                                                                                                                                             react-hooks/exhaustive-deps
  Line 306:9:   React Hook useEffect has a complex expression in the dependency array. Extract it to a separate variable so it can be statically checked                                                                                                                                             react-hooks/exhaustive-deps
  Line 307:9:   React Hook useEffect has a complex expression in the dependency array. Extract it to a separate variable so it can be statically checked                                                                                                                                             react-hooks/exhaustive-deps
  Line 308:9:   React Hook useEffect has a complex expression in the dependency array. Extract it to a separate variable so it can be statically checked                                                                                                                                             react-hooks/exhaustive-deps

webpack compiled with 1 warning
Compiling...
Compiled with warnings.

[eslint] 
src\components\Inventory\InventoryView.js
  Line 5:8:    'Select' is defined but never used                                                                                 no-unused-vars
  Line 18:31:  'setSelectedLocations' is assigned a value but never used                                                          no-unused-vars
  Line 20:28:  'setSupplierFilter' is assigned a value but never used                                                             no-unused-vars
  Line 21:26:  'setExpiryFilter' is assigned a value but never used                                                               no-unused-vars
  Line 38:8:   React Hook useEffect has a missing dependency: 'fetchLocations'. Either include it or remove the dependency array  react-hooks/exhaustive-deps

src\components\Project\ProjectDetails.js
  Line 39:11:   'userModules' is assigned a value but never used     no-unused-vars
  Line 180:11:  'openDatesModal' is assigned a value but never used  no-unused-vars
  Line 310:11:  'dueMeta' is assigned a value but never used         no-unused-vars

src\components\estimates\ProjectEstimationPage.js
  Line 229:12:   'showPrintModal' is assigned a value but never used                                                                                                                                                                                                                                                                                                                              no-unused-vars
  Line 229:28:   'setShowPrintModal' is assigned a value but never used                                                                                                                                                                                                                                                                                                                           no-unused-vars
  Line 260:12:   'approvalPolicy' is assigned a value but never used                                                                                                                                                                                                                                                                                                                              no-unused-vars
  Line 290:12:   'saveHistory' is assigned a value but never used                                                                                                                                                                                                                                                                                                                                 no-unused-vars
  Line 292:12:   'autosaveError' is assigned a value but never used                                                                                                                                                                                                                                                                                                                               no-unused-vars
  Line 293:12:   'showLeaveConfirmModal' is assigned a value but never used                                                                                                                                                                                                                                                                                                                       no-unused-vars
  Line 611:8:    React Hook useEffect has missing dependencies: 'availMap', 'globalSettings.GLOBAL_TAX_PERCENT', 'globalSettings.GLOBAL_VAT_PERCENT', 'productById', and 'propProjectId'. Either include them or remove the dependency array. You can also replace multiple useState variables with useReducer if 'setVatPercent' needs the current value of 'globalSettings.GLOBAL_VAT_PERCENT'  react-hooks/exhaustive-deps
  Line 1293:11:  'countPayloadComponentColumns' is assigned a value but never used                                                                                                                                                                                                                                                                                                                no-unused-vars
  Line 1389:11:  'handleRestoreLatestDraft' is assigned a value but never used                                                                                                                                                                                                                                                                                                                    no-unused-vars
  Line 1395:11:  'handleDiscardLatestDraft' is assigned a value but never used                                                                                                                                                                                                                                                                                                                    no-unused-vars
  Line 1728:11:  'confirmLeaveWithoutSaving' is assigned a value but never used                                                                                                                                                                                                                                                                                                                   no-unused-vars
  Line 1735:11:  'saveThenLeave' is assigned a value but never used                                                                                                                                                                                                                                                                                                                               no-unused-vars

src\components\workflow\WorkflowBuilder.js
  Line 118:12:  'adminConfig' is assigned a value but never used                                                                                                                                                                                                                                     no-unused-vars
  Line 300:8:   React Hook useEffect has missing dependencies: 'flow.fileRequirements', 'flow.initialStage', 'flow.notifications', 'flow.requiredApprovals', 'flow.stages', 'flow.transitions', 'flow.visualLayout', 'setEdges', and 'setNodes'. Either include them or remove the dependency array  react-hooks/exhaustive-deps
  Line 303:9:   React Hook useEffect has a complex expression in the dependency array. Extract it to a separate variable so it can be statically checked                                                                                                                                             react-hooks/exhaustive-deps
  Line 304:9:   React Hook useEffect has a complex expression in the dependency array. Extract it to a separate variable so it can be statically checked                                                                                                                                             react-hooks/exhaustive-deps
  Line 305:9:   React Hook useEffect has a complex expression in the dependency array. Extract it to a separate variable so it can be statically checked                                                                                                                                             react-hooks/exhaustive-deps
  Line 306:9:   React Hook useEffect has a complex expression in the dependency array. Extract it to a separate variable so it can be statically checked                                                                                                                                             react-hooks/exhaustive-deps
  Line 307:9:   React Hook useEffect has a complex expression in the dependency array. Extract it to a separate variable so it can be statically checked                                                                                                                                             react-hooks/exhaustive-deps
  Line 308:9:   React Hook useEffect has a complex expression in the dependency array. Extract it to a separate variable so it can be statically checked                                                                                                                                             react-hooks/exhaustive-deps

Search for the keywords to learn more about each warning.
To ignore, add // eslint-disable-next-line to the line before.

WARNING in [eslint] 
src\components\Inventory\InventoryView.js
  Line 5:8:    'Select' is defined but never used                                                                                 no-unused-vars
  Line 18:31:  'setSelectedLocations' is assigned a value but never used                                                          no-unused-vars
  Line 20:28:  'setSupplierFilter' is assigned a value but never used                                                             no-unused-vars
  Line 21:26:  'setExpiryFilter' is assigned a value but never used                                                               no-unused-vars
  Line 38:8:   React Hook useEffect has a missing dependency: 'fetchLocations'. Either include it or remove the dependency array  react-hooks/exhaustive-deps

src\components\Project\ProjectDetails.js
  Line 39:11:   'userModules' is assigned a value but never used     no-unused-vars
  Line 180:11:  'openDatesModal' is assigned a value but never used  no-unused-vars
  Line 310:11:  'dueMeta' is assigned a value but never used         no-unused-vars

src\components\estimates\ProjectEstimationPage.js
  Line 229:12:   'showPrintModal' is assigned a value but never used                                                                                                                                                                                                                                                                                                                              no-unused-vars
  Line 229:28:   'setShowPrintModal' is assigned a value but never used                                                                                                                                                                                                                                                                                                                           no-unused-vars
  Line 260:12:   'approvalPolicy' is assigned a value but never used                                                                                                                                                                                                                                                                                                                              no-unused-vars
  Line 290:12:   'saveHistory' is assigned a value but never used                                                                                                                                                                                                                                                                                                                                 no-unused-vars
  Line 292:12:   'autosaveError' is assigned a value but never used                                                                                                                                                                                                                                                                                                                               no-unused-vars
  Line 293:12:   'showLeaveConfirmModal' is assigned a value but never used                                                                                                                                                                                                                                                                                                                       no-unused-vars
  Line 611:8:    React Hook useEffect has missing dependencies: 'availMap', 'globalSettings.GLOBAL_TAX_PERCENT', 'globalSettings.GLOBAL_VAT_PERCENT', 'productById', and 'propProjectId'. Either include them or remove the dependency array. You can also replace multiple useState variables with useReducer if 'setVatPercent' needs the current value of 'globalSettings.GLOBAL_VAT_PERCENT'  react-hooks/exhaustive-deps
  Line 1293:11:  'countPayloadComponentColumns' is assigned a value but never used                                                                                                                                                                                                                                                                                                                no-unused-vars
  Line 1389:11:  'handleRestoreLatestDraft' is assigned a value but never used                                                                                                                                                                                                                                                                                                                    no-unused-vars
  Line 1395:11:  'handleDiscardLatestDraft' is assigned a value but never used                                                                                                                                                                                                                                                                                                                    no-unused-vars
  Line 1728:11:  'confirmLeaveWithoutSaving' is assigned a value but never used                                                                                                                                                                                                                                                                                                                   no-unused-vars
  Line 1735:11:  'saveThenLeave' is assigned a value but never used                                                                                                                                                                                                                                                                                                                               no-unused-vars

src\components\workflow\WorkflowBuilder.js
  Line 118:12:  'adminConfig' is assigned a value but never used                                                                                                                                                                                                                                     no-unused-vars
  Line 300:8:   React Hook useEffect has missing dependencies: 'flow.fileRequirements', 'flow.initialStage', 'flow.notifications', 'flow.requiredApprovals', 'flow.stages', 'flow.transitions', 'flow.visualLayout', 'setEdges', and 'setNodes'. Either include them or remove the dependency array  react-hooks/exhaustive-deps
  Line 303:9:   React Hook useEffect has a complex expression in the dependency array. Extract it to a separate variable so it can be statically checked                                                                                                                                             react-hooks/exhaustive-deps
  Line 304:9:   React Hook useEffect has a complex expression in the dependency array. Extract it to a separate variable so it can be statically checked                                                                                                                                             react-hooks/exhaustive-deps
  Line 305:9:   React Hook useEffect has a complex expression in the dependency array. Extract it to a separate variable so it can be statically checked                                                                                                                                             react-hooks/exhaustive-deps
  Line 306:9:   React Hook useEffect has a complex expression in the dependency array. Extract it to a separate variable so it can be statically checked                                                                                                                                             react-hooks/exhaustive-deps
  Line 307:9:   React Hook useEffect has a complex expression in the dependency array. Extract it to a separate variable so it can be statically checked                                                                                                                                             react-hooks/exhaustive-deps
  Line 308:9:   React Hook useEffect has a complex expression in the dependency array. Extract it to a separate variable so it can be statically checked                                                                                                                                             react-hooks/exhaustive-deps

webpack compiled with 1 warning
Compiling...
Compiled with warnings.

[eslint] 
src\components\Inventory\InventoryView.js
  Line 5:8:    'Select' is defined but never used                                                                                 no-unused-vars
  Line 18:31:  'setSelectedLocations' is assigned a value but never used                                                          no-unused-vars
  Line 20:28:  'setSupplierFilter' is assigned a value but never used                                                             no-unused-vars
  Line 21:26:  'setExpiryFilter' is assigned a value but never used                                                               no-unused-vars
  Line 38:8:   React Hook useEffect has a missing dependency: 'fetchLocations'. Either include it or remove the dependency array  react-hooks/exhaustive-deps

src\components\Project\ProjectDetails.js
  Line 39:11:   'userModules' is assigned a value but never used     no-unused-vars
  Line 180:11:  'openDatesModal' is assigned a value but never used  no-unused-vars
  Line 310:11:  'dueMeta' is assigned a value but never used         no-unused-vars

src\components\estimates\ProjectEstimationPage.js
  Line 229:12:   'showPrintModal' is assigned a value but never used                                                                                                                                                                                                                                                                                                                              no-unused-vars
  Line 229:28:   'setShowPrintModal' is assigned a value but never used                                                                                                                                                                                                                                                                                                                           no-unused-vars
  Line 260:12:   'approvalPolicy' is assigned a value but never used                                                                                                                                                                                                                                                                                                                              no-unused-vars
  Line 290:12:   'saveHistory' is assigned a value but never used                                                                                                                                                                                                                                                                                                                                 no-unused-vars
  Line 293:12:   'showLeaveConfirmModal' is assigned a value but never used                                                                                                                                                                                                                                                                                                                       no-unused-vars
  Line 611:8:    React Hook useEffect has missing dependencies: 'availMap', 'globalSettings.GLOBAL_TAX_PERCENT', 'globalSettings.GLOBAL_VAT_PERCENT', 'productById', and 'propProjectId'. Either include them or remove the dependency array. You can also replace multiple useState variables with useReducer if 'setVatPercent' needs the current value of 'globalSettings.GLOBAL_VAT_PERCENT'  react-hooks/exhaustive-deps
  Line 1293:11:  'countPayloadComponentColumns' is assigned a value but never used                                                                                                                                                                                                                                                                                                                no-unused-vars
  Line 1728:11:  'confirmLeaveWithoutSaving' is assigned a value but never used                                                                                                                                                                                                                                                                                                                   no-unused-vars
  Line 1735:11:  'saveThenLeave' is assigned a value but never used                                                                                                                                                                                                                                                                                                                               no-unused-vars

src\components\workflow\WorkflowBuilder.js
  Line 118:12:  'adminConfig' is assigned a value but never used                                                                                                                                                                                                                                     no-unused-vars
  Line 300:8:   React Hook useEffect has missing dependencies: 'flow.fileRequirements', 'flow.initialStage', 'flow.notifications', 'flow.requiredApprovals', 'flow.stages', 'flow.transitions', 'flow.visualLayout', 'setEdges', and 'setNodes'. Either include them or remove the dependency array  react-hooks/exhaustive-deps
  Line 303:9:   React Hook useEffect has a complex expression in the dependency array. Extract it to a separate variable so it can be statically checked                                                                                                                                             react-hooks/exhaustive-deps
  Line 304:9:   React Hook useEffect has a complex expression in the dependency array. Extract it to a separate variable so it can be statically checked                                                                                                                                             react-hooks/exhaustive-deps
  Line 305:9:   React Hook useEffect has a complex expression in the dependency array. Extract it to a separate variable so it can be statically checked                                                                                                                                             react-hooks/exhaustive-deps
  Line 306:9:   React Hook useEffect has a complex expression in the dependency array. Extract it to a separate variable so it can be statically checked                                                                                                                                             react-hooks/exhaustive-deps
  Line 307:9:   React Hook useEffect has a complex expression in the dependency array. Extract it to a separate variable so it can be statically checked                                                                                                                                             react-hooks/exhaustive-deps
  Line 308:9:   React Hook useEffect has a complex expression in the dependency array. Extract it to a separate variable so it can be statically checked                                                                                                                                             react-hooks/exhaustive-deps

Search for the keywords to learn more about each warning.
To ignore, add // eslint-disable-next-line to the line before.

WARNING in [eslint] 
src\components\Inventory\InventoryView.js
  Line 5:8:    'Select' is defined but never used                                                                                 no-unused-vars
  Line 18:31:  'setSelectedLocations' is assigned a value but never used                                                          no-unused-vars
  Line 20:28:  'setSupplierFilter' is assigned a value but never used                                                             no-unused-vars
  Line 21:26:  'setExpiryFilter' is assigned a value but never used                                                               no-unused-vars
  Line 38:8:   React Hook useEffect has a missing dependency: 'fetchLocations'. Either include it or remove the dependency array  react-hooks/exhaustive-deps

src\components\Project\ProjectDetails.js
  Line 39:11:   'userModules' is assigned a value but never used     no-unused-vars
  Line 180:11:  'openDatesModal' is assigned a value but never used  no-unused-vars
  Line 310:11:  'dueMeta' is assigned a value but never used         no-unused-vars

src\components\estimates\ProjectEstimationPage.js
  Line 229:12:   'showPrintModal' is assigned a value but never used                                                                                                                                                                                                                                                                                                                              no-unused-vars
  Line 229:28:   'setShowPrintModal' is assigned a value but never used                                                                                                                                                                                                                                                                                                                           no-unused-vars
  Line 260:12:   'approvalPolicy' is assigned a value but never used                                                                                                                                                                                                                                                                                                                              no-unused-vars
  Line 290:12:   'saveHistory' is assigned a value but never used                                                                                                                                                                                                                                                                                                                                 no-unused-vars
  Line 293:12:   'showLeaveConfirmModal' is assigned a value but never used                                                                                                                                                                                                                                                                                                                       no-unused-vars
  Line 611:8:    React Hook useEffect has missing dependencies: 'availMap', 'globalSettings.GLOBAL_TAX_PERCENT', 'globalSettings.GLOBAL_VAT_PERCENT', 'productById', and 'propProjectId'. Either include them or remove the dependency array. You can also replace multiple useState variables with useReducer if 'setVatPercent' needs the current value of 'globalSettings.GLOBAL_VAT_PERCENT'  react-hooks/exhaustive-deps
  Line 1293:11:  'countPayloadComponentColumns' is assigned a value but never used                                                                                                                                                                                                                                                                                                                no-unused-vars
  Line 1728:11:  'confirmLeaveWithoutSaving' is assigned a value but never used                                                                                                                                                                                                                                                                                                                   no-unused-vars
  Line 1735:11:  'saveThenLeave' is assigned a value but never used                                                                                                                                                                                                                                                                                                                               no-unused-vars

src\components\workflow\WorkflowBuilder.js
  Line 118:12:  'adminConfig' is assigned a value but never used                                                                                                                                                                                                                                     no-unused-vars
  Line 300:8:   React Hook useEffect has missing dependencies: 'flow.fileRequirements', 'flow.initialStage', 'flow.notifications', 'flow.requiredApprovals', 'flow.stages', 'flow.transitions', 'flow.visualLayout', 'setEdges', and 'setNodes'. Either include them or remove the dependency array  react-hooks/exhaustive-deps
  Line 303:9:   React Hook useEffect has a complex expression in the dependency array. Extract it to a separate variable so it can be statically checked                                                                                                                                             react-hooks/exhaustive-deps
  Line 304:9:   React Hook useEffect has a complex expression in the dependency array. Extract it to a separate variable so it can be statically checked                                                                                                                                             react-hooks/exhaustive-deps
  Line 305:9:   React Hook useEffect has a complex expression in the dependency array. Extract it to a separate variable so it can be statically checked                                                                                                                                             react-hooks/exhaustive-deps
  Line 306:9:   React Hook useEffect has a complex expression in the dependency array. Extract it to a separate variable so it can be statically checked                                                                                                                                             react-hooks/exhaustive-deps
  Line 307:9:   React Hook useEffect has a complex expression in the dependency array. Extract it to a separate variable so it can be statically checked                                                                                                                                             react-hooks/exhaustive-deps
  Line 308:9:   React Hook useEffect has a complex expression in the dependency array. Extract it to a separate variable so it can be statically checked                                                                                                                                             react-hooks/exhaustive-deps

webpack compiled with 1 warning
Compiling...
Compiled with warnings.

[eslint] 
src\components\Inventory\InventoryView.js
  Line 5:8:    'Select' is defined but never used                                                                                 no-unused-vars
  Line 18:31:  'setSelectedLocations' is assigned a value but never used                                                          no-unused-vars
  Line 20:28:  'setSupplierFilter' is assigned a value but never used                                                             no-unused-vars
  Line 21:26:  'setExpiryFilter' is assigned a value but never used                                                               no-unused-vars
  Line 38:8:   React Hook useEffect has a missing dependency: 'fetchLocations'. Either include it or remove the dependency array  react-hooks/exhaustive-deps

src\components\Project\ProjectDetails.js
  Line 39:11:   'userModules' is assigned a value but never used     no-unused-vars
  Line 180:11:  'openDatesModal' is assigned a value but never used  no-unused-vars
  Line 310:11:  'dueMeta' is assigned a value but never used         no-unused-vars

src\components\estimates\ProjectEstimationPage.js
  Line 229:12:   'showPrintModal' is assigned a value but never used                                                                                                                                                                                                                                                                                                                              no-unused-vars
  Line 229:28:   'setShowPrintModal' is assigned a value but never used                                                                                                                                                                                                                                                                                                                           no-unused-vars
  Line 260:12:   'approvalPolicy' is assigned a value but never used                                                                                                                                                                                                                                                                                                                              no-unused-vars
  Line 290:12:   'saveHistory' is assigned a value but never used                                                                                                                                                                                                                                                                                                                                 no-unused-vars
  Line 293:12:   'showLeaveConfirmModal' is assigned a value but never used                                                                                                                                                                                                                                                                                                                       no-unused-vars
  Line 611:8:    React Hook useEffect has missing dependencies: 'availMap', 'globalSettings.GLOBAL_TAX_PERCENT', 'globalSettings.GLOBAL_VAT_PERCENT', 'productById', and 'propProjectId'. Either include them or remove the dependency array. You can also replace multiple useState variables with useReducer if 'setVatPercent' needs the current value of 'globalSettings.GLOBAL_VAT_PERCENT'  react-hooks/exhaustive-deps
  Line 1293:11:  'countPayloadComponentColumns' is assigned a value but never used                                                                                                                                                                                                                                                                                                                no-unused-vars
  Line 1728:11:  'confirmLeaveWithoutSaving' is assigned a value but never used                                                                                                                                                                                                                                                                                                                   no-unused-vars
  Line 1735:11:  'saveThenLeave' is assigned a value but never used                                                                                                                                                                                                                                                                                                                               no-unused-vars

src\components\workflow\WorkflowBuilder.js
  Line 118:12:  'adminConfig' is assigned a value but never used                                                                                                                                                                                                                                     no-unused-vars
  Line 300:8:   React Hook useEffect has missing dependencies: 'flow.fileRequirements', 'flow.initialStage', 'flow.notifications', 'flow.requiredApprovals', 'flow.stages', 'flow.transitions', 'flow.visualLayout', 'setEdges', and 'setNodes'. Either include them or remove the dependency array  react-hooks/exhaustive-deps
  Line 303:9:   React Hook useEffect has a complex expression in the dependency array. Extract it to a separate variable so it can be statically checked                                                                                                                                             react-hooks/exhaustive-deps
  Line 304:9:   React Hook useEffect has a complex expression in the dependency array. Extract it to a separate variable so it can be statically checked                                                                                                                                             react-hooks/exhaustive-deps
  Line 305:9:   React Hook useEffect has a complex expression in the dependency array. Extract it to a separate variable so it can be statically checked                                                                                                                                             react-hooks/exhaustive-deps
  Line 306:9:   React Hook useEffect has a complex expression in the dependency array. Extract it to a separate variable so it can be statically checked                                                                                                                                             react-hooks/exhaustive-deps
  Line 307:9:   React Hook useEffect has a complex expression in the dependency array. Extract it to a separate variable so it can be statically checked                                                                                                                                             react-hooks/exhaustive-deps
  Line 308:9:   React Hook useEffect has a complex expression in the dependency array. Extract it to a separate variable so it can be statically checked                                                                                                                                             react-hooks/exhaustive-deps

Search for the keywords to learn more about each warning.
To ignore, add // eslint-disable-next-line to the line before.

WARNING in [eslint] 
src\components\Inventory\InventoryView.js
  Line 5:8:    'Select' is defined but never used                                                                                 no-unused-vars
  Line 18:31:  'setSelectedLocations' is assigned a value but never used                                                          no-unused-vars
  Line 20:28:  'setSupplierFilter' is assigned a value but never used                                                             no-unused-vars
  Line 21:26:  'setExpiryFilter' is assigned a value but never used                                                               no-unused-vars
  Line 38:8:   React Hook useEffect has a missing dependency: 'fetchLocations'. Either include it or remove the dependency array  react-hooks/exhaustive-deps

src\components\Project\ProjectDetails.js
  Line 39:11:   'userModules' is assigned a value but never used     no-unused-vars
  Line 180:11:  'openDatesModal' is assigned a value but never used  no-unused-vars
  Line 310:11:  'dueMeta' is assigned a value but never used         no-unused-vars

src\components\estimates\ProjectEstimationPage.js
  Line 229:12:   'showPrintModal' is assigned a value but never used                                                                                                                                                                                                                                                                                                                              no-unused-vars
  Line 229:28:   'setShowPrintModal' is assigned a value but never used                                                                                                                                                                                                                                                                                                                           no-unused-vars
  Line 260:12:   'approvalPolicy' is assigned a value but never used                                                                                                                                                                                                                                                                                                                              no-unused-vars
  Line 290:12:   'saveHistory' is assigned a value but never used                                                                                                                                                                                                                                                                                                                                 no-unused-vars
  Line 293:12:   'showLeaveConfirmModal' is assigned a value but never used                                                                                                                                                                                                                                                                                                                       no-unused-vars
  Line 611:8:    React Hook useEffect has missing dependencies: 'availMap', 'globalSettings.GLOBAL_TAX_PERCENT', 'globalSettings.GLOBAL_VAT_PERCENT', 'productById', and 'propProjectId'. Either include them or remove the dependency array. You can also replace multiple useState variables with useReducer if 'setVatPercent' needs the current value of 'globalSettings.GLOBAL_VAT_PERCENT'  react-hooks/exhaustive-deps
  Line 1293:11:  'countPayloadComponentColumns' is assigned a value but never used                                                                                                                                                                                                                                                                                                                no-unused-vars
  Line 1728:11:  'confirmLeaveWithoutSaving' is assigned a value but never used                                                                                                                                                                                                                                                                                                                   no-unused-vars
  Line 1735:11:  'saveThenLeave' is assigned a value but never used                                                                                                                                                                                                                                                                                                                               no-unused-vars

src\components\workflow\WorkflowBuilder.js
  Line 118:12:  'adminConfig' is assigned a value but never used                                                                                                                                                                                                                                     no-unused-vars
  Line 300:8:   React Hook useEffect has missing dependencies: 'flow.fileRequirements', 'flow.initialStage', 'flow.notifications', 'flow.requiredApprovals', 'flow.stages', 'flow.transitions', 'flow.visualLayout', 'setEdges', and 'setNodes'. Either include them or remove the dependency array  react-hooks/exhaustive-deps
  Line 303:9:   React Hook useEffect has a complex expression in the dependency array. Extract it to a separate variable so it can be statically checked                                                                                                                                             react-hooks/exhaustive-deps
  Line 304:9:   React Hook useEffect has a complex expression in the dependency array. Extract it to a separate variable so it can be statically checked                                                                                                                                             react-hooks/exhaustive-deps
  Line 305:9:   React Hook useEffect has a complex expression in the dependency array. Extract it to a separate variable so it can be statically checked                                                                                                                                             react-hooks/exhaustive-deps
  Line 306:9:   React Hook useEffect has a complex expression in the dependency array. Extract it to a separate variable so it can be statically checked                                                                                                                                             react-hooks/exhaustive-deps
  Line 307:9:   React Hook useEffect has a complex expression in the dependency array. Extract it to a separate variable so it can be statically checked                                                                                                                                             react-hooks/exhaustive-deps
  Line 308:9:   React Hook useEffect has a complex expression in the dependency array. Extract it to a separate variable so it can be statically checked                                                                                                                                             react-hooks/exhaustive-deps

webpack compiled with 1 warning
Compiling...
Compiled with warnings.

[eslint] 
src\components\Inventory\InventoryView.js
  Line 5:8:    'Select' is defined but never used                                                                                 no-unused-vars
  Line 18:31:  'setSelectedLocations' is assigned a value but never used                                                          no-unused-vars
  Line 20:28:  'setSupplierFilter' is assigned a value but never used                                                             no-unused-vars
  Line 21:26:  'setExpiryFilter' is assigned a value but never used                                                               no-unused-vars
  Line 38:8:   React Hook useEffect has a missing dependency: 'fetchLocations'. Either include it or remove the dependency array  react-hooks/exhaustive-deps

src\components\Project\ProjectDetails.js
  Line 39:11:   'userModules' is assigned a value but never used     no-unused-vars
  Line 180:11:  'openDatesModal' is assigned a value but never used  no-unused-vars
  Line 310:11:  'dueMeta' is assigned a value but never used         no-unused-vars

src\components\estimates\ProjectEstimationPage.js
  Line 229:12:   'showPrintModal' is assigned a value but never used                                                                                                                                                                                                                                                                                                                              no-unused-vars
  Line 229:28:   'setShowPrintModal' is assigned a value but never used                                                                                                                                                                                                                                                                                                                           no-unused-vars
  Line 260:12:   'approvalPolicy' is assigned a value but never used                                                                                                                                                                                                                                                                                                                              no-unused-vars
  Line 290:12:   'saveHistory' is assigned a value but never used                                                                                                                                                                                                                                                                                                                                 no-unused-vars
  Line 293:12:   'showLeaveConfirmModal' is assigned a value but never used                                                                                                                                                                                                                                                                                                                       no-unused-vars
  Line 611:8:    React Hook useEffect has missing dependencies: 'availMap', 'globalSettings.GLOBAL_TAX_PERCENT', 'globalSettings.GLOBAL_VAT_PERCENT', 'productById', and 'propProjectId'. Either include them or remove the dependency array. You can also replace multiple useState variables with useReducer if 'setVatPercent' needs the current value of 'globalSettings.GLOBAL_VAT_PERCENT'  react-hooks/exhaustive-deps
  Line 1293:11:  'countPayloadComponentColumns' is assigned a value but never used                                                                                                                                                                                                                                                                                                                no-unused-vars
  Line 1409:11:  'formatSaveEventType' is assigned a value but never used                                                                                                                                                                                                                                                                                                                         no-unused-vars
  Line 1416:11:  'saveEventVariant' is assigned a value but never used                                                                                                                                                                                                                                                                                                                            no-unused-vars
  Line 1742:11:  'confirmLeaveWithoutSaving' is assigned a value but never used                                                                                                                                                                                                                                                                                                                   no-unused-vars
  Line 1749:11:  'saveThenLeave' is assigned a value but never used                                                                                                                                                                                                                                                                                                                               no-unused-vars

src\components\workflow\WorkflowBuilder.js
  Line 118:12:  'adminConfig' is assigned a value but never used                                                                                                                                                                                                                                     no-unused-vars
  Line 300:8:   React Hook useEffect has missing dependencies: 'flow.fileRequirements', 'flow.initialStage', 'flow.notifications', 'flow.requiredApprovals', 'flow.stages', 'flow.transitions', 'flow.visualLayout', 'setEdges', and 'setNodes'. Either include them or remove the dependency array  react-hooks/exhaustive-deps
  Line 303:9:   React Hook useEffect has a complex expression in the dependency array. Extract it to a separate variable so it can be statically checked                                                                                                                                             react-hooks/exhaustive-deps
  Line 304:9:   React Hook useEffect has a complex expression in the dependency array. Extract it to a separate variable so it can be statically checked                                                                                                                                             react-hooks/exhaustive-deps
  Line 305:9:   React Hook useEffect has a complex expression in the dependency array. Extract it to a separate variable so it can be statically checked                                                                                                                                             react-hooks/exhaustive-deps
  Line 306:9:   React Hook useEffect has a complex expression in the dependency array. Extract it to a separate variable so it can be statically checked                                                                                                                                             react-hooks/exhaustive-deps
  Line 307:9:   React Hook useEffect has a complex expression in the dependency array. Extract it to a separate variable so it can be statically checked                                                                                                                                             react-hooks/exhaustive-deps
  Line 308:9:   React Hook useEffect has a complex expression in the dependency array. Extract it to a separate variable so it can be statically checked                                                                                                                                             react-hooks/exhaustive-deps

Search for the keywords to learn more about each warning.
To ignore, add // eslint-disable-next-line to the line before.

WARNING in [eslint] 
src\components\Inventory\InventoryView.js
  Line 5:8:    'Select' is defined but never used                                                                                 no-unused-vars
  Line 18:31:  'setSelectedLocations' is assigned a value but never used                                                          no-unused-vars
  Line 20:28:  'setSupplierFilter' is assigned a value but never used                                                             no-unused-vars
  Line 21:26:  'setExpiryFilter' is assigned a value but never used                                                               no-unused-vars
  Line 38:8:   React Hook useEffect has a missing dependency: 'fetchLocations'. Either include it or remove the dependency array  react-hooks/exhaustive-deps

src\components\Project\ProjectDetails.js
  Line 39:11:   'userModules' is assigned a value but never used     no-unused-vars
  Line 180:11:  'openDatesModal' is assigned a value but never used  no-unused-vars
  Line 310:11:  'dueMeta' is assigned a value but never used         no-unused-vars

src\components\estimates\ProjectEstimationPage.js
  Line 229:12:   'showPrintModal' is assigned a value but never used                                                                                                                                                                                                                                                                                                                              no-unused-vars
  Line 229:28:   'setShowPrintModal' is assigned a value but never used                                                                                                                                                                                                                                                                                                                           no-unused-vars
  Line 260:12:   'approvalPolicy' is assigned a value but never used                                                                                                                                                                                                                                                                                                                              no-unused-vars
  Line 290:12:   'saveHistory' is assigned a value but never used                                                                                                                                                                                                                                                                                                                                 no-unused-vars
  Line 293:12:   'showLeaveConfirmModal' is assigned a value but never used                                                                                                                                                                                                                                                                                                                       no-unused-vars
  Line 611:8:    React Hook useEffect has missing dependencies: 'availMap', 'globalSettings.GLOBAL_TAX_PERCENT', 'globalSettings.GLOBAL_VAT_PERCENT', 'productById', and 'propProjectId'. Either include them or remove the dependency array. You can also replace multiple useState variables with useReducer if 'setVatPercent' needs the current value of 'globalSettings.GLOBAL_VAT_PERCENT'  react-hooks/exhaustive-deps
  Line 1293:11:  'countPayloadComponentColumns' is assigned a value but never used                                                                                                                                                                                                                                                                                                                no-unused-vars
  Line 1409:11:  'formatSaveEventType' is assigned a value but never used                                                                                                                                                                                                                                                                                                                         no-unused-vars
  Line 1416:11:  'saveEventVariant' is assigned a value but never used                                                                                                                                                                                                                                                                                                                            no-unused-vars
  Line 1742:11:  'confirmLeaveWithoutSaving' is assigned a value but never used                                                                                                                                                                                                                                                                                                                   no-unused-vars
  Line 1749:11:  'saveThenLeave' is assigned a value but never used                                                                                                                                                                                                                                                                                                                               no-unused-vars

src\components\workflow\WorkflowBuilder.js
  Line 118:12:  'adminConfig' is assigned a value but never used                                                                                                                                                                                                                                     no-unused-vars
  Line 300:8:   React Hook useEffect has missing dependencies: 'flow.fileRequirements', 'flow.initialStage', 'flow.notifications', 'flow.requiredApprovals', 'flow.stages', 'flow.transitions', 'flow.visualLayout', 'setEdges', and 'setNodes'. Either include them or remove the dependency array  react-hooks/exhaustive-deps
  Line 303:9:   React Hook useEffect has a complex expression in the dependency array. Extract it to a separate variable so it can be statically checked                                                                                                                                             react-hooks/exhaustive-deps
  Line 304:9:   React Hook useEffect has a complex expression in the dependency array. Extract it to a separate variable so it can be statically checked                                                                                                                                             react-hooks/exhaustive-deps
  Line 305:9:   React Hook useEffect has a complex expression in the dependency array. Extract it to a separate variable so it can be statically checked                                                                                                                                             react-hooks/exhaustive-deps
  Line 306:9:   React Hook useEffect has a complex expression in the dependency array. Extract it to a separate variable so it can be statically checked                                                                                                                                             react-hooks/exhaustive-deps
  Line 307:9:   React Hook useEffect has a complex expression in the dependency array. Extract it to a separate variable so it can be statically checked                                                                                                                                             react-hooks/exhaustive-deps
  Line 308:9:   React Hook useEffect has a complex expression in the dependency array. Extract it to a separate variable so it can be statically checked                                                                                                                                             react-hooks/exhaustive-deps

webpack compiled with 1 warning
Compiling...
Compiled with warnings.

[eslint] 
src\components\Inventory\InventoryView.js
  Line 5:8:    'Select' is defined but never used                                                                                 no-unused-vars
  Line 18:31:  'setSelectedLocations' is assigned a value but never used                                                          no-unused-vars
  Line 20:28:  'setSupplierFilter' is assigned a value but never used                                                             no-unused-vars
  Line 21:26:  'setExpiryFilter' is assigned a value but never used                                                               no-unused-vars
  Line 38:8:   React Hook useEffect has a missing dependency: 'fetchLocations'. Either include it or remove the dependency array  react-hooks/exhaustive-deps

src\components\Project\ProjectDetails.js
  Line 39:11:   'userModules' is assigned a value but never used     no-unused-vars
  Line 180:11:  'openDatesModal' is assigned a value but never used  no-unused-vars
  Line 310:11:  'dueMeta' is assigned a value but never used         no-unused-vars

src\components\estimates\ProjectEstimationPage.js
  Line 229:12:   'showPrintModal' is assigned a value but never used                                                                                                                                                                                                                                                                                                                              no-unused-vars
  Line 229:28:   'setShowPrintModal' is assigned a value but never used                                                                                                                                                                                                                                                                                                                           no-unused-vars
  Line 260:12:   'approvalPolicy' is assigned a value but never used                                                                                                                                                                                                                                                                                                                              no-unused-vars
  Line 293:12:   'showLeaveConfirmModal' is assigned a value but never used                                                                                                                                                                                                                                                                                                                       no-unused-vars
  Line 611:8:    React Hook useEffect has missing dependencies: 'availMap', 'globalSettings.GLOBAL_TAX_PERCENT', 'globalSettings.GLOBAL_VAT_PERCENT', 'productById', and 'propProjectId'. Either include them or remove the dependency array. You can also replace multiple useState variables with useReducer if 'setVatPercent' needs the current value of 'globalSettings.GLOBAL_VAT_PERCENT'  react-hooks/exhaustive-deps
  Line 1293:11:  'countPayloadComponentColumns' is assigned a value but never used                                                                                                                                                                                                                                                                                                                no-unused-vars
  Line 1742:11:  'confirmLeaveWithoutSaving' is assigned a value but never used                                                                                                                                                                                                                                                                                                                   no-unused-vars
  Line 1749:11:  'saveThenLeave' is assigned a value but never used                                                                                                                                                                                                                                                                                                                               no-unused-vars

src\components\workflow\WorkflowBuilder.js
  Line 118:12:  'adminConfig' is assigned a value but never used                                                                                                                                                                                                                                     no-unused-vars
  Line 300:8:   React Hook useEffect has missing dependencies: 'flow.fileRequirements', 'flow.initialStage', 'flow.notifications', 'flow.requiredApprovals', 'flow.stages', 'flow.transitions', 'flow.visualLayout', 'setEdges', and 'setNodes'. Either include them or remove the dependency array  react-hooks/exhaustive-deps
  Line 303:9:   React Hook useEffect has a complex expression in the dependency array. Extract it to a separate variable so it can be statically checked                                                                                                                                             react-hooks/exhaustive-deps
  Line 304:9:   React Hook useEffect has a complex expression in the dependency array. Extract it to a separate variable so it can be statically checked                                                                                                                                             react-hooks/exhaustive-deps
  Line 305:9:   React Hook useEffect has a complex expression in the dependency array. Extract it to a separate variable so it can be statically checked                                                                                                                                             react-hooks/exhaustive-deps
  Line 306:9:   React Hook useEffect has a complex expression in the dependency array. Extract it to a separate variable so it can be statically checked                                                                                                                                             react-hooks/exhaustive-deps
  Line 307:9:   React Hook useEffect has a complex expression in the dependency array. Extract it to a separate variable so it can be statically checked                                                                                                                                             react-hooks/exhaustive-deps
  Line 308:9:   React Hook useEffect has a complex expression in the dependency array. Extract it to a separate variable so it can be statically checked                                                                                                                                             react-hooks/exhaustive-deps

Search for the keywords to learn more about each warning.
To ignore, add // eslint-disable-next-line to the line before.

WARNING in [eslint] 
src\components\Inventory\InventoryView.js
  Line 5:8:    'Select' is defined but never used                                                                                 no-unused-vars
  Line 18:31:  'setSelectedLocations' is assigned a value but never used                                                          no-unused-vars
  Line 20:28:  'setSupplierFilter' is assigned a value but never used                                                             no-unused-vars
  Line 21:26:  'setExpiryFilter' is assigned a value but never used                                                               no-unused-vars
  Line 38:8:   React Hook useEffect has a missing dependency: 'fetchLocations'. Either include it or remove the dependency array  react-hooks/exhaustive-deps

src\components\Project\ProjectDetails.js
  Line 39:11:   'userModules' is assigned a value but never used     no-unused-vars
  Line 180:11:  'openDatesModal' is assigned a value but never used  no-unused-vars
  Line 310:11:  'dueMeta' is assigned a value but never used         no-unused-vars

src\components\estimates\ProjectEstimationPage.js
  Line 229:12:   'showPrintModal' is assigned a value but never used                                                                                                                                                                                                                                                                                                                              no-unused-vars
  Line 229:28:   'setShowPrintModal' is assigned a value but never used                                                                                                                                                                                                                                                                                                                           no-unused-vars
  Line 260:12:   'approvalPolicy' is assigned a value but never used                                                                                                                                                                                                                                                                                                                              no-unused-vars
  Line 293:12:   'showLeaveConfirmModal' is assigned a value but never used                                                                                                                                                                                                                                                                                                                       no-unused-vars
  Line 611:8:    React Hook useEffect has missing dependencies: 'availMap', 'globalSettings.GLOBAL_TAX_PERCENT', 'globalSettings.GLOBAL_VAT_PERCENT', 'productById', and 'propProjectId'. Either include them or remove the dependency array. You can also replace multiple useState variables with useReducer if 'setVatPercent' needs the current value of 'globalSettings.GLOBAL_VAT_PERCENT'  react-hooks/exhaustive-deps
  Line 1293:11:  'countPayloadComponentColumns' is assigned a value but never used                                                                                                                                                                                                                                                                                                                no-unused-vars
  Line 1742:11:  'confirmLeaveWithoutSaving' is assigned a value but never used                                                                                                                                                                                                                                                                                                                   no-unused-vars
  Line 1749:11:  'saveThenLeave' is assigned a value but never used                                                                                                                                                                                                                                                                                                                               no-unused-vars

src\components\workflow\WorkflowBuilder.js
  Line 118:12:  'adminConfig' is assigned a value but never used                                                                                                                                                                                                                                     no-unused-vars
  Line 300:8:   React Hook useEffect has missing dependencies: 'flow.fileRequirements', 'flow.initialStage', 'flow.notifications', 'flow.requiredApprovals', 'flow.stages', 'flow.transitions', 'flow.visualLayout', 'setEdges', and 'setNodes'. Either include them or remove the dependency array  react-hooks/exhaustive-deps
  Line 303:9:   React Hook useEffect has a complex expression in the dependency array. Extract it to a separate variable so it can be statically checked                                                                                                                                             react-hooks/exhaustive-deps
  Line 304:9:   React Hook useEffect has a complex expression in the dependency array. Extract it to a separate variable so it can be statically checked                                                                                                                                             react-hooks/exhaustive-deps
  Line 305:9:   React Hook useEffect has a complex expression in the dependency array. Extract it to a separate variable so it can be statically checked                                                                                                                                             react-hooks/exhaustive-deps
  Line 306:9:   React Hook useEffect has a complex expression in the dependency array. Extract it to a separate variable so it can be statically checked                                                                                                                                             react-hooks/exhaustive-deps
  Line 307:9:   React Hook useEffect has a complex expression in the dependency array. Extract it to a separate variable so it can be statically checked                                                                                                                                             react-hooks/exhaustive-deps
  Line 308:9:   React Hook useEffect has a complex expression in the dependency array. Extract it to a separate variable so it can be statically checked                                                                                                                                             react-hooks/exhaustive-deps

webpack compiled with 1 warning
Compiling...
Compiled with warnings.

[eslint] 
src\components\Inventory\InventoryView.js
  Line 5:8:    'Select' is defined but never used                                                                                 no-unused-vars
  Line 18:31:  'setSelectedLocations' is assigned a value but never used                                                          no-unused-vars
  Line 20:28:  'setSupplierFilter' is assigned a value but never used                                                             no-unused-vars
  Line 21:26:  'setExpiryFilter' is assigned a value but never used                                                               no-unused-vars
  Line 38:8:   React Hook useEffect has a missing dependency: 'fetchLocations'. Either include it or remove the dependency array  react-hooks/exhaustive-deps

src\components\Project\ProjectDetails.js
  Line 39:11:   'userModules' is assigned a value but never used     no-unused-vars
  Line 180:11:  'openDatesModal' is assigned a value but never used  no-unused-vars
  Line 310:11:  'dueMeta' is assigned a value but never used         no-unused-vars

src\components\estimates\ProjectEstimationPage.js
  Line 229:12:   'showPrintModal' is assigned a value but never used                                                                                                                                                                                                                                                                                                                              no-unused-vars
  Line 229:28:   'setShowPrintModal' is assigned a value but never used                                                                                                                                                                                                                                                                                                                           no-unused-vars
  Line 260:12:   'approvalPolicy' is assigned a value but never used                                                                                                                                                                                                                                                                                                                              no-unused-vars
  Line 293:12:   'showLeaveConfirmModal' is assigned a value but never used                                                                                                                                                                                                                                                                                                                       no-unused-vars
  Line 611:8:    React Hook useEffect has missing dependencies: 'availMap', 'globalSettings.GLOBAL_TAX_PERCENT', 'globalSettings.GLOBAL_VAT_PERCENT', 'productById', and 'propProjectId'. Either include them or remove the dependency array. You can also replace multiple useState variables with useReducer if 'setVatPercent' needs the current value of 'globalSettings.GLOBAL_VAT_PERCENT'  react-hooks/exhaustive-deps
  Line 1293:11:  'countPayloadComponentColumns' is assigned a value but never used                                                                                                                                                                                                                                                                                                                no-unused-vars
  Line 1742:11:  'confirmLeaveWithoutSaving' is assigned a value but never used                                                                                                                                                                                                                                                                                                                   no-unused-vars
  Line 1749:11:  'saveThenLeave' is assigned a value but never used                                                                                                                                                                                                                                                                                                                               no-unused-vars

src\components\workflow\WorkflowBuilder.js
  Line 118:12:  'adminConfig' is assigned a value but never used                                                                                                                                                                                                                                     no-unused-vars
  Line 300:8:   React Hook useEffect has missing dependencies: 'flow.fileRequirements', 'flow.initialStage', 'flow.notifications', 'flow.requiredApprovals', 'flow.stages', 'flow.transitions', 'flow.visualLayout', 'setEdges', and 'setNodes'. Either include them or remove the dependency array  react-hooks/exhaustive-deps
  Line 303:9:   React Hook useEffect has a complex expression in the dependency array. Extract it to a separate variable so it can be statically checked                                                                                                                                             react-hooks/exhaustive-deps
  Line 304:9:   React Hook useEffect has a complex expression in the dependency array. Extract it to a separate variable so it can be statically checked                                                                                                                                             react-hooks/exhaustive-deps
  Line 305:9:   React Hook useEffect has a complex expression in the dependency array. Extract it to a separate variable so it can be statically checked                                                                                                                                             react-hooks/exhaustive-deps
  Line 306:9:   React Hook useEffect has a complex expression in the dependency array. Extract it to a separate variable so it can be statically checked                                                                                                                                             react-hooks/exhaustive-deps
  Line 307:9:   React Hook useEffect has a complex expression in the dependency array. Extract it to a separate variable so it can be statically checked                                                                                                                                             react-hooks/exhaustive-deps
  Line 308:9:   React Hook useEffect has a complex expression in the dependency array. Extract it to a separate variable so it can be statically checked                                                                                                                                             react-hooks/exhaustive-deps

Search for the keywords to learn more about each warning.
To ignore, add // eslint-disable-next-line to the line before.

WARNING in [eslint] 
src\components\Inventory\InventoryView.js
  Line 5:8:    'Select' is defined but never used                                                                                 no-unused-vars
  Line 18:31:  'setSelectedLocations' is assigned a value but never used                                                          no-unused-vars
  Line 20:28:  'setSupplierFilter' is assigned a value but never used                                                             no-unused-vars
  Line 21:26:  'setExpiryFilter' is assigned a value but never used                                                               no-unused-vars
  Line 38:8:   React Hook useEffect has a missing dependency: 'fetchLocations'. Either include it or remove the dependency array  react-hooks/exhaustive-deps

src\components\Project\ProjectDetails.js
  Line 39:11:   'userModules' is assigned a value but never used     no-unused-vars
  Line 180:11:  'openDatesModal' is assigned a value but never used  no-unused-vars
  Line 310:11:  'dueMeta' is assigned a value but never used         no-unused-vars

src\components\estimates\ProjectEstimationPage.js
  Line 229:12:   'showPrintModal' is assigned a value but never used                                                                                                                                                                                                                                                                                                                              no-unused-vars
  Line 229:28:   'setShowPrintModal' is assigned a value but never used                                                                                                                                                                                                                                                                                                                           no-unused-vars
  Line 260:12:   'approvalPolicy' is assigned a value but never used                                                                                                                                                                                                                                                                                                                              no-unused-vars
  Line 293:12:   'showLeaveConfirmModal' is assigned a value but never used                                                                                                                                                                                                                                                                                                                       no-unused-vars
  Line 611:8:    React Hook useEffect has missing dependencies: 'availMap', 'globalSettings.GLOBAL_TAX_PERCENT', 'globalSettings.GLOBAL_VAT_PERCENT', 'productById', and 'propProjectId'. Either include them or remove the dependency array. You can also replace multiple useState variables with useReducer if 'setVatPercent' needs the current value of 'globalSettings.GLOBAL_VAT_PERCENT'  react-hooks/exhaustive-deps
  Line 1293:11:  'countPayloadComponentColumns' is assigned a value but never used                                                                                                                                                                                                                                                                                                                no-unused-vars
  Line 1742:11:  'confirmLeaveWithoutSaving' is assigned a value but never used                                                                                                                                                                                                                                                                                                                   no-unused-vars
  Line 1749:11:  'saveThenLeave' is assigned a value but never used                                                                                                                                                                                                                                                                                                                               no-unused-vars

src\components\workflow\WorkflowBuilder.js
  Line 118:12:  'adminConfig' is assigned a value but never used                                                                                                                                                                                                                                     no-unused-vars
  Line 300:8:   React Hook useEffect has missing dependencies: 'flow.fileRequirements', 'flow.initialStage', 'flow.notifications', 'flow.requiredApprovals', 'flow.stages', 'flow.transitions', 'flow.visualLayout', 'setEdges', and 'setNodes'. Either include them or remove the dependency array  react-hooks/exhaustive-deps
  Line 303:9:   React Hook useEffect has a complex expression in the dependency array. Extract it to a separate variable so it can be statically checked                                                                                                                                             react-hooks/exhaustive-deps
  Line 304:9:   React Hook useEffect has a complex expression in the dependency array. Extract it to a separate variable so it can be statically checked                                                                                                                                             react-hooks/exhaustive-deps
  Line 305:9:   React Hook useEffect has a complex expression in the dependency array. Extract it to a separate variable so it can be statically checked                                                                                                                                             react-hooks/exhaustive-deps
  Line 306:9:   React Hook useEffect has a complex expression in the dependency array. Extract it to a separate variable so it can be statically checked                                                                                                                                             react-hooks/exhaustive-deps
  Line 307:9:   React Hook useEffect has a complex expression in the dependency array. Extract it to a separate variable so it can be statically checked                                                                                                                                             react-hooks/exhaustive-deps
  Line 308:9:   React Hook useEffect has a complex expression in the dependency array. Extract it to a separate variable so it can be statically checked                                                                                                                                             react-hooks/exhaustive-deps

webpack compiled with 1 warning
Compiling...
Compiled with warnings.

[eslint] 
src\components\Inventory\InventoryView.js
  Line 5:8:    'Select' is defined but never used                                                                                 no-unused-vars
  Line 18:31:  'setSelectedLocations' is assigned a value but never used                                                          no-unused-vars
  Line 20:28:  'setSupplierFilter' is assigned a value but never used                                                             no-unused-vars
  Line 21:26:  'setExpiryFilter' is assigned a value but never used                                                               no-unused-vars
  Line 38:8:   React Hook useEffect has a missing dependency: 'fetchLocations'. Either include it or remove the dependency array  react-hooks/exhaustive-deps

src\components\Project\ProjectDetails.js
  Line 39:11:   'userModules' is assigned a value but never used     no-unused-vars
  Line 180:11:  'openDatesModal' is assigned a value but never used  no-unused-vars
  Line 310:11:  'dueMeta' is assigned a value but never used         no-unused-vars

src\components\estimates\ProjectEstimationPage.js
  Line 229:12:   'showPrintModal' is assigned a value but never used                                                                                                                                                                                                                                                                                                                              no-unused-vars
  Line 229:28:   'setShowPrintModal' is assigned a value but never used                                                                                                                                                                                                                                                                                                                           no-unused-vars
  Line 260:12:   'approvalPolicy' is assigned a value but never used                                                                                                                                                                                                                                                                                                                              no-unused-vars
  Line 611:8:    React Hook useEffect has missing dependencies: 'availMap', 'globalSettings.GLOBAL_TAX_PERCENT', 'globalSettings.GLOBAL_VAT_PERCENT', 'productById', and 'propProjectId'. Either include them or remove the dependency array. You can also replace multiple useState variables with useReducer if 'setVatPercent' needs the current value of 'globalSettings.GLOBAL_VAT_PERCENT'  react-hooks/exhaustive-deps
  Line 1293:11:  'countPayloadComponentColumns' is assigned a value but never used                                                                                                                                                                                                                                                                                                                no-unused-vars

src\components\workflow\WorkflowBuilder.js
  Line 118:12:  'adminConfig' is assigned a value but never used                                                                                                                                                                                                                                     no-unused-vars
  Line 300:8:   React Hook useEffect has missing dependencies: 'flow.fileRequirements', 'flow.initialStage', 'flow.notifications', 'flow.requiredApprovals', 'flow.stages', 'flow.transitions', 'flow.visualLayout', 'setEdges', and 'setNodes'. Either include them or remove the dependency array  react-hooks/exhaustive-deps
  Line 303:9:   React Hook useEffect has a complex expression in the dependency array. Extract it to a separate variable so it can be statically checked                                                                                                                                             react-hooks/exhaustive-deps
  Line 304:9:   React Hook useEffect has a complex expression in the dependency array. Extract it to a separate variable so it can be statically checked                                                                                                                                             react-hooks/exhaustive-deps
  Line 305:9:   React Hook useEffect has a complex expression in the dependency array. Extract it to a separate variable so it can be statically checked                                                                                                                                             react-hooks/exhaustive-deps
  Line 306:9:   React Hook useEffect has a complex expression in the dependency array. Extract it to a separate variable so it can be statically checked                                                                                                                                             react-hooks/exhaustive-deps
  Line 307:9:   React Hook useEffect has a complex expression in the dependency array. Extract it to a separate variable so it can be statically checked                                                                                                                                             react-hooks/exhaustive-deps
  Line 308:9:   React Hook useEffect has a complex expression in the dependency array. Extract it to a separate variable so it can be statically checked                                                                                                                                             react-hooks/exhaustive-deps

Search for the keywords to learn more about each warning.
To ignore, add // eslint-disable-next-line to the line before.

WARNING in [eslint] 
src\components\Inventory\InventoryView.js
  Line 5:8:    'Select' is defined but never used                                                                                 no-unused-vars
  Line 18:31:  'setSelectedLocations' is assigned a value but never used                                                          no-unused-vars
  Line 20:28:  'setSupplierFilter' is assigned a value but never used                                                             no-unused-vars
  Line 21:26:  'setExpiryFilter' is assigned a value but never used                                                               no-unused-vars
  Line 38:8:   React Hook useEffect has a missing dependency: 'fetchLocations'. Either include it or remove the dependency array  react-hooks/exhaustive-deps

src\components\Project\ProjectDetails.js
  Line 39:11:   'userModules' is assigned a value but never used     no-unused-vars
  Line 180:11:  'openDatesModal' is assigned a value but never used  no-unused-vars
  Line 310:11:  'dueMeta' is assigned a value but never used         no-unused-vars

src\components\estimates\ProjectEstimationPage.js
  Line 229:12:   'showPrintModal' is assigned a value but never used                                                                                                                                                                                                                                                                                                                              no-unused-vars
  Line 229:28:   'setShowPrintModal' is assigned a value but never used                                                                                                                                                                                                                                                                                                                           no-unused-vars
  Line 260:12:   'approvalPolicy' is assigned a value but never used                                                                                                                                                                                                                                                                                                                              no-unused-vars
  Line 611:8:    React Hook useEffect has missing dependencies: 'availMap', 'globalSettings.GLOBAL_TAX_PERCENT', 'globalSettings.GLOBAL_VAT_PERCENT', 'productById', and 'propProjectId'. Either include them or remove the dependency array. You can also replace multiple useState variables with useReducer if 'setVatPercent' needs the current value of 'globalSettings.GLOBAL_VAT_PERCENT'  react-hooks/exhaustive-deps
  Line 1293:11:  'countPayloadComponentColumns' is assigned a value but never used                                                                                                                                                                                                                                                                                                                no-unused-vars

src\components\workflow\WorkflowBuilder.js
  Line 118:12:  'adminConfig' is assigned a value but never used                                                                                                                                                                                                                                     no-unused-vars
  Line 300:8:   React Hook useEffect has missing dependencies: 'flow.fileRequirements', 'flow.initialStage', 'flow.notifications', 'flow.requiredApprovals', 'flow.stages', 'flow.transitions', 'flow.visualLayout', 'setEdges', and 'setNodes'. Either include them or remove the dependency array  react-hooks/exhaustive-deps
  Line 303:9:   React Hook useEffect has a complex expression in the dependency array. Extract it to a separate variable so it can be statically checked                                                                                                                                             react-hooks/exhaustive-deps
  Line 304:9:   React Hook useEffect has a complex expression in the dependency array. Extract it to a separate variable so it can be statically checked                                                                                                                                             react-hooks/exhaustive-deps
  Line 305:9:   React Hook useEffect has a complex expression in the dependency array. Extract it to a separate variable so it can be statically checked                                                                                                                                             react-hooks/exhaustive-deps
  Line 306:9:   React Hook useEffect has a complex expression in the dependency array. Extract it to a separate variable so it can be statically checked                                                                                                                                             react-hooks/exhaustive-deps
  Line 307:9:   React Hook useEffect has a complex expression in the dependency array. Extract it to a separate variable so it can be statically checked                                                                                                                                             react-hooks/exhaustive-deps
  Line 308:9:   React Hook useEffect has a complex expression in the dependency array. Extract it to a separate variable so it can be statically checked                                                                                                                                             react-hooks/exhaustive-deps

webpack compiled with 1 warning
Compiling...
Compiled with warnings.

[eslint] 
src\components\Inventory\InventoryView.js
  Line 5:8:    'Select' is defined but never used                                                                                 no-unused-vars
  Line 18:31:  'setSelectedLocations' is assigned a value but never used                                                          no-unused-vars
  Line 20:28:  'setSupplierFilter' is assigned a value but never used                                                             no-unused-vars
  Line 21:26:  'setExpiryFilter' is assigned a value but never used                                                               no-unused-vars
  Line 38:8:   React Hook useEffect has a missing dependency: 'fetchLocations'. Either include it or remove the dependency array  react-hooks/exhaustive-deps

src\components\Project\ProjectDetails.js
  Line 39:11:   'userModules' is assigned a value but never used     no-unused-vars
  Line 180:11:  'openDatesModal' is assigned a value but never used  no-unused-vars
  Line 310:11:  'dueMeta' is assigned a value but never used         no-unused-vars

src\components\estimates\ProjectEstimationPage.js
  Line 229:12:   'showPrintModal' is assigned a value but never used                                                                                                                                                                                                                                                                                                                              no-unused-vars
  Line 229:28:   'setShowPrintModal' is assigned a value but never used                                                                                                                                                                                                                                                                                                                           no-unused-vars
  Line 260:12:   'approvalPolicy' is assigned a value but never used                                                                                                                                                                                                                                                                                                                              no-unused-vars
  Line 622:8:    React Hook useEffect has missing dependencies: 'availMap', 'globalSettings.GLOBAL_TAX_PERCENT', 'globalSettings.GLOBAL_VAT_PERCENT', 'productById', and 'propProjectId'. Either include them or remove the dependency array. You can also replace multiple useState variables with useReducer if 'setVatPercent' needs the current value of 'globalSettings.GLOBAL_VAT_PERCENT'  react-hooks/exhaustive-deps
  Line 1304:11:  'countPayloadComponentColumns' is assigned a value but never used                                                                                                                                                                                                                                                                                                                no-unused-vars

src\components\workflow\WorkflowBuilder.js
  Line 118:12:  'adminConfig' is assigned a value but never used                                                                                                                                                                                                                                     no-unused-vars
  Line 300:8:   React Hook useEffect has missing dependencies: 'flow.fileRequirements', 'flow.initialStage', 'flow.notifications', 'flow.requiredApprovals', 'flow.stages', 'flow.transitions', 'flow.visualLayout', 'setEdges', and 'setNodes'. Either include them or remove the dependency array  react-hooks/exhaustive-deps
  Line 303:9:   React Hook useEffect has a complex expression in the dependency array. Extract it to a separate variable so it can be statically checked                                                                                                                                             react-hooks/exhaustive-deps
  Line 304:9:   React Hook useEffect has a complex expression in the dependency array. Extract it to a separate variable so it can be statically checked                                                                                                                                             react-hooks/exhaustive-deps
  Line 305:9:   React Hook useEffect has a complex expression in the dependency array. Extract it to a separate variable so it can be statically checked                                                                                                                                             react-hooks/exhaustive-deps
  Line 306:9:   React Hook useEffect has a complex expression in the dependency array. Extract it to a separate variable so it can be statically checked                                                                                                                                             react-hooks/exhaustive-deps
  Line 307:9:   React Hook useEffect has a complex expression in the dependency array. Extract it to a separate variable so it can be statically checked                                                                                                                                             react-hooks/exhaustive-deps
  Line 308:9:   React Hook useEffect has a complex expression in the dependency array. Extract it to a separate variable so it can be statically checked                                                                                                                                             react-hooks/exhaustive-deps

Search for the keywords to learn more about each warning.
To ignore, add // eslint-disable-next-line to the line before.

WARNING in [eslint] 
src\components\Inventory\InventoryView.js
  Line 5:8:    'Select' is defined but never used                                                                                 no-unused-vars
  Line 18:31:  'setSelectedLocations' is assigned a value but never used                                                          no-unused-vars
  Line 20:28:  'setSupplierFilter' is assigned a value but never used                                                             no-unused-vars
  Line 21:26:  'setExpiryFilter' is assigned a value but never used                                                               no-unused-vars
  Line 38:8:   React Hook useEffect has a missing dependency: 'fetchLocations'. Either include it or remove the dependency array  react-hooks/exhaustive-deps

src\components\Project\ProjectDetails.js
  Line 39:11:   'userModules' is assigned a value but never used     no-unused-vars
  Line 180:11:  'openDatesModal' is assigned a value but never used  no-unused-vars
  Line 310:11:  'dueMeta' is assigned a value but never used         no-unused-vars

src\components\estimates\ProjectEstimationPage.js
  Line 229:12:   'showPrintModal' is assigned a value but never used                                                                                                                                                                                                                                                                                                                              no-unused-vars
  Line 229:28:   'setShowPrintModal' is assigned a value but never used                                                                                                                                                                                                                                                                                                                           no-unused-vars
  Line 260:12:   'approvalPolicy' is assigned a value but never used                                                                                                                                                                                                                                                                                                                              no-unused-vars
  Line 622:8:    React Hook useEffect has missing dependencies: 'availMap', 'globalSettings.GLOBAL_TAX_PERCENT', 'globalSettings.GLOBAL_VAT_PERCENT', 'productById', and 'propProjectId'. Either include them or remove the dependency array. You can also replace multiple useState variables with useReducer if 'setVatPercent' needs the current value of 'globalSettings.GLOBAL_VAT_PERCENT'  react-hooks/exhaustive-deps
  Line 1304:11:  'countPayloadComponentColumns' is assigned a value but never used                                                                                                                                                                                                                                                                                                                no-unused-vars

src\components\workflow\WorkflowBuilder.js
  Line 118:12:  'adminConfig' is assigned a value but never used                                                                                                                                                                                                                                     no-unused-vars
  Line 300:8:   React Hook useEffect has missing dependencies: 'flow.fileRequirements', 'flow.initialStage', 'flow.notifications', 'flow.requiredApprovals', 'flow.stages', 'flow.transitions', 'flow.visualLayout', 'setEdges', and 'setNodes'. Either include them or remove the dependency array  react-hooks/exhaustive-deps
  Line 303:9:   React Hook useEffect has a complex expression in the dependency array. Extract it to a separate variable so it can be statically checked                                                                                                                                             react-hooks/exhaustive-deps
  Line 304:9:   React Hook useEffect has a complex expression in the dependency array. Extract it to a separate variable so it can be statically checked                                                                                                                                             react-hooks/exhaustive-deps
  Line 305:9:   React Hook useEffect has a complex expression in the dependency array. Extract it to a separate variable so it can be statically checked                                                                                                                                             react-hooks/exhaustive-deps
  Line 306:9:   React Hook useEffect has a complex expression in the dependency array. Extract it to a separate variable so it can be statically checked                                                                                                                                             react-hooks/exhaustive-deps
  Line 307:9:   React Hook useEffect has a complex expression in the dependency array. Extract it to a separate variable so it can be statically checked                                                                                                                                             react-hooks/exhaustive-deps
  Line 308:9:   React Hook useEffect has a complex expression in the dependency array. Extract it to a separate variable so it can be statically checked                                                                                                                                             react-hooks/exhaustive-deps

webpack compiled with 1 warning
Compiling...
Compiled with warnings.

[eslint] 
src\components\Inventory\InventoryView.js
  Line 5:8:    'Select' is defined but never used                                                                                 no-unused-vars
  Line 18:31:  'setSelectedLocations' is assigned a value but never used                                                          no-unused-vars
  Line 20:28:  'setSupplierFilter' is assigned a value but never used                                                             no-unused-vars
  Line 21:26:  'setExpiryFilter' is assigned a value but never used                                                               no-unused-vars
  Line 38:8:   React Hook useEffect has a missing dependency: 'fetchLocations'. Either include it or remove the dependency array  react-hooks/exhaustive-deps

src\components\Project\ProjectDetails.js
  Line 39:11:   'userModules' is assigned a value but never used     no-unused-vars
  Line 180:11:  'openDatesModal' is assigned a value but never used  no-unused-vars
  Line 310:11:  'dueMeta' is assigned a value but never used         no-unused-vars

src\components\estimates\ProjectEstimationPage.js
  Line 229:12:   'showPrintModal' is assigned a value but never used                                                                                                                                                                                                                                                                                                                              no-unused-vars
  Line 229:28:   'setShowPrintModal' is assigned a value but never used                                                                                                                                                                                                                                                                                                                           no-unused-vars
  Line 260:12:   'approvalPolicy' is assigned a value but never used                                                                                                                                                                                                                                                                                                                              no-unused-vars
  Line 622:8:    React Hook useEffect has missing dependencies: 'availMap', 'globalSettings.GLOBAL_TAX_PERCENT', 'globalSettings.GLOBAL_VAT_PERCENT', 'productById', and 'propProjectId'. Either include them or remove the dependency array. You can also replace multiple useState variables with useReducer if 'setVatPercent' needs the current value of 'globalSettings.GLOBAL_VAT_PERCENT'  react-hooks/exhaustive-deps
  Line 1304:11:  'countPayloadComponentColumns' is assigned a value but never used                                                                                                                                                                                                                                                                                                                no-unused-vars

src\components\workflow\WorkflowBuilder.js
  Line 118:12:  'adminConfig' is assigned a value but never used                                                                                                                                                                                                                                     no-unused-vars
  Line 300:8:   React Hook useEffect has missing dependencies: 'flow.fileRequirements', 'flow.initialStage', 'flow.notifications', 'flow.requiredApprovals', 'flow.stages', 'flow.transitions', 'flow.visualLayout', 'setEdges', and 'setNodes'. Either include them or remove the dependency array  react-hooks/exhaustive-deps
  Line 303:9:   React Hook useEffect has a complex expression in the dependency array. Extract it to a separate variable so it can be statically checked                                                                                                                                             react-hooks/exhaustive-deps
  Line 304:9:   React Hook useEffect has a complex expression in the dependency array. Extract it to a separate variable so it can be statically checked                                                                                                                                             react-hooks/exhaustive-deps
  Line 305:9:   React Hook useEffect has a complex expression in the dependency array. Extract it to a separate variable so it can be statically checked                                                                                                                                             react-hooks/exhaustive-deps
  Line 306:9:   React Hook useEffect has a complex expression in the dependency array. Extract it to a separate variable so it can be statically checked                                                                                                                                             react-hooks/exhaustive-deps
  Line 307:9:   React Hook useEffect has a complex expression in the dependency array. Extract it to a separate variable so it can be statically checked                                                                                                                                             react-hooks/exhaustive-deps
  Line 308:9:   React Hook useEffect has a complex expression in the dependency array. Extract it to a separate variable so it can be statically checked                                                                                                                                             react-hooks/exhaustive-deps

Search for the keywords to learn more about each warning.
To ignore, add // eslint-disable-next-line to the line before.

WARNING in [eslint] 
src\components\Inventory\InventoryView.js
  Line 5:8:    'Select' is defined but never used                                                                                 no-unused-vars
  Line 18:31:  'setSelectedLocations' is assigned a value but never used                                                          no-unused-vars
  Line 20:28:  'setSupplierFilter' is assigned a value but never used                                                             no-unused-vars
  Line 21:26:  'setExpiryFilter' is assigned a value but never used                                                               no-unused-vars
  Line 38:8:   React Hook useEffect has a missing dependency: 'fetchLocations'. Either include it or remove the dependency array  react-hooks/exhaustive-deps

src\components\Project\ProjectDetails.js
  Line 39:11:   'userModules' is assigned a value but never used     no-unused-vars
  Line 180:11:  'openDatesModal' is assigned a value but never used  no-unused-vars
  Line 310:11:  'dueMeta' is assigned a value but never used         no-unused-vars

src\components\estimates\ProjectEstimationPage.js
  Line 229:12:   'showPrintModal' is assigned a value but never used                                                                                                                                                                                                                                                                                                                              no-unused-vars
  Line 229:28:   'setShowPrintModal' is assigned a value but never used                                                                                                                                                                                                                                                                                                                           no-unused-vars
  Line 260:12:   'approvalPolicy' is assigned a value but never used                                                                                                                                                                                                                                                                                                                              no-unused-vars
  Line 622:8:    React Hook useEffect has missing dependencies: 'availMap', 'globalSettings.GLOBAL_TAX_PERCENT', 'globalSettings.GLOBAL_VAT_PERCENT', 'productById', and 'propProjectId'. Either include them or remove the dependency array. You can also replace multiple useState variables with useReducer if 'setVatPercent' needs the current value of 'globalSettings.GLOBAL_VAT_PERCENT'  react-hooks/exhaustive-deps
  Line 1304:11:  'countPayloadComponentColumns' is assigned a value but never used                                                                                                                                                                                                                                                                                                                no-unused-vars

src\components\workflow\WorkflowBuilder.js
  Line 118:12:  'adminConfig' is assigned a value but never used                                                                                                                                                                                                                                     no-unused-vars
  Line 300:8:   React Hook useEffect has missing dependencies: 'flow.fileRequirements', 'flow.initialStage', 'flow.notifications', 'flow.requiredApprovals', 'flow.stages', 'flow.transitions', 'flow.visualLayout', 'setEdges', and 'setNodes'. Either include them or remove the dependency array  react-hooks/exhaustive-deps
  Line 303:9:   React Hook useEffect has a complex expression in the dependency array. Extract it to a separate variable so it can be statically checked                                                                                                                                             react-hooks/exhaustive-deps
  Line 304:9:   React Hook useEffect has a complex expression in the dependency array. Extract it to a separate variable so it can be statically checked                                                                                                                                             react-hooks/exhaustive-deps
  Line 305:9:   React Hook useEffect has a complex expression in the dependency array. Extract it to a separate variable so it can be statically checked                                                                                                                                             react-hooks/exhaustive-deps
  Line 306:9:   React Hook useEffect has a complex expression in the dependency array. Extract it to a separate variable so it can be statically checked                                                                                                                                             react-hooks/exhaustive-deps
  Line 307:9:   React Hook useEffect has a complex expression in the dependency array. Extract it to a separate variable so it can be statically checked                                                                                                                                             react-hooks/exhaustive-deps
  Line 308:9:   React Hook useEffect has a complex expression in the dependency array. Extract it to a separate variable so it can be statically checked                                                                                                                                             react-hooks/exhaustive-deps

webpack compiled with 1 warning
Compiling...
Compiled with warnings.

[eslint] 
src\components\Inventory\InventoryView.js
  Line 5:8:    'Select' is defined but never used                                                                                 no-unused-vars
  Line 18:31:  'setSelectedLocations' is assigned a value but never used                                                          no-unused-vars
  Line 20:28:  'setSupplierFilter' is assigned a value but never used                                                             no-unused-vars
  Line 21:26:  'setExpiryFilter' is assigned a value but never used                                                               no-unused-vars
  Line 38:8:   React Hook useEffect has a missing dependency: 'fetchLocations'. Either include it or remove the dependency array  react-hooks/exhaustive-deps

src\components\Project\ProjectDetails.js
  Line 39:11:   'userModules' is assigned a value but never used     no-unused-vars
  Line 180:11:  'openDatesModal' is assigned a value but never used  no-unused-vars
  Line 310:11:  'dueMeta' is assigned a value but never used         no-unused-vars

src\components\estimates\ProjectEstimationPage.js
  Line 229:12:  'showPrintModal' is assigned a value but never used                                                                                                                                                                                                                                                                                                                              no-unused-vars
  Line 229:28:  'setShowPrintModal' is assigned a value but never used                                                                                                                                                                                                                                                                                                                           no-unused-vars
  Line 260:12:  'approvalPolicy' is assigned a value but never used                                                                                                                                                                                                                                                                                                                              no-unused-vars
  Line 622:8:   React Hook useEffect has missing dependencies: 'availMap', 'globalSettings.GLOBAL_TAX_PERCENT', 'globalSettings.GLOBAL_VAT_PERCENT', 'productById', and 'propProjectId'. Either include them or remove the dependency array. You can also replace multiple useState variables with useReducer if 'setVatPercent' needs the current value of 'globalSettings.GLOBAL_VAT_PERCENT'  react-hooks/exhaustive-deps

src\components\workflow\WorkflowBuilder.js
  Line 118:12:  'adminConfig' is assigned a value but never used                                                                                                                                                                                                                                     no-unused-vars
  Line 300:8:   React Hook useEffect has missing dependencies: 'flow.fileRequirements', 'flow.initialStage', 'flow.notifications', 'flow.requiredApprovals', 'flow.stages', 'flow.transitions', 'flow.visualLayout', 'setEdges', and 'setNodes'. Either include them or remove the dependency array  react-hooks/exhaustive-deps
  Line 303:9:   React Hook useEffect has a complex expression in the dependency array. Extract it to a separate variable so it can be statically checked                                                                                                                                             react-hooks/exhaustive-deps
  Line 304:9:   React Hook useEffect has a complex expression in the dependency array. Extract it to a separate variable so it can be statically checked                                                                                                                                             react-hooks/exhaustive-deps
  Line 305:9:   React Hook useEffect has a complex expression in the dependency array. Extract it to a separate variable so it can be statically checked                                                                                                                                             react-hooks/exhaustive-deps
  Line 306:9:   React Hook useEffect has a complex expression in the dependency array. Extract it to a separate variable so it can be statically checked                                                                                                                                             react-hooks/exhaustive-deps
  Line 307:9:   React Hook useEffect has a complex expression in the dependency array. Extract it to a separate variable so it can be statically checked                                                                                                                                             react-hooks/exhaustive-deps
  Line 308:9:   React Hook useEffect has a complex expression in the dependency array. Extract it to a separate variable so it can be statically checked                                                                                                                                             react-hooks/exhaustive-deps

Search for the keywords to learn more about each warning.
To ignore, add // eslint-disable-next-line to the line before.

WARNING in [eslint] 
src\components\Inventory\InventoryView.js
  Line 5:8:    'Select' is defined but never used                                                                                 no-unused-vars
  Line 18:31:  'setSelectedLocations' is assigned a value but never used                                                          no-unused-vars
  Line 20:28:  'setSupplierFilter' is assigned a value but never used                                                             no-unused-vars
  Line 21:26:  'setExpiryFilter' is assigned a value but never used                                                               no-unused-vars
  Line 38:8:   React Hook useEffect has a missing dependency: 'fetchLocations'. Either include it or remove the dependency array  react-hooks/exhaustive-deps

src\components\Project\ProjectDetails.js
  Line 39:11:   'userModules' is assigned a value but never used     no-unused-vars
  Line 180:11:  'openDatesModal' is assigned a value but never used  no-unused-vars
  Line 310:11:  'dueMeta' is assigned a value but never used         no-unused-vars

src\components\estimates\ProjectEstimationPage.js
  Line 229:12:  'showPrintModal' is assigned a value but never used                                                                                                                                                                                                                                                                                                                              no-unused-vars
  Line 229:28:  'setShowPrintModal' is assigned a value but never used                                                                                                                                                                                                                                                                                                                           no-unused-vars
  Line 260:12:  'approvalPolicy' is assigned a value but never used                                                                                                                                                                                                                                                                                                                              no-unused-vars
  Line 622:8:   React Hook useEffect has missing dependencies: 'availMap', 'globalSettings.GLOBAL_TAX_PERCENT', 'globalSettings.GLOBAL_VAT_PERCENT', 'productById', and 'propProjectId'. Either include them or remove the dependency array. You can also replace multiple useState variables with useReducer if 'setVatPercent' needs the current value of 'globalSettings.GLOBAL_VAT_PERCENT'  react-hooks/exhaustive-deps

src\components\workflow\WorkflowBuilder.js
  Line 118:12:  'adminConfig' is assigned a value but never used                                                                                                                                                                                                                                     no-unused-vars
  Line 300:8:   React Hook useEffect has missing dependencies: 'flow.fileRequirements', 'flow.initialStage', 'flow.notifications', 'flow.requiredApprovals', 'flow.stages', 'flow.transitions', 'flow.visualLayout', 'setEdges', and 'setNodes'. Either include them or remove the dependency array  react-hooks/exhaustive-deps
  Line 303:9:   React Hook useEffect has a complex expression in the dependency array. Extract it to a separate variable so it can be statically checked                                                                                                                                             react-hooks/exhaustive-deps
  Line 304:9:   React Hook useEffect has a complex expression in the dependency array. Extract it to a separate variable so it can be statically checked                                                                                                                                             react-hooks/exhaustive-deps
  Line 305:9:   React Hook useEffect has a complex expression in the dependency array. Extract it to a separate variable so it can be statically checked                                                                                                                                             react-hooks/exhaustive-deps
  Line 306:9:   React Hook useEffect has a complex expression in the dependency array. Extract it to a separate variable so it can be statically checked                                                                                                                                             react-hooks/exhaustive-deps
  Line 307:9:   React Hook useEffect has a complex expression in the dependency array. Extract it to a separate variable so it can be statically checked                                                                                                                                             react-hooks/exhaustive-deps
  Line 308:9:   React Hook useEffect has a complex expression in the dependency array. Extract it to a separate variable so it can be statically checked                                                                                                                                             react-hooks/exhaustive-deps

webpack compiled with 1 warning
Compiling...
Compiled with warnings.

[eslint] 
src\components\Inventory\InventoryView.js
  Line 5:8:    'Select' is defined but never used                                                                                 no-unused-vars
  Line 18:31:  'setSelectedLocations' is assigned a value but never used                                                          no-unused-vars
  Line 20:28:  'setSupplierFilter' is assigned a value but never used                                                             no-unused-vars
  Line 21:26:  'setExpiryFilter' is assigned a value but never used                                                               no-unused-vars
  Line 38:8:   React Hook useEffect has a missing dependency: 'fetchLocations'. Either include it or remove the dependency array  react-hooks/exhaustive-deps

src\components\Project\ProjectDetails.js
  Line 39:11:   'userModules' is assigned a value but never used     no-unused-vars
  Line 180:11:  'openDatesModal' is assigned a value but never used  no-unused-vars
  Line 310:11:  'dueMeta' is assigned a value but never used         no-unused-vars

src\components\estimates\ProjectEstimationPage.js
  Line 229:12:   'showPrintModal' is assigned a value but never used                                                                                                                                                                                                                                                                                                                              no-unused-vars
  Line 229:28:   'setShowPrintModal' is assigned a value but never used                                                                                                                                                                                                                                                                                                                           no-unused-vars
  Line 260:12:   'approvalPolicy' is assigned a value but never used                                                                                                                                                                                                                                                                                                                              no-unused-vars
  Line 622:8:    React Hook useEffect has missing dependencies: 'availMap', 'globalSettings.GLOBAL_TAX_PERCENT', 'globalSettings.GLOBAL_VAT_PERCENT', 'productById', and 'propProjectId'. Either include them or remove the dependency array. You can also replace multiple useState variables with useReducer if 'setVatPercent' needs the current value of 'globalSettings.GLOBAL_VAT_PERCENT'  react-hooks/exhaustive-deps
  Line 1229:23:  'qty' is assigned a value but never used                                                                                                                                                                                                                                                                                                                                         no-unused-vars
  Line 1233:23:  'hasRate' is assigned a value but never used                                                                                                                                                                                                                                                                                                                                     no-unused-vars

src\components\workflow\WorkflowBuilder.js
  Line 118:12:  'adminConfig' is assigned a value but never used                                                                                                                                                                                                                                     no-unused-vars
  Line 300:8:   React Hook useEffect has missing dependencies: 'flow.fileRequirements', 'flow.initialStage', 'flow.notifications', 'flow.requiredApprovals', 'flow.stages', 'flow.transitions', 'flow.visualLayout', 'setEdges', and 'setNodes'. Either include them or remove the dependency array  react-hooks/exhaustive-deps
  Line 303:9:   React Hook useEffect has a complex expression in the dependency array. Extract it to a separate variable so it can be statically checked                                                                                                                                             react-hooks/exhaustive-deps
  Line 304:9:   React Hook useEffect has a complex expression in the dependency array. Extract it to a separate variable so it can be statically checked                                                                                                                                             react-hooks/exhaustive-deps
  Line 305:9:   React Hook useEffect has a complex expression in the dependency array. Extract it to a separate variable so it can be statically checked                                                                                                                                             react-hooks/exhaustive-deps
  Line 306:9:   React Hook useEffect has a complex expression in the dependency array. Extract it to a separate variable so it can be statically checked                                                                                                                                             react-hooks/exhaustive-deps
  Line 307:9:   React Hook useEffect has a complex expression in the dependency array. Extract it to a separate variable so it can be statically checked                                                                                                                                             react-hooks/exhaustive-deps
  Line 308:9:   React Hook useEffect has a complex expression in the dependency array. Extract it to a separate variable so it can be statically checked                                                                                                                                             react-hooks/exhaustive-deps

Search for the keywords to learn more about each warning.
To ignore, add // eslint-disable-next-line to the line before.

WARNING in [eslint] 
src\components\Inventory\InventoryView.js
  Line 5:8:    'Select' is defined but never used                                                                                 no-unused-vars
  Line 18:31:  'setSelectedLocations' is assigned a value but never used                                                          no-unused-vars
  Line 20:28:  'setSupplierFilter' is assigned a value but never used                                                             no-unused-vars
  Line 21:26:  'setExpiryFilter' is assigned a value but never used                                                               no-unused-vars
  Line 38:8:   React Hook useEffect has a missing dependency: 'fetchLocations'. Either include it or remove the dependency array  react-hooks/exhaustive-deps

src\components\Project\ProjectDetails.js
  Line 39:11:   'userModules' is assigned a value but never used     no-unused-vars
  Line 180:11:  'openDatesModal' is assigned a value but never used  no-unused-vars
  Line 310:11:  'dueMeta' is assigned a value but never used         no-unused-vars

src\components\estimates\ProjectEstimationPage.js
  Line 229:12:   'showPrintModal' is assigned a value but never used                                                                                                                                                                                                                                                                                                                              no-unused-vars
  Line 229:28:   'setShowPrintModal' is assigned a value but never used                                                                                                                                                                                                                                                                                                                           no-unused-vars
  Line 260:12:   'approvalPolicy' is assigned a value but never used                                                                                                                                                                                                                                                                                                                              no-unused-vars
  Line 622:8:    React Hook useEffect has missing dependencies: 'availMap', 'globalSettings.GLOBAL_TAX_PERCENT', 'globalSettings.GLOBAL_VAT_PERCENT', 'productById', and 'propProjectId'. Either include them or remove the dependency array. You can also replace multiple useState variables with useReducer if 'setVatPercent' needs the current value of 'globalSettings.GLOBAL_VAT_PERCENT'  react-hooks/exhaustive-deps
  Line 1229:23:  'qty' is assigned a value but never used                                                                                                                                                                                                                                                                                                                                         no-unused-vars
  Line 1233:23:  'hasRate' is assigned a value but never used                                                                                                                                                                                                                                                                                                                                     no-unused-vars

src\components\workflow\WorkflowBuilder.js
  Line 118:12:  'adminConfig' is assigned a value but never used                                                                                                                                                                                                                                     no-unused-vars
  Line 300:8:   React Hook useEffect has missing dependencies: 'flow.fileRequirements', 'flow.initialStage', 'flow.notifications', 'flow.requiredApprovals', 'flow.stages', 'flow.transitions', 'flow.visualLayout', 'setEdges', and 'setNodes'. Either include them or remove the dependency array  react-hooks/exhaustive-deps
  Line 303:9:   React Hook useEffect has a complex expression in the dependency array. Extract it to a separate variable so it can be statically checked                                                                                                                                             react-hooks/exhaustive-deps
  Line 304:9:   React Hook useEffect has a complex expression in the dependency array. Extract it to a separate variable so it can be statically checked                                                                                                                                             react-hooks/exhaustive-deps
  Line 305:9:   React Hook useEffect has a complex expression in the dependency array. Extract it to a separate variable so it can be statically checked                                                                                                                                             react-hooks/exhaustive-deps
  Line 306:9:   React Hook useEffect has a complex expression in the dependency array. Extract it to a separate variable so it can be statically checked                                                                                                                                             react-hooks/exhaustive-deps
  Line 307:9:   React Hook useEffect has a complex expression in the dependency array. Extract it to a separate variable so it can be statically checked                                                                                                                                             react-hooks/exhaustive-deps
  Line 308:9:   React Hook useEffect has a complex expression in the dependency array. Extract it to a separate variable so it can be statically checked                                                                                                                                             react-hooks/exhaustive-deps

webpack compiled with 1 warning
Compiling...
Compiled with warnings.

[eslint] 
src\components\Inventory\InventoryView.js
  Line 5:8:    'Select' is defined but never used                                                                                 no-unused-vars
  Line 18:31:  'setSelectedLocations' is assigned a value but never used                                                          no-unused-vars
  Line 20:28:  'setSupplierFilter' is assigned a value but never used                                                             no-unused-vars
  Line 21:26:  'setExpiryFilter' is assigned a value but never used                                                               no-unused-vars
  Line 38:8:   React Hook useEffect has a missing dependency: 'fetchLocations'. Either include it or remove the dependency array  react-hooks/exhaustive-deps

src\components\Project\ProjectDetails.js
  Line 39:11:   'userModules' is assigned a value but never used     no-unused-vars
  Line 180:11:  'openDatesModal' is assigned a value but never used  no-unused-vars
  Line 310:11:  'dueMeta' is assigned a value but never used         no-unused-vars

src\components\estimates\ProjectEstimationPage.js
  Line 229:12:  'showPrintModal' is assigned a value but never used                                                                                                                                                                                                                                                                                                                              no-unused-vars
  Line 229:28:  'setShowPrintModal' is assigned a value but never used                                                                                                                                                                                                                                                                                                                           no-unused-vars
  Line 260:12:  'approvalPolicy' is assigned a value but never used                                                                                                                                                                                                                                                                                                                              no-unused-vars
  Line 622:8:   React Hook useEffect has missing dependencies: 'availMap', 'globalSettings.GLOBAL_TAX_PERCENT', 'globalSettings.GLOBAL_VAT_PERCENT', 'productById', and 'propProjectId'. Either include them or remove the dependency array. You can also replace multiple useState variables with useReducer if 'setVatPercent' needs the current value of 'globalSettings.GLOBAL_VAT_PERCENT'  react-hooks/exhaustive-deps

src\components\workflow\WorkflowBuilder.js
  Line 118:12:  'adminConfig' is assigned a value but never used                                                                                                                                                                                                                                     no-unused-vars
  Line 300:8:   React Hook useEffect has missing dependencies: 'flow.fileRequirements', 'flow.initialStage', 'flow.notifications', 'flow.requiredApprovals', 'flow.stages', 'flow.transitions', 'flow.visualLayout', 'setEdges', and 'setNodes'. Either include them or remove the dependency array  react-hooks/exhaustive-deps
  Line 303:9:   React Hook useEffect has a complex expression in the dependency array. Extract it to a separate variable so it can be statically checked                                                                                                                                             react-hooks/exhaustive-deps
  Line 304:9:   React Hook useEffect has a complex expression in the dependency array. Extract it to a separate variable so it can be statically checked                                                                                                                                             react-hooks/exhaustive-deps
  Line 305:9:   React Hook useEffect has a complex expression in the dependency array. Extract it to a separate variable so it can be statically checked                                                                                                                                             react-hooks/exhaustive-deps
  Line 306:9:   React Hook useEffect has a complex expression in the dependency array. Extract it to a separate variable so it can be statically checked                                                                                                                                             react-hooks/exhaustive-deps
  Line 307:9:   React Hook useEffect has a complex expression in the dependency array. Extract it to a separate variable so it can be statically checked                                                                                                                                             react-hooks/exhaustive-deps
  Line 308:9:   React Hook useEffect has a complex expression in the dependency array. Extract it to a separate variable so it can be statically checked                                                                                                                                             react-hooks/exhaustive-deps

Search for the keywords to learn more about each warning.
To ignore, add // eslint-disable-next-line to the line before.

WARNING in [eslint] 
src\components\Inventory\InventoryView.js
  Line 5:8:    'Select' is defined but never used                                                                                 no-unused-vars
  Line 18:31:  'setSelectedLocations' is assigned a value but never used                                                          no-unused-vars
  Line 20:28:  'setSupplierFilter' is assigned a value but never used                                                             no-unused-vars
  Line 21:26:  'setExpiryFilter' is assigned a value but never used                                                               no-unused-vars
  Line 38:8:   React Hook useEffect has a missing dependency: 'fetchLocations'. Either include it or remove the dependency array  react-hooks/exhaustive-deps

src\components\Project\ProjectDetails.js
  Line 39:11:   'userModules' is assigned a value but never used     no-unused-vars
  Line 180:11:  'openDatesModal' is assigned a value but never used  no-unused-vars
  Line 310:11:  'dueMeta' is assigned a value but never used         no-unused-vars

src\components\estimates\ProjectEstimationPage.js
  Line 229:12:  'showPrintModal' is assigned a value but never used                                                                                                                                                                                                                                                                                                                              no-unused-vars
  Line 229:28:  'setShowPrintModal' is assigned a value but never used                                                                                                                                                                                                                                                                                                                           no-unused-vars
  Line 260:12:  'approvalPolicy' is assigned a value but never used                                                                                                                                                                                                                                                                                                                              no-unused-vars
  Line 622:8:   React Hook useEffect has missing dependencies: 'availMap', 'globalSettings.GLOBAL_TAX_PERCENT', 'globalSettings.GLOBAL_VAT_PERCENT', 'productById', and 'propProjectId'. Either include them or remove the dependency array. You can also replace multiple useState variables with useReducer if 'setVatPercent' needs the current value of 'globalSettings.GLOBAL_VAT_PERCENT'  react-hooks/exhaustive-deps

src\components\workflow\WorkflowBuilder.js
  Line 118:12:  'adminConfig' is assigned a value but never used                                                                                                                                                                                                                                     no-unused-vars
  Line 300:8:   React Hook useEffect has missing dependencies: 'flow.fileRequirements', 'flow.initialStage', 'flow.notifications', 'flow.requiredApprovals', 'flow.stages', 'flow.transitions', 'flow.visualLayout', 'setEdges', and 'setNodes'. Either include them or remove the dependency array  react-hooks/exhaustive-deps
  Line 303:9:   React Hook useEffect has a complex expression in the dependency array. Extract it to a separate variable so it can be statically checked                                                                                                                                             react-hooks/exhaustive-deps
  Line 304:9:   React Hook useEffect has a complex expression in the dependency array. Extract it to a separate variable so it can be statically checked                                                                                                                                             react-hooks/exhaustive-deps
  Line 305:9:   React Hook useEffect has a complex expression in the dependency array. Extract it to a separate variable so it can be statically checked                                                                                                                                             react-hooks/exhaustive-deps
  Line 306:9:   React Hook useEffect has a complex expression in the dependency array. Extract it to a separate variable so it can be statically checked                                                                                                                                             react-hooks/exhaustive-deps
  Line 307:9:   React Hook useEffect has a complex expression in the dependency array. Extract it to a separate variable so it can be statically checked                                                                                                                                             react-hooks/exhaustive-deps
  Line 308:9:   React Hook useEffect has a complex expression in the dependency array. Extract it to a separate variable so it can be statically checked                                                                                                                                             react-hooks/exhaustive-deps

webpack compiled with 1 warning
Compiling...
Compiled with warnings.

[eslint] 
src\components\Inventory\InventoryView.js
  Line 5:8:    'Select' is defined but never used                                                                                 no-unused-vars
  Line 18:31:  'setSelectedLocations' is assigned a value but never used                                                          no-unused-vars
  Line 20:28:  'setSupplierFilter' is assigned a value but never used                                                             no-unused-vars
  Line 21:26:  'setExpiryFilter' is assigned a value but never used                                                               no-unused-vars
  Line 38:8:   React Hook useEffect has a missing dependency: 'fetchLocations'. Either include it or remove the dependency array  react-hooks/exhaustive-deps

src\components\Project\ProjectDetails.js
  Line 39:11:   'userModules' is assigned a value but never used     no-unused-vars
  Line 180:11:  'openDatesModal' is assigned a value but never used  no-unused-vars
  Line 310:11:  'dueMeta' is assigned a value but never used         no-unused-vars

src\components\estimates\ProjectEstimationPage.js
  Line 229:12:  'showPrintModal' is assigned a value but never used                                                                                                                                                                                                                                                                                                                              no-unused-vars
  Line 229:28:  'setShowPrintModal' is assigned a value but never used                                                                                                                                                                                                                                                                                                                           no-unused-vars
  Line 260:12:  'approvalPolicy' is assigned a value but never used                                                                                                                                                                                                                                                                                                                              no-unused-vars
  Line 622:8:   React Hook useEffect has missing dependencies: 'availMap', 'globalSettings.GLOBAL_TAX_PERCENT', 'globalSettings.GLOBAL_VAT_PERCENT', 'productById', and 'propProjectId'. Either include them or remove the dependency array. You can also replace multiple useState variables with useReducer if 'setVatPercent' needs the current value of 'globalSettings.GLOBAL_VAT_PERCENT'  react-hooks/exhaustive-deps

src\components\workflow\WorkflowBuilder.js
  Line 118:12:  'adminConfig' is assigned a value but never used                                                                                                                                                                                                                                     no-unused-vars
  Line 300:8:   React Hook useEffect has missing dependencies: 'flow.fileRequirements', 'flow.initialStage', 'flow.notifications', 'flow.requiredApprovals', 'flow.stages', 'flow.transitions', 'flow.visualLayout', 'setEdges', and 'setNodes'. Either include them or remove the dependency array  react-hooks/exhaustive-deps
  Line 303:9:   React Hook useEffect has a complex expression in the dependency array. Extract it to a separate variable so it can be statically checked                                                                                                                                             react-hooks/exhaustive-deps
  Line 304:9:   React Hook useEffect has a complex expression in the dependency array. Extract it to a separate variable so it can be statically checked                                                                                                                                             react-hooks/exhaustive-deps
  Line 305:9:   React Hook useEffect has a complex expression in the dependency array. Extract it to a separate variable so it can be statically checked                                                                                                                                             react-hooks/exhaustive-deps
  Line 306:9:   React Hook useEffect has a complex expression in the dependency array. Extract it to a separate variable so it can be statically checked                                                                                                                                             react-hooks/exhaustive-deps
  Line 307:9:   React Hook useEffect has a complex expression in the dependency array. Extract it to a separate variable so it can be statically checked                                                                                                                                             react-hooks/exhaustive-deps
  Line 308:9:   React Hook useEffect has a complex expression in the dependency array. Extract it to a separate variable so it can be statically checked                                                                                                                                             react-hooks/exhaustive-deps

Search for the keywords to learn more about each warning.
To ignore, add // eslint-disable-next-line to the line before.

WARNING in [eslint] 
src\components\Inventory\InventoryView.js
  Line 5:8:    'Select' is defined but never used                                                                                 no-unused-vars
  Line 18:31:  'setSelectedLocations' is assigned a value but never used                                                          no-unused-vars
  Line 20:28:  'setSupplierFilter' is assigned a value but never used                                                             no-unused-vars
  Line 21:26:  'setExpiryFilter' is assigned a value but never used                                                               no-unused-vars
  Line 38:8:   React Hook useEffect has a missing dependency: 'fetchLocations'. Either include it or remove the dependency array  react-hooks/exhaustive-deps

src\components\Project\ProjectDetails.js
  Line 39:11:   'userModules' is assigned a value but never used     no-unused-vars
  Line 180:11:  'openDatesModal' is assigned a value but never used  no-unused-vars
  Line 310:11:  'dueMeta' is assigned a value but never used         no-unused-vars

src\components\estimates\ProjectEstimationPage.js
  Line 229:12:  'showPrintModal' is assigned a value but never used                                                                                                                                                                                                                                                                                                                              no-unused-vars
  Line 229:28:  'setShowPrintModal' is assigned a value but never used                                                                                                                                                                                                                                                                                                                           no-unused-vars
  Line 260:12:  'approvalPolicy' is assigned a value but never used                                                                                                                                                                                                                                                                                                                              no-unused-vars
  Line 622:8:   React Hook useEffect has missing dependencies: 'availMap', 'globalSettings.GLOBAL_TAX_PERCENT', 'globalSettings.GLOBAL_VAT_PERCENT', 'productById', and 'propProjectId'. Either include them or remove the dependency array. You can also replace multiple useState variables with useReducer if 'setVatPercent' needs the current value of 'globalSettings.GLOBAL_VAT_PERCENT'  react-hooks/exhaustive-deps

src\components\workflow\WorkflowBuilder.js
  Line 118:12:  'adminConfig' is assigned a value but never used                                                                                                                                                                                                                                     no-unused-vars
  Line 300:8:   React Hook useEffect has missing dependencies: 'flow.fileRequirements', 'flow.initialStage', 'flow.notifications', 'flow.requiredApprovals', 'flow.stages', 'flow.transitions', 'flow.visualLayout', 'setEdges', and 'setNodes'. Either include them or remove the dependency array  react-hooks/exhaustive-deps
  Line 303:9:   React Hook useEffect has a complex expression in the dependency array. Extract it to a separate variable so it can be statically checked                                                                                                                                             react-hooks/exhaustive-deps
  Line 304:9:   React Hook useEffect has a complex expression in the dependency array. Extract it to a separate variable so it can be statically checked                                                                                                                                             react-hooks/exhaustive-deps
  Line 305:9:   React Hook useEffect has a complex expression in the dependency array. Extract it to a separate variable so it can be statically checked                                                                                                                                             react-hooks/exhaustive-deps
  Line 306:9:   React Hook useEffect has a complex expression in the dependency array. Extract it to a separate variable so it can be statically checked                                                                                                                                             react-hooks/exhaustive-deps
  Line 307:9:   React Hook useEffect has a complex expression in the dependency array. Extract it to a separate variable so it can be statically checked                                                                                                                                             react-hooks/exhaustive-deps
  Line 308:9:   React Hook useEffect has a complex expression in the dependency array. Extract it to a separate variable so it can be statically checked                                                                                                                                             react-hooks/exhaustive-deps

webpack compiled with 1 warning
Compiling...
Compiled with warnings.

[eslint] 
src\components\Inventory\InventoryView.js
  Line 5:8:    'Select' is defined but never used                                                                                 no-unused-vars
  Line 18:31:  'setSelectedLocations' is assigned a value but never used                                                          no-unused-vars
  Line 20:28:  'setSupplierFilter' is assigned a value but never used                                                             no-unused-vars
  Line 21:26:  'setExpiryFilter' is assigned a value but never used                                                               no-unused-vars
  Line 38:8:   React Hook useEffect has a missing dependency: 'fetchLocations'. Either include it or remove the dependency array  react-hooks/exhaustive-deps

src\components\Project\ProjectDetails.js
  Line 39:11:   'userModules' is assigned a value but never used     no-unused-vars
  Line 180:11:  'openDatesModal' is assigned a value but never used  no-unused-vars
  Line 310:11:  'dueMeta' is assigned a value but never used         no-unused-vars

src\components\estimates\ProjectEstimationPage.js
  Line 229:12:  'showPrintModal' is assigned a value but never used                                                                                                                                                                                                                                                                                                                              no-unused-vars
  Line 229:28:  'setShowPrintModal' is assigned a value but never used                                                                                                                                                                                                                                                                                                                           no-unused-vars
  Line 260:12:  'approvalPolicy' is assigned a value but never used                                                                                                                                                                                                                                                                                                                              no-unused-vars
  Line 622:8:   React Hook useEffect has missing dependencies: 'availMap', 'globalSettings.GLOBAL_TAX_PERCENT', 'globalSettings.GLOBAL_VAT_PERCENT', 'productById', and 'propProjectId'. Either include them or remove the dependency array. You can also replace multiple useState variables with useReducer if 'setVatPercent' needs the current value of 'globalSettings.GLOBAL_VAT_PERCENT'  react-hooks/exhaustive-deps

src\components\workflow\WorkflowBuilder.js
  Line 118:12:  'adminConfig' is assigned a value but never used                                                                                                                                                                                                                                     no-unused-vars
  Line 300:8:   React Hook useEffect has missing dependencies: 'flow.fileRequirements', 'flow.initialStage', 'flow.notifications', 'flow.requiredApprovals', 'flow.stages', 'flow.transitions', 'flow.visualLayout', 'setEdges', and 'setNodes'. Either include them or remove the dependency array  react-hooks/exhaustive-deps
  Line 303:9:   React Hook useEffect has a complex expression in the dependency array. Extract it to a separate variable so it can be statically checked                                                                                                                                             react-hooks/exhaustive-deps
  Line 304:9:   React Hook useEffect has a complex expression in the dependency array. Extract it to a separate variable so it can be statically checked                                                                                                                                             react-hooks/exhaustive-deps
  Line 305:9:   React Hook useEffect has a complex expression in the dependency array. Extract it to a separate variable so it can be statically checked                                                                                                                                             react-hooks/exhaustive-deps
  Line 306:9:   React Hook useEffect has a complex expression in the dependency array. Extract it to a separate variable so it can be statically checked                                                                                                                                             react-hooks/exhaustive-deps
  Line 307:9:   React Hook useEffect has a complex expression in the dependency array. Extract it to a separate variable so it can be statically checked                                                                                                                                             react-hooks/exhaustive-deps
  Line 308:9:   React Hook useEffect has a complex expression in the dependency array. Extract it to a separate variable so it can be statically checked                                                                                                                                             react-hooks/exhaustive-deps

Search for the keywords to learn more about each warning.
To ignore, add // eslint-disable-next-line to the line before.

WARNING in [eslint] 
src\components\Inventory\InventoryView.js
  Line 5:8:    'Select' is defined but never used                                                                                 no-unused-vars
  Line 18:31:  'setSelectedLocations' is assigned a value but never used                                                          no-unused-vars
  Line 20:28:  'setSupplierFilter' is assigned a value but never used                                                             no-unused-vars
  Line 21:26:  'setExpiryFilter' is assigned a value but never used                                                               no-unused-vars
  Line 38:8:   React Hook useEffect has a missing dependency: 'fetchLocations'. Either include it or remove the dependency array  react-hooks/exhaustive-deps

src\components\Project\ProjectDetails.js
  Line 39:11:   'userModules' is assigned a value but never used     no-unused-vars
  Line 180:11:  'openDatesModal' is assigned a value but never used  no-unused-vars
  Line 310:11:  'dueMeta' is assigned a value but never used         no-unused-vars

src\components\estimates\ProjectEstimationPage.js
  Line 229:12:  'showPrintModal' is assigned a value but never used                                                                                                                                                                                                                                                                                                                              no-unused-vars
  Line 229:28:  'setShowPrintModal' is assigned a value but never used                                                                                                                                                                                                                                                                                                                           no-unused-vars
  Line 260:12:  'approvalPolicy' is assigned a value but never used                                                                                                                                                                                                                                                                                                                              no-unused-vars
  Line 622:8:   React Hook useEffect has missing dependencies: 'availMap', 'globalSettings.GLOBAL_TAX_PERCENT', 'globalSettings.GLOBAL_VAT_PERCENT', 'productById', and 'propProjectId'. Either include them or remove the dependency array. You can also replace multiple useState variables with useReducer if 'setVatPercent' needs the current value of 'globalSettings.GLOBAL_VAT_PERCENT'  react-hooks/exhaustive-deps

src\components\workflow\WorkflowBuilder.js
  Line 118:12:  'adminConfig' is assigned a value but never used                                                                                                                                                                                                                                     no-unused-vars
  Line 300:8:   React Hook useEffect has missing dependencies: 'flow.fileRequirements', 'flow.initialStage', 'flow.notifications', 'flow.requiredApprovals', 'flow.stages', 'flow.transitions', 'flow.visualLayout', 'setEdges', and 'setNodes'. Either include them or remove the dependency array  react-hooks/exhaustive-deps
  Line 303:9:   React Hook useEffect has a complex expression in the dependency array. Extract it to a separate variable so it can be statically checked                                                                                                                                             react-hooks/exhaustive-deps
  Line 304:9:   React Hook useEffect has a complex expression in the dependency array. Extract it to a separate variable so it can be statically checked                                                                                                                                             react-hooks/exhaustive-deps
  Line 305:9:   React Hook useEffect has a complex expression in the dependency array. Extract it to a separate variable so it can be statically checked                                                                                                                                             react-hooks/exhaustive-deps
  Line 306:9:   React Hook useEffect has a complex expression in the dependency array. Extract it to a separate variable so it can be statically checked                                                                                                                                             react-hooks/exhaustive-deps
  Line 307:9:   React Hook useEffect has a complex expression in the dependency array. Extract it to a separate variable so it can be statically checked                                                                                                                                             react-hooks/exhaustive-deps
  Line 308:9:   React Hook useEffect has a complex expression in the dependency array. Extract it to a separate variable so it can be statically checked                                                                                                                                             react-hooks/exhaustive-deps

webpack compiled with 1 warning
Compiling...
Compiled with warnings.

[eslint] 
src\components\Inventory\InventoryView.js
  Line 5:8:    'Select' is defined but never used                                                                                 no-unused-vars
  Line 18:31:  'setSelectedLocations' is assigned a value but never used                                                          no-unused-vars
  Line 20:28:  'setSupplierFilter' is assigned a value but never used                                                             no-unused-vars
  Line 21:26:  'setExpiryFilter' is assigned a value but never used                                                               no-unused-vars
  Line 38:8:   React Hook useEffect has a missing dependency: 'fetchLocations'. Either include it or remove the dependency array  react-hooks/exhaustive-deps

src\components\Project\ProjectDetails.js
  Line 39:11:   'userModules' is assigned a value but never used     no-unused-vars
  Line 180:11:  'openDatesModal' is assigned a value but never used  no-unused-vars
  Line 310:11:  'dueMeta' is assigned a value but never used         no-unused-vars

src\components\estimates\ProjectEstimationPage.js
  Line 1:21:    'Eye' is defined but never used                                                                                                                                                                                                                                                                                                                                                  no-unused-vars
  Line 1:48:    'Plus' is defined but never used                                                                                                                                                                                                                                                                                                                                                 no-unused-vars
  Line 1:54:    'RefreshCw' is defined but never used                                                                                                                                                                                                                                                                                                                                            no-unused-vars
  Line 1:83:    'Save' is defined but never used                                                                                                                                                                                                                                                                                                                                                 no-unused-vars
  Line 1:89:    'Trash2' is defined but never used                                                                                                                                                                                                                                                                                                                                               no-unused-vars
  Line 19:7:    'createTemplateAPI' is assigned a value but never used                                                                                                                                                                                                                                                                                                                           no-unused-vars
  Line 20:7:    'deleteTemplateAPI' is assigned a value but never used                                                                                                                                                                                                                                                                                                                           no-unused-vars
  Line 231:12:  'showPrintModal' is assigned a value but never used                                                                                                                                                                                                                                                                                                                              no-unused-vars
  Line 231:28:  'setShowPrintModal' is assigned a value but never used                                                                                                                                                                                                                                                                                                                           no-unused-vars
  Line 262:12:  'approvalPolicy' is assigned a value but never used                                                                                                                                                                                                                                                                                                                              no-unused-vars
  Line 624:8:   React Hook useEffect has missing dependencies: 'availMap', 'globalSettings.GLOBAL_TAX_PERCENT', 'globalSettings.GLOBAL_VAT_PERCENT', 'productById', and 'propProjectId'. Either include them or remove the dependency array. You can also replace multiple useState variables with useReducer if 'setVatPercent' needs the current value of 'globalSettings.GLOBAL_VAT_PERCENT'  react-hooks/exhaustive-deps

src\components\workflow\WorkflowBuilder.js
  Line 118:12:  'adminConfig' is assigned a value but never used                                                                                                                                                                                                                                     no-unused-vars
  Line 300:8:   React Hook useEffect has missing dependencies: 'flow.fileRequirements', 'flow.initialStage', 'flow.notifications', 'flow.requiredApprovals', 'flow.stages', 'flow.transitions', 'flow.visualLayout', 'setEdges', and 'setNodes'. Either include them or remove the dependency array  react-hooks/exhaustive-deps
  Line 303:9:   React Hook useEffect has a complex expression in the dependency array. Extract it to a separate variable so it can be statically checked                                                                                                                                             react-hooks/exhaustive-deps
  Line 304:9:   React Hook useEffect has a complex expression in the dependency array. Extract it to a separate variable so it can be statically checked                                                                                                                                             react-hooks/exhaustive-deps
  Line 305:9:   React Hook useEffect has a complex expression in the dependency array. Extract it to a separate variable so it can be statically checked                                                                                                                                             react-hooks/exhaustive-deps
  Line 306:9:   React Hook useEffect has a complex expression in the dependency array. Extract it to a separate variable so it can be statically checked                                                                                                                                             react-hooks/exhaustive-deps
  Line 307:9:   React Hook useEffect has a complex expression in the dependency array. Extract it to a separate variable so it can be statically checked                                                                                                                                             react-hooks/exhaustive-deps
  Line 308:9:   React Hook useEffect has a complex expression in the dependency array. Extract it to a separate variable so it can be statically checked                                                                                                                                             react-hooks/exhaustive-deps

Search for the keywords to learn more about each warning.
To ignore, add // eslint-disable-next-line to the line before.

WARNING in [eslint] 
src\components\Inventory\InventoryView.js
  Line 5:8:    'Select' is defined but never used                                                                                 no-unused-vars
  Line 18:31:  'setSelectedLocations' is assigned a value but never used                                                          no-unused-vars
  Line 20:28:  'setSupplierFilter' is assigned a value but never used                                                             no-unused-vars
  Line 21:26:  'setExpiryFilter' is assigned a value but never used                                                               no-unused-vars
  Line 38:8:   React Hook useEffect has a missing dependency: 'fetchLocations'. Either include it or remove the dependency array  react-hooks/exhaustive-deps

src\components\Project\ProjectDetails.js
  Line 39:11:   'userModules' is assigned a value but never used     no-unused-vars
  Line 180:11:  'openDatesModal' is assigned a value but never used  no-unused-vars
  Line 310:11:  'dueMeta' is assigned a value but never used         no-unused-vars

src\components\estimates\ProjectEstimationPage.js
  Line 1:21:    'Eye' is defined but never used                                                                                                                                                                                                                                                                                                                                                  no-unused-vars
  Line 1:48:    'Plus' is defined but never used                                                                                                                                                                                                                                                                                                                                                 no-unused-vars
  Line 1:54:    'RefreshCw' is defined but never used                                                                                                                                                                                                                                                                                                                                            no-unused-vars
  Line 1:83:    'Save' is defined but never used                                                                                                                                                                                                                                                                                                                                                 no-unused-vars
  Line 1:89:    'Trash2' is defined but never used                                                                                                                                                                                                                                                                                                                                               no-unused-vars
  Line 19:7:    'createTemplateAPI' is assigned a value but never used                                                                                                                                                                                                                                                                                                                           no-unused-vars
  Line 20:7:    'deleteTemplateAPI' is assigned a value but never used                                                                                                                                                                                                                                                                                                                           no-unused-vars
  Line 231:12:  'showPrintModal' is assigned a value but never used                                                                                                                                                                                                                                                                                                                              no-unused-vars
  Line 231:28:  'setShowPrintModal' is assigned a value but never used                                                                                                                                                                                                                                                                                                                           no-unused-vars
  Line 262:12:  'approvalPolicy' is assigned a value but never used                                                                                                                                                                                                                                                                                                                              no-unused-vars
  Line 624:8:   React Hook useEffect has missing dependencies: 'availMap', 'globalSettings.GLOBAL_TAX_PERCENT', 'globalSettings.GLOBAL_VAT_PERCENT', 'productById', and 'propProjectId'. Either include them or remove the dependency array. You can also replace multiple useState variables with useReducer if 'setVatPercent' needs the current value of 'globalSettings.GLOBAL_VAT_PERCENT'  react-hooks/exhaustive-deps

src\components\workflow\WorkflowBuilder.js
  Line 118:12:  'adminConfig' is assigned a value but never used                                                                                                                                                                                                                                     no-unused-vars
  Line 300:8:   React Hook useEffect has missing dependencies: 'flow.fileRequirements', 'flow.initialStage', 'flow.notifications', 'flow.requiredApprovals', 'flow.stages', 'flow.transitions', 'flow.visualLayout', 'setEdges', and 'setNodes'. Either include them or remove the dependency array  react-hooks/exhaustive-deps
  Line 303:9:   React Hook useEffect has a complex expression in the dependency array. Extract it to a separate variable so it can be statically checked                                                                                                                                             react-hooks/exhaustive-deps
  Line 304:9:   React Hook useEffect has a complex expression in the dependency array. Extract it to a separate variable so it can be statically checked                                                                                                                                             react-hooks/exhaustive-deps
  Line 305:9:   React Hook useEffect has a complex expression in the dependency array. Extract it to a separate variable so it can be statically checked                                                                                                                                             react-hooks/exhaustive-deps
  Line 306:9:   React Hook useEffect has a complex expression in the dependency array. Extract it to a separate variable so it can be statically checked                                                                                                                                             react-hooks/exhaustive-deps
  Line 307:9:   React Hook useEffect has a complex expression in the dependency array. Extract it to a separate variable so it can be statically checked                                                                                                                                             react-hooks/exhaustive-deps
  Line 308:9:   React Hook useEffect has a complex expression in the dependency array. Extract it to a separate variable so it can be statically checked                                                                                                                                             react-hooks/exhaustive-deps

webpack compiled with 1 warning
Compiling...
Compiled with warnings.

[eslint] 
src\components\Inventory\InventoryView.js
  Line 5:8:    'Select' is defined but never used                                                                                 no-unused-vars
  Line 18:31:  'setSelectedLocations' is assigned a value but never used                                                          no-unused-vars
  Line 20:28:  'setSupplierFilter' is assigned a value but never used                                                             no-unused-vars
  Line 21:26:  'setExpiryFilter' is assigned a value but never used                                                               no-unused-vars
  Line 38:8:   React Hook useEffect has a missing dependency: 'fetchLocations'. Either include it or remove the dependency array  react-hooks/exhaustive-deps

src\components\Project\ProjectDetails.js
  Line 39:11:   'userModules' is assigned a value but never used     no-unused-vars
  Line 180:11:  'openDatesModal' is assigned a value but never used  no-unused-vars
  Line 310:11:  'dueMeta' is assigned a value but never used         no-unused-vars

src\components\estimates\ProjectEstimationPage.js
  Line 1:21:    'Eye' is defined but never used                                                                                                                                                                                                                                                                                                                                                  no-unused-vars
  Line 1:48:    'Plus' is defined but never used                                                                                                                                                                                                                                                                                                                                                 no-unused-vars
  Line 1:54:    'RefreshCw' is defined but never used                                                                                                                                                                                                                                                                                                                                            no-unused-vars
  Line 1:83:    'Save' is defined but never used                                                                                                                                                                                                                                                                                                                                                 no-unused-vars
  Line 1:89:    'Trash2' is defined but never used                                                                                                                                                                                                                                                                                                                                               no-unused-vars
  Line 19:7:    'createTemplateAPI' is assigned a value but never used                                                                                                                                                                                                                                                                                                                           no-unused-vars
  Line 20:7:    'deleteTemplateAPI' is assigned a value but never used                                                                                                                                                                                                                                                                                                                           no-unused-vars
  Line 198:12:  'isLoadingTemplates' is assigned a value but never used                                                                                                                                                                                                                                                                                                                          no-unused-vars
  Line 198:32:  'setIsLoadingTemplates' is assigned a value but never used                                                                                                                                                                                                                                                                                                                       no-unused-vars
  Line 199:12:  'templatesError' is assigned a value but never used                                                                                                                                                                                                                                                                                                                              no-unused-vars
  Line 199:28:  'setTemplatesError' is assigned a value but never used                                                                                                                                                                                                                                                                                                                           no-unused-vars
  Line 200:12:  'showTemplateSaveModal' is assigned a value but never used                                                                                                                                                                                                                                                                                                                       no-unused-vars
  Line 200:35:  'setShowTemplateSaveModal' is assigned a value but never used                                                                                                                                                                                                                                                                                                                    no-unused-vars
  Line 201:12:  'templateSaveForm' is assigned a value but never used                                                                                                                                                                                                                                                                                                                            no-unused-vars
  Line 201:30:  'setTemplateSaveForm' is assigned a value but never used                                                                                                                                                                                                                                                                                                                         no-unused-vars
  Line 206:12:  'savingTemplate' is assigned a value but never used                                                                                                                                                                                                                                                                                                                              no-unused-vars
  Line 206:28:  'setSavingTemplate' is assigned a value but never used                                                                                                                                                                                                                                                                                                                           no-unused-vars
  Line 207:12:  'applyingTemplateId' is assigned a value but never used                                                                                                                                                                                                                                                                                                                          no-unused-vars
  Line 207:32:  'setApplyingTemplateId' is assigned a value but never used                                                                                                                                                                                                                                                                                                                       no-unused-vars
  Line 208:12:  'deletingTemplateId' is assigned a value but never used                                                                                                                                                                                                                                                                                                                          no-unused-vars
  Line 208:32:  'setDeletingTemplateId' is assigned a value but never used                                                                                                                                                                                                                                                                                                                       no-unused-vars
  Line 209:12:  'previewTemplate' is assigned a value but never used                                                                                                                                                                                                                                                                                                                             no-unused-vars
  Line 209:29:  'setPreviewTemplate' is assigned a value but never used                                                                                                                                                                                                                                                                                                                          no-unused-vars
  Line 243:12:  'showPrintModal' is assigned a value but never used                                                                                                                                                                                                                                                                                                                              no-unused-vars
  Line 243:28:  'setShowPrintModal' is assigned a value but never used                                                                                                                                                                                                                                                                                                                           no-unused-vars
  Line 274:12:  'approvalPolicy' is assigned a value but never used                                                                                                                                                                                                                                                                                                                              no-unused-vars
  Line 636:8:   React Hook useEffect has missing dependencies: 'availMap', 'globalSettings.GLOBAL_TAX_PERCENT', 'globalSettings.GLOBAL_VAT_PERCENT', 'productById', and 'propProjectId'. Either include them or remove the dependency array. You can also replace multiple useState variables with useReducer if 'setVatPercent' needs the current value of 'globalSettings.GLOBAL_VAT_PERCENT'  react-hooks/exhaustive-deps

src\components\workflow\WorkflowBuilder.js
  Line 118:12:  'adminConfig' is assigned a value but never used                                                                                                                                                                                                                                     no-unused-vars
  Line 300:8:   React Hook useEffect has missing dependencies: 'flow.fileRequirements', 'flow.initialStage', 'flow.notifications', 'flow.requiredApprovals', 'flow.stages', 'flow.transitions', 'flow.visualLayout', 'setEdges', and 'setNodes'. Either include them or remove the dependency array  react-hooks/exhaustive-deps
  Line 303:9:   React Hook useEffect has a complex expression in the dependency array. Extract it to a separate variable so it can be statically checked                                                                                                                                             react-hooks/exhaustive-deps
  Line 304:9:   React Hook useEffect has a complex expression in the dependency array. Extract it to a separate variable so it can be statically checked                                                                                                                                             react-hooks/exhaustive-deps
  Line 305:9:   React Hook useEffect has a complex expression in the dependency array. Extract it to a separate variable so it can be statically checked                                                                                                                                             react-hooks/exhaustive-deps
  Line 306:9:   React Hook useEffect has a complex expression in the dependency array. Extract it to a separate variable so it can be statically checked                                                                                                                                             react-hooks/exhaustive-deps
  Line 307:9:   React Hook useEffect has a complex expression in the dependency array. Extract it to a separate variable so it can be statically checked                                                                                                                                             react-hooks/exhaustive-deps
  Line 308:9:   React Hook useEffect has a complex expression in the dependency array. Extract it to a separate variable so it can be statically checked                                                                                                                                             react-hooks/exhaustive-deps

Search for the keywords to learn more about each warning.
To ignore, add // eslint-disable-next-line to the line before.

WARNING in [eslint] 
src\components\Inventory\InventoryView.js
  Line 5:8:    'Select' is defined but never used                                                                                 no-unused-vars
  Line 18:31:  'setSelectedLocations' is assigned a value but never used                                                          no-unused-vars
  Line 20:28:  'setSupplierFilter' is assigned a value but never used                                                             no-unused-vars
  Line 21:26:  'setExpiryFilter' is assigned a value but never used                                                               no-unused-vars
  Line 38:8:   React Hook useEffect has a missing dependency: 'fetchLocations'. Either include it or remove the dependency array  react-hooks/exhaustive-deps

src\components\Project\ProjectDetails.js
  Line 39:11:   'userModules' is assigned a value but never used     no-unused-vars
  Line 180:11:  'openDatesModal' is assigned a value but never used  no-unused-vars
  Line 310:11:  'dueMeta' is assigned a value but never used         no-unused-vars

src\components\estimates\ProjectEstimationPage.js
  Line 1:21:    'Eye' is defined but never used                                                                                                                                                                                                                                                                                                                                                  no-unused-vars
  Line 1:48:    'Plus' is defined but never used                                                                                                                                                                                                                                                                                                                                                 no-unused-vars
  Line 1:54:    'RefreshCw' is defined but never used                                                                                                                                                                                                                                                                                                                                            no-unused-vars
  Line 1:83:    'Save' is defined but never used                                                                                                                                                                                                                                                                                                                                                 no-unused-vars
  Line 1:89:    'Trash2' is defined but never used                                                                                                                                                                                                                                                                                                                                               no-unused-vars
  Line 19:7:    'createTemplateAPI' is assigned a value but never used                                                                                                                                                                                                                                                                                                                           no-unused-vars
  Line 20:7:    'deleteTemplateAPI' is assigned a value but never used                                                                                                                                                                                                                                                                                                                           no-unused-vars
  Line 198:12:  'isLoadingTemplates' is assigned a value but never used                                                                                                                                                                                                                                                                                                                          no-unused-vars
  Line 198:32:  'setIsLoadingTemplates' is assigned a value but never used                                                                                                                                                                                                                                                                                                                       no-unused-vars
  Line 199:12:  'templatesError' is assigned a value but never used                                                                                                                                                                                                                                                                                                                              no-unused-vars
  Line 199:28:  'setTemplatesError' is assigned a value but never used                                                                                                                                                                                                                                                                                                                           no-unused-vars
  Line 200:12:  'showTemplateSaveModal' is assigned a value but never used                                                                                                                                                                                                                                                                                                                       no-unused-vars
  Line 200:35:  'setShowTemplateSaveModal' is assigned a value but never used                                                                                                                                                                                                                                                                                                                    no-unused-vars
  Line 201:12:  'templateSaveForm' is assigned a value but never used                                                                                                                                                                                                                                                                                                                            no-unused-vars
  Line 201:30:  'setTemplateSaveForm' is assigned a value but never used                                                                                                                                                                                                                                                                                                                         no-unused-vars
  Line 206:12:  'savingTemplate' is assigned a value but never used                                                                                                                                                                                                                                                                                                                              no-unused-vars
  Line 206:28:  'setSavingTemplate' is assigned a value but never used                                                                                                                                                                                                                                                                                                                           no-unused-vars
  Line 207:12:  'applyingTemplateId' is assigned a value but never used                                                                                                                                                                                                                                                                                                                          no-unused-vars
  Line 207:32:  'setApplyingTemplateId' is assigned a value but never used                                                                                                                                                                                                                                                                                                                       no-unused-vars
  Line 208:12:  'deletingTemplateId' is assigned a value but never used                                                                                                                                                                                                                                                                                                                          no-unused-vars
  Line 208:32:  'setDeletingTemplateId' is assigned a value but never used                                                                                                                                                                                                                                                                                                                       no-unused-vars
  Line 209:12:  'previewTemplate' is assigned a value but never used                                                                                                                                                                                                                                                                                                                             no-unused-vars
  Line 209:29:  'setPreviewTemplate' is assigned a value but never used                                                                                                                                                                                                                                                                                                                          no-unused-vars
  Line 243:12:  'showPrintModal' is assigned a value but never used                                                                                                                                                                                                                                                                                                                              no-unused-vars
  Line 243:28:  'setShowPrintModal' is assigned a value but never used                                                                                                                                                                                                                                                                                                                           no-unused-vars
  Line 274:12:  'approvalPolicy' is assigned a value but never used                                                                                                                                                                                                                                                                                                                              no-unused-vars
  Line 636:8:   React Hook useEffect has missing dependencies: 'availMap', 'globalSettings.GLOBAL_TAX_PERCENT', 'globalSettings.GLOBAL_VAT_PERCENT', 'productById', and 'propProjectId'. Either include them or remove the dependency array. You can also replace multiple useState variables with useReducer if 'setVatPercent' needs the current value of 'globalSettings.GLOBAL_VAT_PERCENT'  react-hooks/exhaustive-deps

src\components\workflow\WorkflowBuilder.js
  Line 118:12:  'adminConfig' is assigned a value but never used                                                                                                                                                                                                                                     no-unused-vars
  Line 300:8:   React Hook useEffect has missing dependencies: 'flow.fileRequirements', 'flow.initialStage', 'flow.notifications', 'flow.requiredApprovals', 'flow.stages', 'flow.transitions', 'flow.visualLayout', 'setEdges', and 'setNodes'. Either include them or remove the dependency array  react-hooks/exhaustive-deps
  Line 303:9:   React Hook useEffect has a complex expression in the dependency array. Extract it to a separate variable so it can be statically checked                                                                                                                                             react-hooks/exhaustive-deps
  Line 304:9:   React Hook useEffect has a complex expression in the dependency array. Extract it to a separate variable so it can be statically checked                                                                                                                                             react-hooks/exhaustive-deps
  Line 305:9:   React Hook useEffect has a complex expression in the dependency array. Extract it to a separate variable so it can be statically checked                                                                                                                                             react-hooks/exhaustive-deps
  Line 306:9:   React Hook useEffect has a complex expression in the dependency array. Extract it to a separate variable so it can be statically checked                                                                                                                                             react-hooks/exhaustive-deps
  Line 307:9:   React Hook useEffect has a complex expression in the dependency array. Extract it to a separate variable so it can be statically checked                                                                                                                                             react-hooks/exhaustive-deps
  Line 308:9:   React Hook useEffect has a complex expression in the dependency array. Extract it to a separate variable so it can be statically checked                                                                                                                                             react-hooks/exhaustive-deps

webpack compiled with 1 warning
Compiling...
Compiled with warnings.

[eslint] 
src\components\Inventory\InventoryView.js
  Line 5:8:    'Select' is defined but never used                                                                                 no-unused-vars
  Line 18:31:  'setSelectedLocations' is assigned a value but never used                                                          no-unused-vars
  Line 20:28:  'setSupplierFilter' is assigned a value but never used                                                             no-unused-vars
  Line 21:26:  'setExpiryFilter' is assigned a value but never used                                                               no-unused-vars
  Line 38:8:   React Hook useEffect has a missing dependency: 'fetchLocations'. Either include it or remove the dependency array  react-hooks/exhaustive-deps

src\components\Project\ProjectDetails.js
  Line 39:11:   'userModules' is assigned a value but never used     no-unused-vars
  Line 180:11:  'openDatesModal' is assigned a value but never used  no-unused-vars
  Line 310:11:  'dueMeta' is assigned a value but never used         no-unused-vars

src\components\estimates\ProjectEstimationPage.js
  Line 1:21:    'Eye' is defined but never used                                                                                                                                                                                                                                                                                                                                                  no-unused-vars
  Line 1:48:    'Plus' is defined but never used                                                                                                                                                                                                                                                                                                                                                 no-unused-vars
  Line 1:54:    'RefreshCw' is defined but never used                                                                                                                                                                                                                                                                                                                                            no-unused-vars
  Line 1:83:    'Save' is defined but never used                                                                                                                                                                                                                                                                                                                                                 no-unused-vars
  Line 1:89:    'Trash2' is defined but never used                                                                                                                                                                                                                                                                                                                                               no-unused-vars
  Line 19:7:    'createTemplateAPI' is assigned a value but never used                                                                                                                                                                                                                                                                                                                           no-unused-vars
  Line 20:7:    'deleteTemplateAPI' is assigned a value but never used                                                                                                                                                                                                                                                                                                                           no-unused-vars
  Line 198:12:  'isLoadingTemplates' is assigned a value but never used                                                                                                                                                                                                                                                                                                                          no-unused-vars
  Line 198:32:  'setIsLoadingTemplates' is assigned a value but never used                                                                                                                                                                                                                                                                                                                       no-unused-vars
  Line 199:12:  'templatesError' is assigned a value but never used                                                                                                                                                                                                                                                                                                                              no-unused-vars
  Line 200:12:  'showTemplateSaveModal' is assigned a value but never used                                                                                                                                                                                                                                                                                                                       no-unused-vars
  Line 200:35:  'setShowTemplateSaveModal' is assigned a value but never used                                                                                                                                                                                                                                                                                                                    no-unused-vars
  Line 201:12:  'templateSaveForm' is assigned a value but never used                                                                                                                                                                                                                                                                                                                            no-unused-vars
  Line 201:30:  'setTemplateSaveForm' is assigned a value but never used                                                                                                                                                                                                                                                                                                                         no-unused-vars
  Line 206:12:  'savingTemplate' is assigned a value but never used                                                                                                                                                                                                                                                                                                                              no-unused-vars
  Line 206:28:  'setSavingTemplate' is assigned a value but never used                                                                                                                                                                                                                                                                                                                           no-unused-vars
  Line 207:12:  'applyingTemplateId' is assigned a value but never used                                                                                                                                                                                                                                                                                                                          no-unused-vars
  Line 207:32:  'setApplyingTemplateId' is assigned a value but never used                                                                                                                                                                                                                                                                                                                       no-unused-vars
  Line 208:12:  'deletingTemplateId' is assigned a value but never used                                                                                                                                                                                                                                                                                                                          no-unused-vars
  Line 208:32:  'setDeletingTemplateId' is assigned a value but never used                                                                                                                                                                                                                                                                                                                       no-unused-vars
  Line 209:12:  'previewTemplate' is assigned a value but never used                                                                                                                                                                                                                                                                                                                             no-unused-vars
  Line 209:29:  'setPreviewTemplate' is assigned a value but never used                                                                                                                                                                                                                                                                                                                          no-unused-vars
  Line 243:12:  'showPrintModal' is assigned a value but never used                                                                                                                                                                                                                                                                                                                              no-unused-vars
  Line 243:28:  'setShowPrintModal' is assigned a value but never used                                                                                                                                                                                                                                                                                                                           no-unused-vars
  Line 274:12:  'approvalPolicy' is assigned a value but never used                                                                                                                                                                                                                                                                                                                              no-unused-vars
  Line 640:8:   React Hook useEffect has missing dependencies: 'availMap', 'globalSettings.GLOBAL_TAX_PERCENT', 'globalSettings.GLOBAL_VAT_PERCENT', 'productById', and 'propProjectId'. Either include them or remove the dependency array. You can also replace multiple useState variables with useReducer if 'setVatPercent' needs the current value of 'globalSettings.GLOBAL_VAT_PERCENT'  react-hooks/exhaustive-deps

src\components\workflow\WorkflowBuilder.js
  Line 118:12:  'adminConfig' is assigned a value but never used                                                                                                                                                                                                                                     no-unused-vars
  Line 300:8:   React Hook useEffect has missing dependencies: 'flow.fileRequirements', 'flow.initialStage', 'flow.notifications', 'flow.requiredApprovals', 'flow.stages', 'flow.transitions', 'flow.visualLayout', 'setEdges', and 'setNodes'. Either include them or remove the dependency array  react-hooks/exhaustive-deps
  Line 303:9:   React Hook useEffect has a complex expression in the dependency array. Extract it to a separate variable so it can be statically checked                                                                                                                                             react-hooks/exhaustive-deps
  Line 304:9:   React Hook useEffect has a complex expression in the dependency array. Extract it to a separate variable so it can be statically checked                                                                                                                                             react-hooks/exhaustive-deps
  Line 305:9:   React Hook useEffect has a complex expression in the dependency array. Extract it to a separate variable so it can be statically checked                                                                                                                                             react-hooks/exhaustive-deps
  Line 306:9:   React Hook useEffect has a complex expression in the dependency array. Extract it to a separate variable so it can be statically checked                                                                                                                                             react-hooks/exhaustive-deps
  Line 307:9:   React Hook useEffect has a complex expression in the dependency array. Extract it to a separate variable so it can be statically checked                                                                                                                                             react-hooks/exhaustive-deps
  Line 308:9:   React Hook useEffect has a complex expression in the dependency array. Extract it to a separate variable so it can be statically checked                                                                                                                                             react-hooks/exhaustive-deps

Search for the keywords to learn more about each warning.
To ignore, add // eslint-disable-next-line to the line before.

WARNING in [eslint] 
src\components\Inventory\InventoryView.js
  Line 5:8:    'Select' is defined but never used                                                                                 no-unused-vars
  Line 18:31:  'setSelectedLocations' is assigned a value but never used                                                          no-unused-vars
  Line 20:28:  'setSupplierFilter' is assigned a value but never used                                                             no-unused-vars
  Line 21:26:  'setExpiryFilter' is assigned a value but never used                                                               no-unused-vars
  Line 38:8:   React Hook useEffect has a missing dependency: 'fetchLocations'. Either include it or remove the dependency array  react-hooks/exhaustive-deps

src\components\Project\ProjectDetails.js
  Line 39:11:   'userModules' is assigned a value but never used     no-unused-vars
  Line 180:11:  'openDatesModal' is assigned a value but never used  no-unused-vars
  Line 310:11:  'dueMeta' is assigned a value but never used         no-unused-vars

src\components\estimates\ProjectEstimationPage.js
  Line 1:21:    'Eye' is defined but never used                                                                                                                                                                                                                                                                                                                                                  no-unused-vars
  Line 1:48:    'Plus' is defined but never used                                                                                                                                                                                                                                                                                                                                                 no-unused-vars
  Line 1:54:    'RefreshCw' is defined but never used                                                                                                                                                                                                                                                                                                                                            no-unused-vars
  Line 1:83:    'Save' is defined but never used                                                                                                                                                                                                                                                                                                                                                 no-unused-vars
  Line 1:89:    'Trash2' is defined but never used                                                                                                                                                                                                                                                                                                                                               no-unused-vars
  Line 19:7:    'createTemplateAPI' is assigned a value but never used                                                                                                                                                                                                                                                                                                                           no-unused-vars
  Line 20:7:    'deleteTemplateAPI' is assigned a value but never used                                                                                                                                                                                                                                                                                                                           no-unused-vars
  Line 198:12:  'isLoadingTemplates' is assigned a value but never used                                                                                                                                                                                                                                                                                                                          no-unused-vars
  Line 198:32:  'setIsLoadingTemplates' is assigned a value but never used                                                                                                                                                                                                                                                                                                                       no-unused-vars
  Line 199:12:  'templatesError' is assigned a value but never used                                                                                                                                                                                                                                                                                                                              no-unused-vars
  Line 200:12:  'showTemplateSaveModal' is assigned a value but never used                                                                                                                                                                                                                                                                                                                       no-unused-vars
  Line 200:35:  'setShowTemplateSaveModal' is assigned a value but never used                                                                                                                                                                                                                                                                                                                    no-unused-vars
  Line 201:12:  'templateSaveForm' is assigned a value but never used                                                                                                                                                                                                                                                                                                                            no-unused-vars
  Line 201:30:  'setTemplateSaveForm' is assigned a value but never used                                                                                                                                                                                                                                                                                                                         no-unused-vars
  Line 206:12:  'savingTemplate' is assigned a value but never used                                                                                                                                                                                                                                                                                                                              no-unused-vars
  Line 206:28:  'setSavingTemplate' is assigned a value but never used                                                                                                                                                                                                                                                                                                                           no-unused-vars
  Line 207:12:  'applyingTemplateId' is assigned a value but never used                                                                                                                                                                                                                                                                                                                          no-unused-vars
  Line 207:32:  'setApplyingTemplateId' is assigned a value but never used                                                                                                                                                                                                                                                                                                                       no-unused-vars
  Line 208:12:  'deletingTemplateId' is assigned a value but never used                                                                                                                                                                                                                                                                                                                          no-unused-vars
  Line 208:32:  'setDeletingTemplateId' is assigned a value but never used                                                                                                                                                                                                                                                                                                                       no-unused-vars
  Line 209:12:  'previewTemplate' is assigned a value but never used                                                                                                                                                                                                                                                                                                                             no-unused-vars
  Line 209:29:  'setPreviewTemplate' is assigned a value but never used                                                                                                                                                                                                                                                                                                                          no-unused-vars
  Line 243:12:  'showPrintModal' is assigned a value but never used                                                                                                                                                                                                                                                                                                                              no-unused-vars
  Line 243:28:  'setShowPrintModal' is assigned a value but never used                                                                                                                                                                                                                                                                                                                           no-unused-vars
  Line 274:12:  'approvalPolicy' is assigned a value but never used                                                                                                                                                                                                                                                                                                                              no-unused-vars
  Line 640:8:   React Hook useEffect has missing dependencies: 'availMap', 'globalSettings.GLOBAL_TAX_PERCENT', 'globalSettings.GLOBAL_VAT_PERCENT', 'productById', and 'propProjectId'. Either include them or remove the dependency array. You can also replace multiple useState variables with useReducer if 'setVatPercent' needs the current value of 'globalSettings.GLOBAL_VAT_PERCENT'  react-hooks/exhaustive-deps

src\components\workflow\WorkflowBuilder.js
  Line 118:12:  'adminConfig' is assigned a value but never used                                                                                                                                                                                                                                     no-unused-vars
  Line 300:8:   React Hook useEffect has missing dependencies: 'flow.fileRequirements', 'flow.initialStage', 'flow.notifications', 'flow.requiredApprovals', 'flow.stages', 'flow.transitions', 'flow.visualLayout', 'setEdges', and 'setNodes'. Either include them or remove the dependency array  react-hooks/exhaustive-deps
  Line 303:9:   React Hook useEffect has a complex expression in the dependency array. Extract it to a separate variable so it can be statically checked                                                                                                                                             react-hooks/exhaustive-deps
  Line 304:9:   React Hook useEffect has a complex expression in the dependency array. Extract it to a separate variable so it can be statically checked                                                                                                                                             react-hooks/exhaustive-deps
  Line 305:9:   React Hook useEffect has a complex expression in the dependency array. Extract it to a separate variable so it can be statically checked                                                                                                                                             react-hooks/exhaustive-deps
  Line 306:9:   React Hook useEffect has a complex expression in the dependency array. Extract it to a separate variable so it can be statically checked                                                                                                                                             react-hooks/exhaustive-deps
  Line 307:9:   React Hook useEffect has a complex expression in the dependency array. Extract it to a separate variable so it can be statically checked                                                                                                                                             react-hooks/exhaustive-deps
  Line 308:9:   React Hook useEffect has a complex expression in the dependency array. Extract it to a separate variable so it can be statically checked                                                                                                                                             react-hooks/exhaustive-deps

webpack compiled with 1 warning
Compiling...
Compiled with warnings.

[eslint] 
src\components\Inventory\InventoryView.js
  Line 5:8:    'Select' is defined but never used                                                                                 no-unused-vars
  Line 18:31:  'setSelectedLocations' is assigned a value but never used                                                          no-unused-vars
  Line 20:28:  'setSupplierFilter' is assigned a value but never used                                                             no-unused-vars
  Line 21:26:  'setExpiryFilter' is assigned a value but never used                                                               no-unused-vars
  Line 38:8:   React Hook useEffect has a missing dependency: 'fetchLocations'. Either include it or remove the dependency array  react-hooks/exhaustive-deps

src\components\Project\ProjectDetails.js
  Line 39:11:   'userModules' is assigned a value but never used     no-unused-vars
  Line 180:11:  'openDatesModal' is assigned a value but never used  no-unused-vars
  Line 310:11:  'dueMeta' is assigned a value but never used         no-unused-vars

src\components\estimates\ProjectEstimationPage.js
  Line 1:21:     'Eye' is defined but never used                                                                                                                                                                                                                                                                                                                                                  no-unused-vars
  Line 1:48:     'Plus' is defined but never used                                                                                                                                                                                                                                                                                                                                                 no-unused-vars
  Line 1:54:     'RefreshCw' is defined but never used                                                                                                                                                                                                                                                                                                                                            no-unused-vars
  Line 1:83:     'Save' is defined but never used                                                                                                                                                                                                                                                                                                                                                 no-unused-vars
  Line 1:89:     'Trash2' is defined but never used                                                                                                                                                                                                                                                                                                                                               no-unused-vars
  Line 198:12:   'isLoadingTemplates' is assigned a value but never used                                                                                                                                                                                                                                                                                                                          no-unused-vars
  Line 199:12:   'templatesError' is assigned a value but never used                                                                                                                                                                                                                                                                                                                              no-unused-vars
  Line 200:12:   'showTemplateSaveModal' is assigned a value but never used                                                                                                                                                                                                                                                                                                                       no-unused-vars
  Line 206:12:   'savingTemplate' is assigned a value but never used                                                                                                                                                                                                                                                                                                                              no-unused-vars
  Line 207:12:   'applyingTemplateId' is assigned a value but never used                                                                                                                                                                                                                                                                                                                          no-unused-vars
  Line 208:12:   'deletingTemplateId' is assigned a value but never used                                                                                                                                                                                                                                                                                                                          no-unused-vars
  Line 243:12:   'showPrintModal' is assigned a value but never used                                                                                                                                                                                                                                                                                                                              no-unused-vars
  Line 243:28:   'setShowPrintModal' is assigned a value but never used                                                                                                                                                                                                                                                                                                                           no-unused-vars
  Line 274:12:   'approvalPolicy' is assigned a value but never used                                                                                                                                                                                                                                                                                                                              no-unused-vars
  Line 640:8:    React Hook useEffect has missing dependencies: 'availMap', 'globalSettings.GLOBAL_TAX_PERCENT', 'globalSettings.GLOBAL_VAT_PERCENT', 'productById', and 'propProjectId'. Either include them or remove the dependency array. You can also replace multiple useState variables with useReducer if 'setVatPercent' needs the current value of 'globalSettings.GLOBAL_VAT_PERCENT'  react-hooks/exhaustive-deps
  Line 1254:11:  'getTemplateLineCount' is assigned a value but never used                                                                                                                                                                                                                                                                                                                        no-unused-vars
  Line 1301:11:  'openTemplateSaveModal' is assigned a value but never used                                                                                                                                                                                                                                                                                                                       no-unused-vars
  Line 1311:11:  'refreshTemplates' is assigned a value but never used                                                                                                                                                                                                                                                                                                                            no-unused-vars
  Line 1327:11:  'saveComponentTemplate' is assigned a value but never used                                                                                                                                                                                                                                                                                                                       no-unused-vars
  Line 1381:11:  'applyTemplateAsColumn' is assigned a value but never used                                                                                                                                                                                                                                                                                                                       no-unused-vars
  Line 1443:11:  'deleteTemplate' is assigned a value but never used                                                                                                                                                                                                                                                                                                                              no-unused-vars

src\components\workflow\WorkflowBuilder.js
  Line 118:12:  'adminConfig' is assigned a value but never used                                                                                                                                                                                                                                     no-unused-vars
  Line 300:8:   React Hook useEffect has missing dependencies: 'flow.fileRequirements', 'flow.initialStage', 'flow.notifications', 'flow.requiredApprovals', 'flow.stages', 'flow.transitions', 'flow.visualLayout', 'setEdges', and 'setNodes'. Either include them or remove the dependency array  react-hooks/exhaustive-deps
  Line 303:9:   React Hook useEffect has a complex expression in the dependency array. Extract it to a separate variable so it can be statically checked                                                                                                                                             react-hooks/exhaustive-deps
  Line 304:9:   React Hook useEffect has a complex expression in the dependency array. Extract it to a separate variable so it can be statically checked                                                                                                                                             react-hooks/exhaustive-deps
  Line 305:9:   React Hook useEffect has a complex expression in the dependency array. Extract it to a separate variable so it can be statically checked                                                                                                                                             react-hooks/exhaustive-deps
  Line 306:9:   React Hook useEffect has a complex expression in the dependency array. Extract it to a separate variable so it can be statically checked                                                                                                                                             react-hooks/exhaustive-deps
  Line 307:9:   React Hook useEffect has a complex expression in the dependency array. Extract it to a separate variable so it can be statically checked                                                                                                                                             react-hooks/exhaustive-deps
  Line 308:9:   React Hook useEffect has a complex expression in the dependency array. Extract it to a separate variable so it can be statically checked                                                                                                                                             react-hooks/exhaustive-deps

Search for the keywords to learn more about each warning.
To ignore, add // eslint-disable-next-line to the line before.

WARNING in [eslint] 
src\components\Inventory\InventoryView.js
  Line 5:8:    'Select' is defined but never used                                                                                 no-unused-vars
  Line 18:31:  'setSelectedLocations' is assigned a value but never used                                                          no-unused-vars
  Line 20:28:  'setSupplierFilter' is assigned a value but never used                                                             no-unused-vars
  Line 21:26:  'setExpiryFilter' is assigned a value but never used                                                               no-unused-vars
  Line 38:8:   React Hook useEffect has a missing dependency: 'fetchLocations'. Either include it or remove the dependency array  react-hooks/exhaustive-deps

src\components\Project\ProjectDetails.js
  Line 39:11:   'userModules' is assigned a value but never used     no-unused-vars
  Line 180:11:  'openDatesModal' is assigned a value but never used  no-unused-vars
  Line 310:11:  'dueMeta' is assigned a value but never used         no-unused-vars

src\components\estimates\ProjectEstimationPage.js
  Line 1:21:     'Eye' is defined but never used                                                                                                                                                                                                                                                                                                                                                  no-unused-vars
  Line 1:48:     'Plus' is defined but never used                                                                                                                                                                                                                                                                                                                                                 no-unused-vars
  Line 1:54:     'RefreshCw' is defined but never used                                                                                                                                                                                                                                                                                                                                            no-unused-vars
  Line 1:83:     'Save' is defined but never used                                                                                                                                                                                                                                                                                                                                                 no-unused-vars
  Line 1:89:     'Trash2' is defined but never used                                                                                                                                                                                                                                                                                                                                               no-unused-vars
  Line 198:12:   'isLoadingTemplates' is assigned a value but never used                                                                                                                                                                                                                                                                                                                          no-unused-vars
  Line 199:12:   'templatesError' is assigned a value but never used                                                                                                                                                                                                                                                                                                                              no-unused-vars
  Line 200:12:   'showTemplateSaveModal' is assigned a value but never used                                                                                                                                                                                                                                                                                                                       no-unused-vars
  Line 206:12:   'savingTemplate' is assigned a value but never used                                                                                                                                                                                                                                                                                                                              no-unused-vars
  Line 207:12:   'applyingTemplateId' is assigned a value but never used                                                                                                                                                                                                                                                                                                                          no-unused-vars
  Line 208:12:   'deletingTemplateId' is assigned a value but never used                                                                                                                                                                                                                                                                                                                          no-unused-vars
  Line 243:12:   'showPrintModal' is assigned a value but never used                                                                                                                                                                                                                                                                                                                              no-unused-vars
  Line 243:28:   'setShowPrintModal' is assigned a value but never used                                                                                                                                                                                                                                                                                                                           no-unused-vars
  Line 274:12:   'approvalPolicy' is assigned a value but never used                                                                                                                                                                                                                                                                                                                              no-unused-vars
  Line 640:8:    React Hook useEffect has missing dependencies: 'availMap', 'globalSettings.GLOBAL_TAX_PERCENT', 'globalSettings.GLOBAL_VAT_PERCENT', 'productById', and 'propProjectId'. Either include them or remove the dependency array. You can also replace multiple useState variables with useReducer if 'setVatPercent' needs the current value of 'globalSettings.GLOBAL_VAT_PERCENT'  react-hooks/exhaustive-deps
  Line 1254:11:  'getTemplateLineCount' is assigned a value but never used                                                                                                                                                                                                                                                                                                                        no-unused-vars
  Line 1301:11:  'openTemplateSaveModal' is assigned a value but never used                                                                                                                                                                                                                                                                                                                       no-unused-vars
  Line 1311:11:  'refreshTemplates' is assigned a value but never used                                                                                                                                                                                                                                                                                                                            no-unused-vars
  Line 1327:11:  'saveComponentTemplate' is assigned a value but never used                                                                                                                                                                                                                                                                                                                       no-unused-vars
  Line 1381:11:  'applyTemplateAsColumn' is assigned a value but never used                                                                                                                                                                                                                                                                                                                       no-unused-vars
  Line 1443:11:  'deleteTemplate' is assigned a value but never used                                                                                                                                                                                                                                                                                                                              no-unused-vars

src\components\workflow\WorkflowBuilder.js
  Line 118:12:  'adminConfig' is assigned a value but never used                                                                                                                                                                                                                                     no-unused-vars
  Line 300:8:   React Hook useEffect has missing dependencies: 'flow.fileRequirements', 'flow.initialStage', 'flow.notifications', 'flow.requiredApprovals', 'flow.stages', 'flow.transitions', 'flow.visualLayout', 'setEdges', and 'setNodes'. Either include them or remove the dependency array  react-hooks/exhaustive-deps
  Line 303:9:   React Hook useEffect has a complex expression in the dependency array. Extract it to a separate variable so it can be statically checked                                                                                                                                             react-hooks/exhaustive-deps
  Line 304:9:   React Hook useEffect has a complex expression in the dependency array. Extract it to a separate variable so it can be statically checked                                                                                                                                             react-hooks/exhaustive-deps
  Line 305:9:   React Hook useEffect has a complex expression in the dependency array. Extract it to a separate variable so it can be statically checked                                                                                                                                             react-hooks/exhaustive-deps
  Line 306:9:   React Hook useEffect has a complex expression in the dependency array. Extract it to a separate variable so it can be statically checked                                                                                                                                             react-hooks/exhaustive-deps
  Line 307:9:   React Hook useEffect has a complex expression in the dependency array. Extract it to a separate variable so it can be statically checked                                                                                                                                             react-hooks/exhaustive-deps
  Line 308:9:   React Hook useEffect has a complex expression in the dependency array. Extract it to a separate variable so it can be statically checked                                                                                                                                             react-hooks/exhaustive-deps

webpack compiled with 1 warning
Compiling...
Compiled with warnings.

[eslint] 
src\components\Inventory\InventoryView.js
  Line 5:8:    'Select' is defined but never used                                                                                 no-unused-vars
  Line 18:31:  'setSelectedLocations' is assigned a value but never used                                                          no-unused-vars
  Line 20:28:  'setSupplierFilter' is assigned a value but never used                                                             no-unused-vars
  Line 21:26:  'setExpiryFilter' is assigned a value but never used                                                               no-unused-vars
  Line 38:8:   React Hook useEffect has a missing dependency: 'fetchLocations'. Either include it or remove the dependency array  react-hooks/exhaustive-deps

src\components\Project\ProjectDetails.js
  Line 39:11:   'userModules' is assigned a value but never used     no-unused-vars
  Line 180:11:  'openDatesModal' is assigned a value but never used  no-unused-vars
  Line 310:11:  'dueMeta' is assigned a value but never used         no-unused-vars

src\components\estimates\ProjectEstimationPage.js
  Line 1:21:     'Eye' is defined but never used                                                                                                                                                                                                                                                                                                                                                  no-unused-vars
  Line 1:54:     'RefreshCw' is defined but never used                                                                                                                                                                                                                                                                                                                                            no-unused-vars
  Line 1:89:     'Trash2' is defined but never used                                                                                                                                                                                                                                                                                                                                               no-unused-vars
  Line 198:12:   'isLoadingTemplates' is assigned a value but never used                                                                                                                                                                                                                                                                                                                          no-unused-vars
  Line 199:12:   'templatesError' is assigned a value but never used                                                                                                                                                                                                                                                                                                                              no-unused-vars
  Line 200:12:   'showTemplateSaveModal' is assigned a value but never used                                                                                                                                                                                                                                                                                                                       no-unused-vars
  Line 206:12:   'savingTemplate' is assigned a value but never used                                                                                                                                                                                                                                                                                                                              no-unused-vars
  Line 207:12:   'applyingTemplateId' is assigned a value but never used                                                                                                                                                                                                                                                                                                                          no-unused-vars
  Line 208:12:   'deletingTemplateId' is assigned a value but never used                                                                                                                                                                                                                                                                                                                          no-unused-vars
  Line 243:12:   'showPrintModal' is assigned a value but never used                                                                                                                                                                                                                                                                                                                              no-unused-vars
  Line 243:28:   'setShowPrintModal' is assigned a value but never used                                                                                                                                                                                                                                                                                                                           no-unused-vars
  Line 274:12:   'approvalPolicy' is assigned a value but never used                                                                                                                                                                                                                                                                                                                              no-unused-vars
  Line 640:8:    React Hook useEffect has missing dependencies: 'availMap', 'globalSettings.GLOBAL_TAX_PERCENT', 'globalSettings.GLOBAL_VAT_PERCENT', 'productById', and 'propProjectId'. Either include them or remove the dependency array. You can also replace multiple useState variables with useReducer if 'setVatPercent' needs the current value of 'globalSettings.GLOBAL_VAT_PERCENT'  react-hooks/exhaustive-deps
  Line 1311:11:  'refreshTemplates' is assigned a value but never used                                                                                                                                                                                                                                                                                                                            no-unused-vars
  Line 1327:11:  'saveComponentTemplate' is assigned a value but never used                                                                                                                                                                                                                                                                                                                       no-unused-vars
  Line 1381:11:  'applyTemplateAsColumn' is assigned a value but never used                                                                                                                                                                                                                                                                                                                       no-unused-vars
  Line 1443:11:  'deleteTemplate' is assigned a value but never used                                                                                                                                                                                                                                                                                                                              no-unused-vars

src\components\workflow\WorkflowBuilder.js
  Line 118:12:  'adminConfig' is assigned a value but never used                                                                                                                                                                                                                                     no-unused-vars
  Line 300:8:   React Hook useEffect has missing dependencies: 'flow.fileRequirements', 'flow.initialStage', 'flow.notifications', 'flow.requiredApprovals', 'flow.stages', 'flow.transitions', 'flow.visualLayout', 'setEdges', and 'setNodes'. Either include them or remove the dependency array  react-hooks/exhaustive-deps
  Line 303:9:   React Hook useEffect has a complex expression in the dependency array. Extract it to a separate variable so it can be statically checked                                                                                                                                             react-hooks/exhaustive-deps
  Line 304:9:   React Hook useEffect has a complex expression in the dependency array. Extract it to a separate variable so it can be statically checked                                                                                                                                             react-hooks/exhaustive-deps
  Line 305:9:   React Hook useEffect has a complex expression in the dependency array. Extract it to a separate variable so it can be statically checked                                                                                                                                             react-hooks/exhaustive-deps
  Line 306:9:   React Hook useEffect has a complex expression in the dependency array. Extract it to a separate variable so it can be statically checked                                                                                                                                             react-hooks/exhaustive-deps
  Line 307:9:   React Hook useEffect has a complex expression in the dependency array. Extract it to a separate variable so it can be statically checked                                                                                                                                             react-hooks/exhaustive-deps
  Line 308:9:   React Hook useEffect has a complex expression in the dependency array. Extract it to a separate variable so it can be statically checked                                                                                                                                             react-hooks/exhaustive-deps

Search for the keywords to learn more about each warning.
To ignore, add // eslint-disable-next-line to the line before.

WARNING in [eslint] 
src\components\Inventory\InventoryView.js
  Line 5:8:    'Select' is defined but never used                                                                                 no-unused-vars
  Line 18:31:  'setSelectedLocations' is assigned a value but never used                                                          no-unused-vars
  Line 20:28:  'setSupplierFilter' is assigned a value but never used                                                             no-unused-vars
  Line 21:26:  'setExpiryFilter' is assigned a value but never used                                                               no-unused-vars
  Line 38:8:   React Hook useEffect has a missing dependency: 'fetchLocations'. Either include it or remove the dependency array  react-hooks/exhaustive-deps

src\components\Project\ProjectDetails.js
  Line 39:11:   'userModules' is assigned a value but never used     no-unused-vars
  Line 180:11:  'openDatesModal' is assigned a value but never used  no-unused-vars
  Line 310:11:  'dueMeta' is assigned a value but never used         no-unused-vars

src\components\estimates\ProjectEstimationPage.js
  Line 1:21:     'Eye' is defined but never used                                                                                                                                                                                                                                                                                                                                                  no-unused-vars
  Line 1:54:     'RefreshCw' is defined but never used                                                                                                                                                                                                                                                                                                                                            no-unused-vars
  Line 1:89:     'Trash2' is defined but never used                                                                                                                                                                                                                                                                                                                                               no-unused-vars
  Line 198:12:   'isLoadingTemplates' is assigned a value but never used                                                                                                                                                                                                                                                                                                                          no-unused-vars
  Line 199:12:   'templatesError' is assigned a value but never used                                                                                                                                                                                                                                                                                                                              no-unused-vars
  Line 200:12:   'showTemplateSaveModal' is assigned a value but never used                                                                                                                                                                                                                                                                                                                       no-unused-vars
  Line 206:12:   'savingTemplate' is assigned a value but never used                                                                                                                                                                                                                                                                                                                              no-unused-vars
  Line 207:12:   'applyingTemplateId' is assigned a value but never used                                                                                                                                                                                                                                                                                                                          no-unused-vars
  Line 208:12:   'deletingTemplateId' is assigned a value but never used                                                                                                                                                                                                                                                                                                                          no-unused-vars
  Line 243:12:   'showPrintModal' is assigned a value but never used                                                                                                                                                                                                                                                                                                                              no-unused-vars
  Line 243:28:   'setShowPrintModal' is assigned a value but never used                                                                                                                                                                                                                                                                                                                           no-unused-vars
  Line 274:12:   'approvalPolicy' is assigned a value but never used                                                                                                                                                                                                                                                                                                                              no-unused-vars
  Line 640:8:    React Hook useEffect has missing dependencies: 'availMap', 'globalSettings.GLOBAL_TAX_PERCENT', 'globalSettings.GLOBAL_VAT_PERCENT', 'productById', and 'propProjectId'. Either include them or remove the dependency array. You can also replace multiple useState variables with useReducer if 'setVatPercent' needs the current value of 'globalSettings.GLOBAL_VAT_PERCENT'  react-hooks/exhaustive-deps
  Line 1311:11:  'refreshTemplates' is assigned a value but never used                                                                                                                                                                                                                                                                                                                            no-unused-vars
  Line 1327:11:  'saveComponentTemplate' is assigned a value but never used                                                                                                                                                                                                                                                                                                                       no-unused-vars
  Line 1381:11:  'applyTemplateAsColumn' is assigned a value but never used                                                                                                                                                                                                                                                                                                                       no-unused-vars
  Line 1443:11:  'deleteTemplate' is assigned a value but never used                                                                                                                                                                                                                                                                                                                              no-unused-vars

src\components\workflow\WorkflowBuilder.js
  Line 118:12:  'adminConfig' is assigned a value but never used                                                                                                                                                                                                                                     no-unused-vars
  Line 300:8:   React Hook useEffect has missing dependencies: 'flow.fileRequirements', 'flow.initialStage', 'flow.notifications', 'flow.requiredApprovals', 'flow.stages', 'flow.transitions', 'flow.visualLayout', 'setEdges', and 'setNodes'. Either include them or remove the dependency array  react-hooks/exhaustive-deps
  Line 303:9:   React Hook useEffect has a complex expression in the dependency array. Extract it to a separate variable so it can be statically checked                                                                                                                                             react-hooks/exhaustive-deps
  Line 304:9:   React Hook useEffect has a complex expression in the dependency array. Extract it to a separate variable so it can be statically checked                                                                                                                                             react-hooks/exhaustive-deps
  Line 305:9:   React Hook useEffect has a complex expression in the dependency array. Extract it to a separate variable so it can be statically checked                                                                                                                                             react-hooks/exhaustive-deps
  Line 306:9:   React Hook useEffect has a complex expression in the dependency array. Extract it to a separate variable so it can be statically checked                                                                                                                                             react-hooks/exhaustive-deps
  Line 307:9:   React Hook useEffect has a complex expression in the dependency array. Extract it to a separate variable so it can be statically checked                                                                                                                                             react-hooks/exhaustive-deps
  Line 308:9:   React Hook useEffect has a complex expression in the dependency array. Extract it to a separate variable so it can be statically checked                                                                                                                                             react-hooks/exhaustive-deps

webpack compiled with 1 warning
Compiling...
Compiled with warnings.

[eslint] 
src\components\Inventory\InventoryView.js
  Line 5:8:    'Select' is defined but never used                                                                                 no-unused-vars
  Line 18:31:  'setSelectedLocations' is assigned a value but never used                                                          no-unused-vars
  Line 20:28:  'setSupplierFilter' is assigned a value but never used                                                             no-unused-vars
  Line 21:26:  'setExpiryFilter' is assigned a value but never used                                                               no-unused-vars
  Line 38:8:   React Hook useEffect has a missing dependency: 'fetchLocations'. Either include it or remove the dependency array  react-hooks/exhaustive-deps

src\components\Project\ProjectDetails.js
  Line 39:11:   'userModules' is assigned a value but never used     no-unused-vars
  Line 180:11:  'openDatesModal' is assigned a value but never used  no-unused-vars
  Line 310:11:  'dueMeta' is assigned a value but never used         no-unused-vars

src\components\estimates\ProjectEstimationPage.js
  Line 200:12:   'showTemplateSaveModal' is assigned a value but never used                                                                                                                                                                                                                                                                                                                       no-unused-vars
  Line 206:12:   'savingTemplate' is assigned a value but never used                                                                                                                                                                                                                                                                                                                              no-unused-vars
  Line 243:12:   'showPrintModal' is assigned a value but never used                                                                                                                                                                                                                                                                                                                              no-unused-vars
  Line 243:28:   'setShowPrintModal' is assigned a value but never used                                                                                                                                                                                                                                                                                                                           no-unused-vars
  Line 274:12:   'approvalPolicy' is assigned a value but never used                                                                                                                                                                                                                                                                                                                              no-unused-vars
  Line 640:8:    React Hook useEffect has missing dependencies: 'availMap', 'globalSettings.GLOBAL_TAX_PERCENT', 'globalSettings.GLOBAL_VAT_PERCENT', 'productById', and 'propProjectId'. Either include them or remove the dependency array. You can also replace multiple useState variables with useReducer if 'setVatPercent' needs the current value of 'globalSettings.GLOBAL_VAT_PERCENT'  react-hooks/exhaustive-deps
  Line 1327:11:  'saveComponentTemplate' is assigned a value but never used                                                                                                                                                                                                                                                                                                                       no-unused-vars

src\components\workflow\WorkflowBuilder.js
  Line 118:12:  'adminConfig' is assigned a value but never used                                                                                                                                                                                                                                     no-unused-vars
  Line 300:8:   React Hook useEffect has missing dependencies: 'flow.fileRequirements', 'flow.initialStage', 'flow.notifications', 'flow.requiredApprovals', 'flow.stages', 'flow.transitions', 'flow.visualLayout', 'setEdges', and 'setNodes'. Either include them or remove the dependency array  react-hooks/exhaustive-deps
  Line 303:9:   React Hook useEffect has a complex expression in the dependency array. Extract it to a separate variable so it can be statically checked                                                                                                                                             react-hooks/exhaustive-deps
  Line 304:9:   React Hook useEffect has a complex expression in the dependency array. Extract it to a separate variable so it can be statically checked                                                                                                                                             react-hooks/exhaustive-deps
  Line 305:9:   React Hook useEffect has a complex expression in the dependency array. Extract it to a separate variable so it can be statically checked                                                                                                                                             react-hooks/exhaustive-deps
  Line 306:9:   React Hook useEffect has a complex expression in the dependency array. Extract it to a separate variable so it can be statically checked                                                                                                                                             react-hooks/exhaustive-deps
  Line 307:9:   React Hook useEffect has a complex expression in the dependency array. Extract it to a separate variable so it can be statically checked                                                                                                                                             react-hooks/exhaustive-deps
  Line 308:9:   React Hook useEffect has a complex expression in the dependency array. Extract it to a separate variable so it can be statically checked                                                                                                                                             react-hooks/exhaustive-deps

Search for the keywords to learn more about each warning.
To ignore, add // eslint-disable-next-line to the line before.

WARNING in [eslint] 
src\components\Inventory\InventoryView.js
  Line 5:8:    'Select' is defined but never used                                                                                 no-unused-vars
  Line 18:31:  'setSelectedLocations' is assigned a value but never used                                                          no-unused-vars
  Line 20:28:  'setSupplierFilter' is assigned a value but never used                                                             no-unused-vars
  Line 21:26:  'setExpiryFilter' is assigned a value but never used                                                               no-unused-vars
  Line 38:8:   React Hook useEffect has a missing dependency: 'fetchLocations'. Either include it or remove the dependency array  react-hooks/exhaustive-deps

src\components\Project\ProjectDetails.js
  Line 39:11:   'userModules' is assigned a value but never used     no-unused-vars
  Line 180:11:  'openDatesModal' is assigned a value but never used  no-unused-vars
  Line 310:11:  'dueMeta' is assigned a value but never used         no-unused-vars

src\components\estimates\ProjectEstimationPage.js
  Line 200:12:   'showTemplateSaveModal' is assigned a value but never used                                                                                                                                                                                                                                                                                                                       no-unused-vars
  Line 206:12:   'savingTemplate' is assigned a value but never used                                                                                                                                                                                                                                                                                                                              no-unused-vars
  Line 243:12:   'showPrintModal' is assigned a value but never used                                                                                                                                                                                                                                                                                                                              no-unused-vars
  Line 243:28:   'setShowPrintModal' is assigned a value but never used                                                                                                                                                                                                                                                                                                                           no-unused-vars
  Line 274:12:   'approvalPolicy' is assigned a value but never used                                                                                                                                                                                                                                                                                                                              no-unused-vars
  Line 640:8:    React Hook useEffect has missing dependencies: 'availMap', 'globalSettings.GLOBAL_TAX_PERCENT', 'globalSettings.GLOBAL_VAT_PERCENT', 'productById', and 'propProjectId'. Either include them or remove the dependency array. You can also replace multiple useState variables with useReducer if 'setVatPercent' needs the current value of 'globalSettings.GLOBAL_VAT_PERCENT'  react-hooks/exhaustive-deps
  Line 1327:11:  'saveComponentTemplate' is assigned a value but never used                                                                                                                                                                                                                                                                                                                       no-unused-vars

src\components\workflow\WorkflowBuilder.js
  Line 118:12:  'adminConfig' is assigned a value but never used                                                                                                                                                                                                                                     no-unused-vars
  Line 300:8:   React Hook useEffect has missing dependencies: 'flow.fileRequirements', 'flow.initialStage', 'flow.notifications', 'flow.requiredApprovals', 'flow.stages', 'flow.transitions', 'flow.visualLayout', 'setEdges', and 'setNodes'. Either include them or remove the dependency array  react-hooks/exhaustive-deps
  Line 303:9:   React Hook useEffect has a complex expression in the dependency array. Extract it to a separate variable so it can be statically checked                                                                                                                                             react-hooks/exhaustive-deps
  Line 304:9:   React Hook useEffect has a complex expression in the dependency array. Extract it to a separate variable so it can be statically checked                                                                                                                                             react-hooks/exhaustive-deps
  Line 305:9:   React Hook useEffect has a complex expression in the dependency array. Extract it to a separate variable so it can be statically checked                                                                                                                                             react-hooks/exhaustive-deps
  Line 306:9:   React Hook useEffect has a complex expression in the dependency array. Extract it to a separate variable so it can be statically checked                                                                                                                                             react-hooks/exhaustive-deps
  Line 307:9:   React Hook useEffect has a complex expression in the dependency array. Extract it to a separate variable so it can be statically checked                                                                                                                                             react-hooks/exhaustive-deps
  Line 308:9:   React Hook useEffect has a complex expression in the dependency array. Extract it to a separate variable so it can be statically checked                                                                                                                                             react-hooks/exhaustive-deps

webpack compiled with 1 warning
Compiling...
Compiled with warnings.

[eslint] 
src\components\Inventory\InventoryView.js
  Line 5:8:    'Select' is defined but never used                                                                                 no-unused-vars
  Line 18:31:  'setSelectedLocations' is assigned a value but never used                                                          no-unused-vars
  Line 20:28:  'setSupplierFilter' is assigned a value but never used                                                             no-unused-vars
  Line 21:26:  'setExpiryFilter' is assigned a value but never used                                                               no-unused-vars
  Line 38:8:   React Hook useEffect has a missing dependency: 'fetchLocations'. Either include it or remove the dependency array  react-hooks/exhaustive-deps

src\components\Project\ProjectDetails.js
  Line 39:11:   'userModules' is assigned a value but never used     no-unused-vars
  Line 180:11:  'openDatesModal' is assigned a value but never used  no-unused-vars
  Line 310:11:  'dueMeta' is assigned a value but never used         no-unused-vars

src\components\estimates\ProjectEstimationPage.js
  Line 243:12:  'showPrintModal' is assigned a value but never used                                                                                                                                                                                                                                                                                                                              no-unused-vars
  Line 243:28:  'setShowPrintModal' is assigned a value but never used                                                                                                                                                                                                                                                                                                                           no-unused-vars
  Line 274:12:  'approvalPolicy' is assigned a value but never used                                                                                                                                                                                                                                                                                                                              no-unused-vars
  Line 640:8:   React Hook useEffect has missing dependencies: 'availMap', 'globalSettings.GLOBAL_TAX_PERCENT', 'globalSettings.GLOBAL_VAT_PERCENT', 'productById', and 'propProjectId'. Either include them or remove the dependency array. You can also replace multiple useState variables with useReducer if 'setVatPercent' needs the current value of 'globalSettings.GLOBAL_VAT_PERCENT'  react-hooks/exhaustive-deps

src\components\workflow\WorkflowBuilder.js
  Line 118:12:  'adminConfig' is assigned a value but never used                                                                                                                                                                                                                                     no-unused-vars
  Line 300:8:   React Hook useEffect has missing dependencies: 'flow.fileRequirements', 'flow.initialStage', 'flow.notifications', 'flow.requiredApprovals', 'flow.stages', 'flow.transitions', 'flow.visualLayout', 'setEdges', and 'setNodes'. Either include them or remove the dependency array  react-hooks/exhaustive-deps
  Line 303:9:   React Hook useEffect has a complex expression in the dependency array. Extract it to a separate variable so it can be statically checked                                                                                                                                             react-hooks/exhaustive-deps
  Line 304:9:   React Hook useEffect has a complex expression in the dependency array. Extract it to a separate variable so it can be statically checked                                                                                                                                             react-hooks/exhaustive-deps
  Line 305:9:   React Hook useEffect has a complex expression in the dependency array. Extract it to a separate variable so it can be statically checked                                                                                                                                             react-hooks/exhaustive-deps
  Line 306:9:   React Hook useEffect has a complex expression in the dependency array. Extract it to a separate variable so it can be statically checked                                                                                                                                             react-hooks/exhaustive-deps
  Line 307:9:   React Hook useEffect has a complex expression in the dependency array. Extract it to a separate variable so it can be statically checked                                                                                                                                             react-hooks/exhaustive-deps
  Line 308:9:   React Hook useEffect has a complex expression in the dependency array. Extract it to a separate variable so it can be statically checked                                                                                                                                             react-hooks/exhaustive-deps

Search for the keywords to learn more about each warning.
To ignore, add // eslint-disable-next-line to the line before.

WARNING in [eslint] 
src\components\Inventory\InventoryView.js
  Line 5:8:    'Select' is defined but never used                                                                                 no-unused-vars
  Line 18:31:  'setSelectedLocations' is assigned a value but never used                                                          no-unused-vars
  Line 20:28:  'setSupplierFilter' is assigned a value but never used                                                             no-unused-vars
  Line 21:26:  'setExpiryFilter' is assigned a value but never used                                                               no-unused-vars
  Line 38:8:   React Hook useEffect has a missing dependency: 'fetchLocations'. Either include it or remove the dependency array  react-hooks/exhaustive-deps

src\components\Project\ProjectDetails.js
  Line 39:11:   'userModules' is assigned a value but never used     no-unused-vars
  Line 180:11:  'openDatesModal' is assigned a value but never used  no-unused-vars
  Line 310:11:  'dueMeta' is assigned a value but never used         no-unused-vars

src\components\estimates\ProjectEstimationPage.js
  Line 243:12:  'showPrintModal' is assigned a value but never used                                                                                                                                                                                                                                                                                                                              no-unused-vars
  Line 243:28:  'setShowPrintModal' is assigned a value but never used                                                                                                                                                                                                                                                                                                                           no-unused-vars
  Line 274:12:  'approvalPolicy' is assigned a value but never used                                                                                                                                                                                                                                                                                                                              no-unused-vars
  Line 640:8:   React Hook useEffect has missing dependencies: 'availMap', 'globalSettings.GLOBAL_TAX_PERCENT', 'globalSettings.GLOBAL_VAT_PERCENT', 'productById', and 'propProjectId'. Either include them or remove the dependency array. You can also replace multiple useState variables with useReducer if 'setVatPercent' needs the current value of 'globalSettings.GLOBAL_VAT_PERCENT'  react-hooks/exhaustive-deps

src\components\workflow\WorkflowBuilder.js
  Line 118:12:  'adminConfig' is assigned a value but never used                                                                                                                                                                                                                                     no-unused-vars
  Line 300:8:   React Hook useEffect has missing dependencies: 'flow.fileRequirements', 'flow.initialStage', 'flow.notifications', 'flow.requiredApprovals', 'flow.stages', 'flow.transitions', 'flow.visualLayout', 'setEdges', and 'setNodes'. Either include them or remove the dependency array  react-hooks/exhaustive-deps
  Line 303:9:   React Hook useEffect has a complex expression in the dependency array. Extract it to a separate variable so it can be statically checked                                                                                                                                             react-hooks/exhaustive-deps
  Line 304:9:   React Hook useEffect has a complex expression in the dependency array. Extract it to a separate variable so it can be statically checked                                                                                                                                             react-hooks/exhaustive-deps
  Line 305:9:   React Hook useEffect has a complex expression in the dependency array. Extract it to a separate variable so it can be statically checked                                                                                                                                             react-hooks/exhaustive-deps
  Line 306:9:   React Hook useEffect has a complex expression in the dependency array. Extract it to a separate variable so it can be statically checked                                                                                                                                             react-hooks/exhaustive-deps
  Line 307:9:   React Hook useEffect has a complex expression in the dependency array. Extract it to a separate variable so it can be statically checked                                                                                                                                             react-hooks/exhaustive-deps
  Line 308:9:   React Hook useEffect has a complex expression in the dependency array. Extract it to a separate variable so it can be statically checked                                                                                                                                             react-hooks/exhaustive-deps

webpack compiled with 1 warning
Compiling...
Compiled with warnings.

[eslint] 
src\components\Inventory\InventoryView.js
  Line 5:8:    'Select' is defined but never used                                                                                 no-unused-vars
  Line 18:31:  'setSelectedLocations' is assigned a value but never used                                                          no-unused-vars
  Line 20:28:  'setSupplierFilter' is assigned a value but never used                                                             no-unused-vars
  Line 21:26:  'setExpiryFilter' is assigned a value but never used                                                               no-unused-vars
  Line 38:8:   React Hook useEffect has a missing dependency: 'fetchLocations'. Either include it or remove the dependency array  react-hooks/exhaustive-deps

src\components\Project\ProjectDetails.js
  Line 39:11:   'userModules' is assigned a value but never used     no-unused-vars
  Line 180:11:  'openDatesModal' is assigned a value but never used  no-unused-vars
  Line 310:11:  'dueMeta' is assigned a value but never used         no-unused-vars

src\components\estimates\ProjectEstimationPage.js
  Line 243:12:  'showPrintModal' is assigned a value but never used                                                                                                                                                                                                                                                                                                                              no-unused-vars
  Line 243:28:  'setShowPrintModal' is assigned a value but never used                                                                                                                                                                                                                                                                                                                           no-unused-vars
  Line 274:12:  'approvalPolicy' is assigned a value but never used                                                                                                                                                                                                                                                                                                                              no-unused-vars
  Line 640:8:   React Hook useEffect has missing dependencies: 'availMap', 'globalSettings.GLOBAL_TAX_PERCENT', 'globalSettings.GLOBAL_VAT_PERCENT', 'productById', and 'propProjectId'. Either include them or remove the dependency array. You can also replace multiple useState variables with useReducer if 'setVatPercent' needs the current value of 'globalSettings.GLOBAL_VAT_PERCENT'  react-hooks/exhaustive-deps

src\components\workflow\WorkflowBuilder.js
  Line 118:12:  'adminConfig' is assigned a value but never used                                                                                                                                                                                                                                     no-unused-vars
  Line 300:8:   React Hook useEffect has missing dependencies: 'flow.fileRequirements', 'flow.initialStage', 'flow.notifications', 'flow.requiredApprovals', 'flow.stages', 'flow.transitions', 'flow.visualLayout', 'setEdges', and 'setNodes'. Either include them or remove the dependency array  react-hooks/exhaustive-deps
  Line 303:9:   React Hook useEffect has a complex expression in the dependency array. Extract it to a separate variable so it can be statically checked                                                                                                                                             react-hooks/exhaustive-deps
  Line 304:9:   React Hook useEffect has a complex expression in the dependency array. Extract it to a separate variable so it can be statically checked                                                                                                                                             react-hooks/exhaustive-deps
  Line 305:9:   React Hook useEffect has a complex expression in the dependency array. Extract it to a separate variable so it can be statically checked                                                                                                                                             react-hooks/exhaustive-deps
  Line 306:9:   React Hook useEffect has a complex expression in the dependency array. Extract it to a separate variable so it can be statically checked                                                                                                                                             react-hooks/exhaustive-deps
  Line 307:9:   React Hook useEffect has a complex expression in the dependency array. Extract it to a separate variable so it can be statically checked                                                                                                                                             react-hooks/exhaustive-deps
  Line 308:9:   React Hook useEffect has a complex expression in the dependency array. Extract it to a separate variable so it can be statically checked                                                                                                                                             react-hooks/exhaustive-deps

Search for the keywords to learn more about each warning.
To ignore, add // eslint-disable-next-line to the line before.

WARNING in [eslint] 
src\components\Inventory\InventoryView.js
  Line 5:8:    'Select' is defined but never used                                                                                 no-unused-vars
  Line 18:31:  'setSelectedLocations' is assigned a value but never used                                                          no-unused-vars
  Line 20:28:  'setSupplierFilter' is assigned a value but never used                                                             no-unused-vars
  Line 21:26:  'setExpiryFilter' is assigned a value but never used                                                               no-unused-vars
  Line 38:8:   React Hook useEffect has a missing dependency: 'fetchLocations'. Either include it or remove the dependency array  react-hooks/exhaustive-deps

src\components\Project\ProjectDetails.js
  Line 39:11:   'userModules' is assigned a value but never used     no-unused-vars
  Line 180:11:  'openDatesModal' is assigned a value but never used  no-unused-vars
  Line 310:11:  'dueMeta' is assigned a value but never used         no-unused-vars

src\components\estimates\ProjectEstimationPage.js
  Line 243:12:  'showPrintModal' is assigned a value but never used                                                                                                                                                                                                                                                                                                                              no-unused-vars
  Line 243:28:  'setShowPrintModal' is assigned a value but never used                                                                                                                                                                                                                                                                                                                           no-unused-vars
  Line 274:12:  'approvalPolicy' is assigned a value but never used                                                                                                                                                                                                                                                                                                                              no-unused-vars
  Line 640:8:   React Hook useEffect has missing dependencies: 'availMap', 'globalSettings.GLOBAL_TAX_PERCENT', 'globalSettings.GLOBAL_VAT_PERCENT', 'productById', and 'propProjectId'. Either include them or remove the dependency array. You can also replace multiple useState variables with useReducer if 'setVatPercent' needs the current value of 'globalSettings.GLOBAL_VAT_PERCENT'  react-hooks/exhaustive-deps

src\components\workflow\WorkflowBuilder.js
  Line 118:12:  'adminConfig' is assigned a value but never used                                                                                                                                                                                                                                     no-unused-vars
  Line 300:8:   React Hook useEffect has missing dependencies: 'flow.fileRequirements', 'flow.initialStage', 'flow.notifications', 'flow.requiredApprovals', 'flow.stages', 'flow.transitions', 'flow.visualLayout', 'setEdges', and 'setNodes'. Either include them or remove the dependency array  react-hooks/exhaustive-deps
  Line 303:9:   React Hook useEffect has a complex expression in the dependency array. Extract it to a separate variable so it can be statically checked                                                                                                                                             react-hooks/exhaustive-deps
  Line 304:9:   React Hook useEffect has a complex expression in the dependency array. Extract it to a separate variable so it can be statically checked                                                                                                                                             react-hooks/exhaustive-deps
  Line 305:9:   React Hook useEffect has a complex expression in the dependency array. Extract it to a separate variable so it can be statically checked                                                                                                                                             react-hooks/exhaustive-deps
  Line 306:9:   React Hook useEffect has a complex expression in the dependency array. Extract it to a separate variable so it can be statically checked                                                                                                                                             react-hooks/exhaustive-deps
  Line 307:9:   React Hook useEffect has a complex expression in the dependency array. Extract it to a separate variable so it can be statically checked                                                                                                                                             react-hooks/exhaustive-deps
  Line 308:9:   React Hook useEffect has a complex expression in the dependency array. Extract it to a separate variable so it can be statically checked                                                                                                                                             react-hooks/exhaustive-deps

webpack compiled with 1 warning
Compiling...
Compiled with warnings.

[eslint] 
src\components\Inventory\InventoryView.js
  Line 5:8:    'Select' is defined but never used                                                                                 no-unused-vars
  Line 18:31:  'setSelectedLocations' is assigned a value but never used                                                          no-unused-vars
  Line 20:28:  'setSupplierFilter' is assigned a value but never used                                                             no-unused-vars
  Line 21:26:  'setExpiryFilter' is assigned a value but never used                                                               no-unused-vars
  Line 38:8:   React Hook useEffect has a missing dependency: 'fetchLocations'. Either include it or remove the dependency array  react-hooks/exhaustive-deps

src\components\Project\ProjectDetails.js
  Line 39:11:   'userModules' is assigned a value but never used     no-unused-vars
  Line 180:11:  'openDatesModal' is assigned a value but never used  no-unused-vars
  Line 310:11:  'dueMeta' is assigned a value but never used         no-unused-vars

src\components\ReusableComponents\BrandedDialogHost.js
  Line 67:8:  React Hook useEffect has a missing dependency: 'closeDialog'. Either include it or remove the dependency array  react-hooks/exhaustive-deps

src\components\estimates\ProjectEstimationPage.js
  Line 243:12:  'showPrintModal' is assigned a value but never used                                                                                                                                                                                                                                                                                                                              no-unused-vars
  Line 243:28:  'setShowPrintModal' is assigned a value but never used                                                                                                                                                                                                                                                                                                                           no-unused-vars
  Line 274:12:  'approvalPolicy' is assigned a value but never used                                                                                                                                                                                                                                                                                                                              no-unused-vars
  Line 640:8:   React Hook useEffect has missing dependencies: 'availMap', 'globalSettings.GLOBAL_TAX_PERCENT', 'globalSettings.GLOBAL_VAT_PERCENT', 'productById', and 'propProjectId'. Either include them or remove the dependency array. You can also replace multiple useState variables with useReducer if 'setVatPercent' needs the current value of 'globalSettings.GLOBAL_VAT_PERCENT'  react-hooks/exhaustive-deps

src\components\workflow\WorkflowBuilder.js
  Line 118:12:  'adminConfig' is assigned a value but never used                                                                                                                                                                                                                                     no-unused-vars
  Line 300:8:   React Hook useEffect has missing dependencies: 'flow.fileRequirements', 'flow.initialStage', 'flow.notifications', 'flow.requiredApprovals', 'flow.stages', 'flow.transitions', 'flow.visualLayout', 'setEdges', and 'setNodes'. Either include them or remove the dependency array  react-hooks/exhaustive-deps
  Line 303:9:   React Hook useEffect has a complex expression in the dependency array. Extract it to a separate variable so it can be statically checked                                                                                                                                             react-hooks/exhaustive-deps
  Line 304:9:   React Hook useEffect has a complex expression in the dependency array. Extract it to a separate variable so it can be statically checked                                                                                                                                             react-hooks/exhaustive-deps
  Line 305:9:   React Hook useEffect has a complex expression in the dependency array. Extract it to a separate variable so it can be statically checked                                                                                                                                             react-hooks/exhaustive-deps
  Line 306:9:   React Hook useEffect has a complex expression in the dependency array. Extract it to a separate variable so it can be statically checked                                                                                                                                             react-hooks/exhaustive-deps
  Line 307:9:   React Hook useEffect has a complex expression in the dependency array. Extract it to a separate variable so it can be statically checked                                                                                                                                             react-hooks/exhaustive-deps
  Line 308:9:   React Hook useEffect has a complex expression in the dependency array. Extract it to a separate variable so it can be statically checked                                                                                                                                             react-hooks/exhaustive-deps

Search for the keywords to learn more about each warning.
To ignore, add // eslint-disable-next-line to the line before.

WARNING in [eslint] 
src\components\Inventory\InventoryView.js
  Line 5:8:    'Select' is defined but never used                                                                                 no-unused-vars
  Line 18:31:  'setSelectedLocations' is assigned a value but never used                                                          no-unused-vars
  Line 20:28:  'setSupplierFilter' is assigned a value but never used                                                             no-unused-vars
  Line 21:26:  'setExpiryFilter' is assigned a value but never used                                                               no-unused-vars
  Line 38:8:   React Hook useEffect has a missing dependency: 'fetchLocations'. Either include it or remove the dependency array  react-hooks/exhaustive-deps

src\components\Project\ProjectDetails.js
  Line 39:11:   'userModules' is assigned a value but never used     no-unused-vars
  Line 180:11:  'openDatesModal' is assigned a value but never used  no-unused-vars
  Line 310:11:  'dueMeta' is assigned a value but never used         no-unused-vars

src\components\ReusableComponents\BrandedDialogHost.js
  Line 67:8:  React Hook useEffect has a missing dependency: 'closeDialog'. Either include it or remove the dependency array  react-hooks/exhaustive-deps

src\components\estimates\ProjectEstimationPage.js
  Line 243:12:  'showPrintModal' is assigned a value but never used                                                                                                                                                                                                                                                                                                                              no-unused-vars
  Line 243:28:  'setShowPrintModal' is assigned a value but never used                                                                                                                                                                                                                                                                                                                           no-unused-vars
  Line 274:12:  'approvalPolicy' is assigned a value but never used                                                                                                                                                                                                                                                                                                                              no-unused-vars
  Line 640:8:   React Hook useEffect has missing dependencies: 'availMap', 'globalSettings.GLOBAL_TAX_PERCENT', 'globalSettings.GLOBAL_VAT_PERCENT', 'productById', and 'propProjectId'. Either include them or remove the dependency array. You can also replace multiple useState variables with useReducer if 'setVatPercent' needs the current value of 'globalSettings.GLOBAL_VAT_PERCENT'  react-hooks/exhaustive-deps

src\components\workflow\WorkflowBuilder.js
  Line 118:12:  'adminConfig' is assigned a value but never used                                                                                                                                                                                                                                     no-unused-vars
  Line 300:8:   React Hook useEffect has missing dependencies: 'flow.fileRequirements', 'flow.initialStage', 'flow.notifications', 'flow.requiredApprovals', 'flow.stages', 'flow.transitions', 'flow.visualLayout', 'setEdges', and 'setNodes'. Either include them or remove the dependency array  react-hooks/exhaustive-deps
  Line 303:9:   React Hook useEffect has a complex expression in the dependency array. Extract it to a separate variable so it can be statically checked                                                                                                                                             react-hooks/exhaustive-deps
  Line 304:9:   React Hook useEffect has a complex expression in the dependency array. Extract it to a separate variable so it can be statically checked                                                                                                                                             react-hooks/exhaustive-deps
  Line 305:9:   React Hook useEffect has a complex expression in the dependency array. Extract it to a separate variable so it can be statically checked                                                                                                                                             react-hooks/exhaustive-deps
  Line 306:9:   React Hook useEffect has a complex expression in the dependency array. Extract it to a separate variable so it can be statically checked                                                                                                                                             react-hooks/exhaustive-deps
  Line 307:9:   React Hook useEffect has a complex expression in the dependency array. Extract it to a separate variable so it can be statically checked                                                                                                                                             react-hooks/exhaustive-deps
  Line 308:9:   React Hook useEffect has a complex expression in the dependency array. Extract it to a separate variable so it can be statically checked                                                                                                                                             react-hooks/exhaustive-deps

webpack compiled with 1 warning
Compiling...
Compiled with warnings.

[eslint] 
src\components\Inventory\InventoryView.js
  Line 5:8:    'Select' is defined but never used                                                                                 no-unused-vars
  Line 18:31:  'setSelectedLocations' is assigned a value but never used                                                          no-unused-vars
  Line 20:28:  'setSupplierFilter' is assigned a value but never used                                                             no-unused-vars
  Line 21:26:  'setExpiryFilter' is assigned a value but never used                                                               no-unused-vars
  Line 38:8:   React Hook useEffect has a missing dependency: 'fetchLocations'. Either include it or remove the dependency array  react-hooks/exhaustive-deps

src\components\Project\ProjectDetails.js
  Line 39:11:   'userModules' is assigned a value but never used     no-unused-vars
  Line 180:11:  'openDatesModal' is assigned a value but never used  no-unused-vars
  Line 310:11:  'dueMeta' is assigned a value but never used         no-unused-vars

src\components\ReusableComponents\BrandedDialogHost.js
  Line 67:8:  React Hook useEffect has a missing dependency: 'closeDialog'. Either include it or remove the dependency array  react-hooks/exhaustive-deps

src\components\estimates\ProjectEstimationPage.js
  Line 243:12:  'showPrintModal' is assigned a value but never used                                                                                                                                                                                                                                                                                                                              no-unused-vars
  Line 243:28:  'setShowPrintModal' is assigned a value but never used                                                                                                                                                                                                                                                                                                                           no-unused-vars
  Line 274:12:  'approvalPolicy' is assigned a value but never used                                                                                                                                                                                                                                                                                                                              no-unused-vars
  Line 640:8:   React Hook useEffect has missing dependencies: 'availMap', 'globalSettings.GLOBAL_TAX_PERCENT', 'globalSettings.GLOBAL_VAT_PERCENT', 'productById', and 'propProjectId'. Either include them or remove the dependency array. You can also replace multiple useState variables with useReducer if 'setVatPercent' needs the current value of 'globalSettings.GLOBAL_VAT_PERCENT'  react-hooks/exhaustive-deps

src\components\workflow\WorkflowBuilder.js
  Line 118:12:  'adminConfig' is assigned a value but never used                                                                                                                                                                                                                                     no-unused-vars
  Line 300:8:   React Hook useEffect has missing dependencies: 'flow.fileRequirements', 'flow.initialStage', 'flow.notifications', 'flow.requiredApprovals', 'flow.stages', 'flow.transitions', 'flow.visualLayout', 'setEdges', and 'setNodes'. Either include them or remove the dependency array  react-hooks/exhaustive-deps
  Line 303:9:   React Hook useEffect has a complex expression in the dependency array. Extract it to a separate variable so it can be statically checked                                                                                                                                             react-hooks/exhaustive-deps
  Line 304:9:   React Hook useEffect has a complex expression in the dependency array. Extract it to a separate variable so it can be statically checked                                                                                                                                             react-hooks/exhaustive-deps
  Line 305:9:   React Hook useEffect has a complex expression in the dependency array. Extract it to a separate variable so it can be statically checked                                                                                                                                             react-hooks/exhaustive-deps
  Line 306:9:   React Hook useEffect has a complex expression in the dependency array. Extract it to a separate variable so it can be statically checked                                                                                                                                             react-hooks/exhaustive-deps
  Line 307:9:   React Hook useEffect has a complex expression in the dependency array. Extract it to a separate variable so it can be statically checked                                                                                                                                             react-hooks/exhaustive-deps
  Line 308:9:   React Hook useEffect has a complex expression in the dependency array. Extract it to a separate variable so it can be statically checked                                                                                                                                             react-hooks/exhaustive-deps

Search for the keywords to learn more about each warning.
To ignore, add // eslint-disable-next-line to the line before.

WARNING in [eslint] 
src\components\Inventory\InventoryView.js
  Line 5:8:    'Select' is defined but never used                                                                                 no-unused-vars
  Line 18:31:  'setSelectedLocations' is assigned a value but never used                                                          no-unused-vars
  Line 20:28:  'setSupplierFilter' is assigned a value but never used                                                             no-unused-vars
  Line 21:26:  'setExpiryFilter' is assigned a value but never used                                                               no-unused-vars
  Line 38:8:   React Hook useEffect has a missing dependency: 'fetchLocations'. Either include it or remove the dependency array  react-hooks/exhaustive-deps

src\components\Project\ProjectDetails.js
  Line 39:11:   'userModules' is assigned a value but never used     no-unused-vars
  Line 180:11:  'openDatesModal' is assigned a value but never used  no-unused-vars
  Line 310:11:  'dueMeta' is assigned a value but never used         no-unused-vars

src\components\ReusableComponents\BrandedDialogHost.js
  Line 67:8:  React Hook useEffect has a missing dependency: 'closeDialog'. Either include it or remove the dependency array  react-hooks/exhaustive-deps

src\components\estimates\ProjectEstimationPage.js
  Line 243:12:  'showPrintModal' is assigned a value but never used                                                                                                                                                                                                                                                                                                                              no-unused-vars
  Line 243:28:  'setShowPrintModal' is assigned a value but never used                                                                                                                                                                                                                                                                                                                           no-unused-vars
  Line 274:12:  'approvalPolicy' is assigned a value but never used                                                                                                                                                                                                                                                                                                                              no-unused-vars
  Line 640:8:   React Hook useEffect has missing dependencies: 'availMap', 'globalSettings.GLOBAL_TAX_PERCENT', 'globalSettings.GLOBAL_VAT_PERCENT', 'productById', and 'propProjectId'. Either include them or remove the dependency array. You can also replace multiple useState variables with useReducer if 'setVatPercent' needs the current value of 'globalSettings.GLOBAL_VAT_PERCENT'  react-hooks/exhaustive-deps

src\components\workflow\WorkflowBuilder.js
  Line 118:12:  'adminConfig' is assigned a value but never used                                                                                                                                                                                                                                     no-unused-vars
  Line 300:8:   React Hook useEffect has missing dependencies: 'flow.fileRequirements', 'flow.initialStage', 'flow.notifications', 'flow.requiredApprovals', 'flow.stages', 'flow.transitions', 'flow.visualLayout', 'setEdges', and 'setNodes'. Either include them or remove the dependency array  react-hooks/exhaustive-deps
  Line 303:9:   React Hook useEffect has a complex expression in the dependency array. Extract it to a separate variable so it can be statically checked                                                                                                                                             react-hooks/exhaustive-deps
  Line 304:9:   React Hook useEffect has a complex expression in the dependency array. Extract it to a separate variable so it can be statically checked                                                                                                                                             react-hooks/exhaustive-deps
  Line 305:9:   React Hook useEffect has a complex expression in the dependency array. Extract it to a separate variable so it can be statically checked                                                                                                                                             react-hooks/exhaustive-deps
  Line 306:9:   React Hook useEffect has a complex expression in the dependency array. Extract it to a separate variable so it can be statically checked                                                                                                                                             react-hooks/exhaustive-deps
  Line 307:9:   React Hook useEffect has a complex expression in the dependency array. Extract it to a separate variable so it can be statically checked                                                                                                                                             react-hooks/exhaustive-deps
  Line 308:9:   React Hook useEffect has a complex expression in the dependency array. Extract it to a separate variable so it can be statically checked                                                                                                                                             react-hooks/exhaustive-deps

webpack compiled with 1 warning
Compiling...
Compiled with warnings.

[eslint] 
src\components\Inventory\InventoryView.js
  Line 5:8:    'Select' is defined but never used                                                                                 no-unused-vars
  Line 18:31:  'setSelectedLocations' is assigned a value but never used                                                          no-unused-vars
  Line 20:28:  'setSupplierFilter' is assigned a value but never used                                                             no-unused-vars
  Line 21:26:  'setExpiryFilter' is assigned a value but never used                                                               no-unused-vars
  Line 38:8:   React Hook useEffect has a missing dependency: 'fetchLocations'. Either include it or remove the dependency array  react-hooks/exhaustive-deps

src\components\Project\ProjectDetails.js
  Line 39:11:   'userModules' is assigned a value but never used     no-unused-vars
  Line 180:11:  'openDatesModal' is assigned a value but never used  no-unused-vars
  Line 310:11:  'dueMeta' is assigned a value but never used         no-unused-vars

src\components\ReusableComponents\BrandedDialogHost.js
  Line 67:8:  React Hook useEffect has a missing dependency: 'closeDialog'. Either include it or remove the dependency array  react-hooks/exhaustive-deps

src\components\estimates\ProjectEstimationPage.js
  Line 244:12:  'showPrintModal' is assigned a value but never used                                                                                                                                                                                                                                                                                                                              no-unused-vars
  Line 244:28:  'setShowPrintModal' is assigned a value but never used                                                                                                                                                                                                                                                                                                                           no-unused-vars
  Line 275:12:  'approvalPolicy' is assigned a value but never used                                                                                                                                                                                                                                                                                                                              no-unused-vars
  Line 641:8:   React Hook useEffect has missing dependencies: 'availMap', 'globalSettings.GLOBAL_TAX_PERCENT', 'globalSettings.GLOBAL_VAT_PERCENT', 'productById', and 'propProjectId'. Either include them or remove the dependency array. You can also replace multiple useState variables with useReducer if 'setVatPercent' needs the current value of 'globalSettings.GLOBAL_VAT_PERCENT'  react-hooks/exhaustive-deps

src\components\workflow\WorkflowBuilder.js
  Line 118:12:  'adminConfig' is assigned a value but never used                                                                                                                                                                                                                                     no-unused-vars
  Line 300:8:   React Hook useEffect has missing dependencies: 'flow.fileRequirements', 'flow.initialStage', 'flow.notifications', 'flow.requiredApprovals', 'flow.stages', 'flow.transitions', 'flow.visualLayout', 'setEdges', and 'setNodes'. Either include them or remove the dependency array  react-hooks/exhaustive-deps
  Line 303:9:   React Hook useEffect has a complex expression in the dependency array. Extract it to a separate variable so it can be statically checked                                                                                                                                             react-hooks/exhaustive-deps
  Line 304:9:   React Hook useEffect has a complex expression in the dependency array. Extract it to a separate variable so it can be statically checked                                                                                                                                             react-hooks/exhaustive-deps
  Line 305:9:   React Hook useEffect has a complex expression in the dependency array. Extract it to a separate variable so it can be statically checked                                                                                                                                             react-hooks/exhaustive-deps
  Line 306:9:   React Hook useEffect has a complex expression in the dependency array. Extract it to a separate variable so it can be statically checked                                                                                                                                             react-hooks/exhaustive-deps
  Line 307:9:   React Hook useEffect has a complex expression in the dependency array. Extract it to a separate variable so it can be statically checked                                                                                                                                             react-hooks/exhaustive-deps
  Line 308:9:   React Hook useEffect has a complex expression in the dependency array. Extract it to a separate variable so it can be statically checked                                                                                                                                             react-hooks/exhaustive-deps

Search for the keywords to learn more about each warning.
To ignore, add // eslint-disable-next-line to the line before.

WARNING in [eslint] 
src\components\Inventory\InventoryView.js
  Line 5:8:    'Select' is defined but never used                                                                                 no-unused-vars
  Line 18:31:  'setSelectedLocations' is assigned a value but never used                                                          no-unused-vars
  Line 20:28:  'setSupplierFilter' is assigned a value but never used                                                             no-unused-vars
  Line 21:26:  'setExpiryFilter' is assigned a value but never used                                                               no-unused-vars
  Line 38:8:   React Hook useEffect has a missing dependency: 'fetchLocations'. Either include it or remove the dependency array  react-hooks/exhaustive-deps

src\components\Project\ProjectDetails.js
  Line 39:11:   'userModules' is assigned a value but never used     no-unused-vars
  Line 180:11:  'openDatesModal' is assigned a value but never used  no-unused-vars
  Line 310:11:  'dueMeta' is assigned a value but never used         no-unused-vars

src\components\ReusableComponents\BrandedDialogHost.js
  Line 67:8:  React Hook useEffect has a missing dependency: 'closeDialog'. Either include it or remove the dependency array  react-hooks/exhaustive-deps

src\components\estimates\ProjectEstimationPage.js
  Line 244:12:  'showPrintModal' is assigned a value but never used                                                                                                                                                                                                                                                                                                                              no-unused-vars
  Line 244:28:  'setShowPrintModal' is assigned a value but never used                                                                                                                                                                                                                                                                                                                           no-unused-vars
  Line 275:12:  'approvalPolicy' is assigned a value but never used                                                                                                                                                                                                                                                                                                                              no-unused-vars
  Line 641:8:   React Hook useEffect has missing dependencies: 'availMap', 'globalSettings.GLOBAL_TAX_PERCENT', 'globalSettings.GLOBAL_VAT_PERCENT', 'productById', and 'propProjectId'. Either include them or remove the dependency array. You can also replace multiple useState variables with useReducer if 'setVatPercent' needs the current value of 'globalSettings.GLOBAL_VAT_PERCENT'  react-hooks/exhaustive-deps

src\components\workflow\WorkflowBuilder.js
  Line 118:12:  'adminConfig' is assigned a value but never used                                                                                                                                                                                                                                     no-unused-vars
  Line 300:8:   React Hook useEffect has missing dependencies: 'flow.fileRequirements', 'flow.initialStage', 'flow.notifications', 'flow.requiredApprovals', 'flow.stages', 'flow.transitions', 'flow.visualLayout', 'setEdges', and 'setNodes'. Either include them or remove the dependency array  react-hooks/exhaustive-deps
  Line 303:9:   React Hook useEffect has a complex expression in the dependency array. Extract it to a separate variable so it can be statically checked                                                                                                                                             react-hooks/exhaustive-deps
  Line 304:9:   React Hook useEffect has a complex expression in the dependency array. Extract it to a separate variable so it can be statically checked                                                                                                                                             react-hooks/exhaustive-deps
  Line 305:9:   React Hook useEffect has a complex expression in the dependency array. Extract it to a separate variable so it can be statically checked                                                                                                                                             react-hooks/exhaustive-deps
  Line 306:9:   React Hook useEffect has a complex expression in the dependency array. Extract it to a separate variable so it can be statically checked                                                                                                                                             react-hooks/exhaustive-deps
  Line 307:9:   React Hook useEffect has a complex expression in the dependency array. Extract it to a separate variable so it can be statically checked                                                                                                                                             react-hooks/exhaustive-deps
  Line 308:9:   React Hook useEffect has a complex expression in the dependency array. Extract it to a separate variable so it can be statically checked                                                                                                                                             react-hooks/exhaustive-deps

webpack compiled with 1 warning
Compiling...
Compiled with warnings.

[eslint] 
src\components\GRN\GRNListView.js
  Line 45:34:  React Hook useEffect has a missing dependency: 'load'. Either include it or remove the dependency array  react-hooks/exhaustive-deps
  Line 47:34:  React Hook useEffect has a missing dependency: 'load'. Either include it or remove the dependency array  react-hooks/exhaustive-deps

src\components\Inventory\InventoryView.js
  Line 5:8:    'Select' is defined but never used                                                                                 no-unused-vars
  Line 18:31:  'setSelectedLocations' is assigned a value but never used                                                          no-unused-vars
  Line 20:28:  'setSupplierFilter' is assigned a value but never used                                                             no-unused-vars
  Line 21:26:  'setExpiryFilter' is assigned a value but never used                                                               no-unused-vars
  Line 38:8:   React Hook useEffect has a missing dependency: 'fetchLocations'. Either include it or remove the dependency array  react-hooks/exhaustive-deps

src\components\Project\ProjectDetails.js
  Line 39:11:   'userModules' is assigned a value but never used     no-unused-vars
  Line 180:11:  'openDatesModal' is assigned a value but never used  no-unused-vars
  Line 310:11:  'dueMeta' is assigned a value but never used         no-unused-vars

src\components\ReusableComponents\BrandedDialogHost.js
  Line 67:8:  React Hook useEffect has a missing dependency: 'closeDialog'. Either include it or remove the dependency array  react-hooks/exhaustive-deps

src\components\estimates\ProjectEstimationPage.js
  Line 244:12:  'showPrintModal' is assigned a value but never used                                                                                                                                                                                                                                                                                                                              no-unused-vars
  Line 244:28:  'setShowPrintModal' is assigned a value but never used                                                                                                                                                                                                                                                                                                                           no-unused-vars
  Line 275:12:  'approvalPolicy' is assigned a value but never used                                                                                                                                                                                                                                                                                                                              no-unused-vars
  Line 641:8:   React Hook useEffect has missing dependencies: 'availMap', 'globalSettings.GLOBAL_TAX_PERCENT', 'globalSettings.GLOBAL_VAT_PERCENT', 'productById', and 'propProjectId'. Either include them or remove the dependency array. You can also replace multiple useState variables with useReducer if 'setVatPercent' needs the current value of 'globalSettings.GLOBAL_VAT_PERCENT'  react-hooks/exhaustive-deps

src\components\workflow\WorkflowBuilder.js
  Line 118:12:  'adminConfig' is assigned a value but never used                                                                                                                                                                                                                                     no-unused-vars
  Line 300:8:   React Hook useEffect has missing dependencies: 'flow.fileRequirements', 'flow.initialStage', 'flow.notifications', 'flow.requiredApprovals', 'flow.stages', 'flow.transitions', 'flow.visualLayout', 'setEdges', and 'setNodes'. Either include them or remove the dependency array  react-hooks/exhaustive-deps
  Line 303:9:   React Hook useEffect has a complex expression in the dependency array. Extract it to a separate variable so it can be statically checked                                                                                                                                             react-hooks/exhaustive-deps
  Line 304:9:   React Hook useEffect has a complex expression in the dependency array. Extract it to a separate variable so it can be statically checked                                                                                                                                             react-hooks/exhaustive-deps
  Line 305:9:   React Hook useEffect has a complex expression in the dependency array. Extract it to a separate variable so it can be statically checked                                                                                                                                             react-hooks/exhaustive-deps
  Line 306:9:   React Hook useEffect has a complex expression in the dependency array. Extract it to a separate variable so it can be statically checked                                                                                                                                             react-hooks/exhaustive-deps
  Line 307:9:   React Hook useEffect has a complex expression in the dependency array. Extract it to a separate variable so it can be statically checked                                                                                                                                             react-hooks/exhaustive-deps
  Line 308:9:   React Hook useEffect has a complex expression in the dependency array. Extract it to a separate variable so it can be statically checked                                                                                                                                             react-hooks/exhaustive-deps

Search for the keywords to learn more about each warning.
To ignore, add // eslint-disable-next-line to the line before.

WARNING in [eslint] 
src\components\GRN\GRNListView.js
  Line 45:34:  React Hook useEffect has a missing dependency: 'load'. Either include it or remove the dependency array  react-hooks/exhaustive-deps
  Line 47:34:  React Hook useEffect has a missing dependency: 'load'. Either include it or remove the dependency array  react-hooks/exhaustive-deps

src\components\Inventory\InventoryView.js
  Line 5:8:    'Select' is defined but never used                                                                                 no-unused-vars
  Line 18:31:  'setSelectedLocations' is assigned a value but never used                                                          no-unused-vars
  Line 20:28:  'setSupplierFilter' is assigned a value but never used                                                             no-unused-vars
  Line 21:26:  'setExpiryFilter' is assigned a value but never used                                                               no-unused-vars
  Line 38:8:   React Hook useEffect has a missing dependency: 'fetchLocations'. Either include it or remove the dependency array  react-hooks/exhaustive-deps

src\components\Project\ProjectDetails.js
  Line 39:11:   'userModules' is assigned a value but never used     no-unused-vars
  Line 180:11:  'openDatesModal' is assigned a value but never used  no-unused-vars
  Line 310:11:  'dueMeta' is assigned a value but never used         no-unused-vars

src\components\ReusableComponents\BrandedDialogHost.js
  Line 67:8:  React Hook useEffect has a missing dependency: 'closeDialog'. Either include it or remove the dependency array  react-hooks/exhaustive-deps

src\components\estimates\ProjectEstimationPage.js
  Line 244:12:  'showPrintModal' is assigned a value but never used                                                                                                                                                                                                                                                                                                                              no-unused-vars
  Line 244:28:  'setShowPrintModal' is assigned a value but never used                                                                                                                                                                                                                                                                                                                           no-unused-vars
  Line 275:12:  'approvalPolicy' is assigned a value but never used                                                                                                                                                                                                                                                                                                                              no-unused-vars
  Line 641:8:   React Hook useEffect has missing dependencies: 'availMap', 'globalSettings.GLOBAL_TAX_PERCENT', 'globalSettings.GLOBAL_VAT_PERCENT', 'productById', and 'propProjectId'. Either include them or remove the dependency array. You can also replace multiple useState variables with useReducer if 'setVatPercent' needs the current value of 'globalSettings.GLOBAL_VAT_PERCENT'  react-hooks/exhaustive-deps

src\components\workflow\WorkflowBuilder.js
  Line 118:12:  'adminConfig' is assigned a value but never used                                                                                                                                                                                                                                     no-unused-vars
  Line 300:8:   React Hook useEffect has missing dependencies: 'flow.fileRequirements', 'flow.initialStage', 'flow.notifications', 'flow.requiredApprovals', 'flow.stages', 'flow.transitions', 'flow.visualLayout', 'setEdges', and 'setNodes'. Either include them or remove the dependency array  react-hooks/exhaustive-deps
  Line 303:9:   React Hook useEffect has a complex expression in the dependency array. Extract it to a separate variable so it can be statically checked                                                                                                                                             react-hooks/exhaustive-deps
  Line 304:9:   React Hook useEffect has a complex expression in the dependency array. Extract it to a separate variable so it can be statically checked                                                                                                                                             react-hooks/exhaustive-deps
  Line 305:9:   React Hook useEffect has a complex expression in the dependency array. Extract it to a separate variable so it can be statically checked                                                                                                                                             react-hooks/exhaustive-deps
  Line 306:9:   React Hook useEffect has a complex expression in the dependency array. Extract it to a separate variable so it can be statically checked                                                                                                                                             react-hooks/exhaustive-deps
  Line 307:9:   React Hook useEffect has a complex expression in the dependency array. Extract it to a separate variable so it can be statically checked                                                                                                                                             react-hooks/exhaustive-deps
  Line 308:9:   React Hook useEffect has a complex expression in the dependency array. Extract it to a separate variable so it can be statically checked                                                                                                                                             react-hooks/exhaustive-deps

webpack compiled with 1 warning
Compiling...
Compiled with warnings.

[eslint] 
src\components\GRN\GRNListView.js
  Line 45:34:  React Hook useEffect has a missing dependency: 'load'. Either include it or remove the dependency array  react-hooks/exhaustive-deps
  Line 47:34:  React Hook useEffect has a missing dependency: 'load'. Either include it or remove the dependency array  react-hooks/exhaustive-deps

src\components\HumanResources\HRConfiguration.js
  Line 301:38:  React Hook useEffect has a missing dependency: 'loadLogs'. Either include it or remove the dependency array  react-hooks/exhaustive-deps
  Line 383:12:  'loading' is assigned a value but never used                                                                 no-unused-vars

src\components\Inventory\InventoryView.js
  Line 5:8:    'Select' is defined but never used                                                                                 no-unused-vars
  Line 18:31:  'setSelectedLocations' is assigned a value but never used                                                          no-unused-vars
  Line 20:28:  'setSupplierFilter' is assigned a value but never used                                                             no-unused-vars
  Line 21:26:  'setExpiryFilter' is assigned a value but never used                                                               no-unused-vars
  Line 38:8:   React Hook useEffect has a missing dependency: 'fetchLocations'. Either include it or remove the dependency array  react-hooks/exhaustive-deps

src\components\Project\ProjectDetails.js
  Line 39:11:   'userModules' is assigned a value but never used     no-unused-vars
  Line 180:11:  'openDatesModal' is assigned a value but never used  no-unused-vars
  Line 310:11:  'dueMeta' is assigned a value but never used         no-unused-vars

src\components\ReusableComponents\BrandedDialogHost.js
  Line 67:8:  React Hook useEffect has a missing dependency: 'closeDialog'. Either include it or remove the dependency array  react-hooks/exhaustive-deps

src\components\estimates\ProjectEstimationPage.js
  Line 244:12:  'showPrintModal' is assigned a value but never used                                                                                                                                                                                                                                                                                                                              no-unused-vars
  Line 244:28:  'setShowPrintModal' is assigned a value but never used                                                                                                                                                                                                                                                                                                                           no-unused-vars
  Line 275:12:  'approvalPolicy' is assigned a value but never used                                                                                                                                                                                                                                                                                                                              no-unused-vars
  Line 641:8:   React Hook useEffect has missing dependencies: 'availMap', 'globalSettings.GLOBAL_TAX_PERCENT', 'globalSettings.GLOBAL_VAT_PERCENT', 'productById', and 'propProjectId'. Either include them or remove the dependency array. You can also replace multiple useState variables with useReducer if 'setVatPercent' needs the current value of 'globalSettings.GLOBAL_VAT_PERCENT'  react-hooks/exhaustive-deps

src\components\workflow\WorkflowBuilder.js
  Line 118:12:  'adminConfig' is assigned a value but never used                                                                                                                                                                                                                                     no-unused-vars
  Line 300:8:   React Hook useEffect has missing dependencies: 'flow.fileRequirements', 'flow.initialStage', 'flow.notifications', 'flow.requiredApprovals', 'flow.stages', 'flow.transitions', 'flow.visualLayout', 'setEdges', and 'setNodes'. Either include them or remove the dependency array  react-hooks/exhaustive-deps
  Line 303:9:   React Hook useEffect has a complex expression in the dependency array. Extract it to a separate variable so it can be statically checked                                                                                                                                             react-hooks/exhaustive-deps
  Line 304:9:   React Hook useEffect has a complex expression in the dependency array. Extract it to a separate variable so it can be statically checked                                                                                                                                             react-hooks/exhaustive-deps
  Line 305:9:   React Hook useEffect has a complex expression in the dependency array. Extract it to a separate variable so it can be statically checked                                                                                                                                             react-hooks/exhaustive-deps
  Line 306:9:   React Hook useEffect has a complex expression in the dependency array. Extract it to a separate variable so it can be statically checked                                                                                                                                             react-hooks/exhaustive-deps
  Line 307:9:   React Hook useEffect has a complex expression in the dependency array. Extract it to a separate variable so it can be statically checked                                                                                                                                             react-hooks/exhaustive-deps
  Line 308:9:   React Hook useEffect has a complex expression in the dependency array. Extract it to a separate variable so it can be statically checked                                                                                                                                             react-hooks/exhaustive-deps

Search for the keywords to learn more about each warning.
To ignore, add // eslint-disable-next-line to the line before.

WARNING in [eslint] 
src\components\GRN\GRNListView.js
  Line 45:34:  React Hook useEffect has a missing dependency: 'load'. Either include it or remove the dependency array  react-hooks/exhaustive-deps
  Line 47:34:  React Hook useEffect has a missing dependency: 'load'. Either include it or remove the dependency array  react-hooks/exhaustive-deps

src\components\HumanResources\HRConfiguration.js
  Line 301:38:  React Hook useEffect has a missing dependency: 'loadLogs'. Either include it or remove the dependency array  react-hooks/exhaustive-deps
  Line 383:12:  'loading' is assigned a value but never used                                                                 no-unused-vars

src\components\Inventory\InventoryView.js
  Line 5:8:    'Select' is defined but never used                                                                                 no-unused-vars
  Line 18:31:  'setSelectedLocations' is assigned a value but never used                                                          no-unused-vars
  Line 20:28:  'setSupplierFilter' is assigned a value but never used                                                             no-unused-vars
  Line 21:26:  'setExpiryFilter' is assigned a value but never used                                                               no-unused-vars
  Line 38:8:   React Hook useEffect has a missing dependency: 'fetchLocations'. Either include it or remove the dependency array  react-hooks/exhaustive-deps

src\components\Project\ProjectDetails.js
  Line 39:11:   'userModules' is assigned a value but never used     no-unused-vars
  Line 180:11:  'openDatesModal' is assigned a value but never used  no-unused-vars
  Line 310:11:  'dueMeta' is assigned a value but never used         no-unused-vars

src\components\ReusableComponents\BrandedDialogHost.js
  Line 67:8:  React Hook useEffect has a missing dependency: 'closeDialog'. Either include it or remove the dependency array  react-hooks/exhaustive-deps

src\components\estimates\ProjectEstimationPage.js
  Line 244:12:  'showPrintModal' is assigned a value but never used                                                                                                                                                                                                                                                                                                                              no-unused-vars
  Line 244:28:  'setShowPrintModal' is assigned a value but never used                                                                                                                                                                                                                                                                                                                           no-unused-vars
  Line 275:12:  'approvalPolicy' is assigned a value but never used                                                                                                                                                                                                                                                                                                                              no-unused-vars
  Line 641:8:   React Hook useEffect has missing dependencies: 'availMap', 'globalSettings.GLOBAL_TAX_PERCENT', 'globalSettings.GLOBAL_VAT_PERCENT', 'productById', and 'propProjectId'. Either include them or remove the dependency array. You can also replace multiple useState variables with useReducer if 'setVatPercent' needs the current value of 'globalSettings.GLOBAL_VAT_PERCENT'  react-hooks/exhaustive-deps

src\components\workflow\WorkflowBuilder.js
  Line 118:12:  'adminConfig' is assigned a value but never used                                                                                                                                                                                                                                     no-unused-vars
  Line 300:8:   React Hook useEffect has missing dependencies: 'flow.fileRequirements', 'flow.initialStage', 'flow.notifications', 'flow.requiredApprovals', 'flow.stages', 'flow.transitions', 'flow.visualLayout', 'setEdges', and 'setNodes'. Either include them or remove the dependency array  react-hooks/exhaustive-deps
  Line 303:9:   React Hook useEffect has a complex expression in the dependency array. Extract it to a separate variable so it can be statically checked                                                                                                                                             react-hooks/exhaustive-deps
  Line 304:9:   React Hook useEffect has a complex expression in the dependency array. Extract it to a separate variable so it can be statically checked                                                                                                                                             react-hooks/exhaustive-deps
  Line 305:9:   React Hook useEffect has a complex expression in the dependency array. Extract it to a separate variable so it can be statically checked                                                                                                                                             react-hooks/exhaustive-deps
  Line 306:9:   React Hook useEffect has a complex expression in the dependency array. Extract it to a separate variable so it can be statically checked                                                                                                                                             react-hooks/exhaustive-deps
  Line 307:9:   React Hook useEffect has a complex expression in the dependency array. Extract it to a separate variable so it can be statically checked                                                                                                                                             react-hooks/exhaustive-deps
  Line 308:9:   React Hook useEffect has a complex expression in the dependency array. Extract it to a separate variable so it can be statically checked                                                                                                                                             react-hooks/exhaustive-deps

webpack compiled with 1 warning
Compiling...
Compiled with warnings.

[eslint] 
src\components\Employee\SalaryManagement.js
  Line 57:8:  React Hook useEffect has missing dependencies: 'fetchAttendanceReport', 'fetchRunStatus', and 'fetchSalaries'. Either include them or remove the dependency array  react-hooks/exhaustive-deps

src\components\GRN\GRNListView.js
  Line 45:34:  React Hook useEffect has a missing dependency: 'load'. Either include it or remove the dependency array  react-hooks/exhaustive-deps
  Line 47:34:  React Hook useEffect has a missing dependency: 'load'. Either include it or remove the dependency array  react-hooks/exhaustive-deps

src\components\HumanResources\HRConfiguration.js
  Line 301:38:  React Hook useEffect has a missing dependency: 'loadLogs'. Either include it or remove the dependency array  react-hooks/exhaustive-deps
  Line 383:12:  'loading' is assigned a value but never used                                                                 no-unused-vars

src\components\Inventory\InventoryView.js
  Line 5:8:    'Select' is defined but never used                                                                                 no-unused-vars
  Line 18:31:  'setSelectedLocations' is assigned a value but never used                                                          no-unused-vars
  Line 20:28:  'setSupplierFilter' is assigned a value but never used                                                             no-unused-vars
  Line 21:26:  'setExpiryFilter' is assigned a value but never used                                                               no-unused-vars
  Line 38:8:   React Hook useEffect has a missing dependency: 'fetchLocations'. Either include it or remove the dependency array  react-hooks/exhaustive-deps

src\components\Project\ProjectDetails.js
  Line 39:11:   'userModules' is assigned a value but never used     no-unused-vars
  Line 180:11:  'openDatesModal' is assigned a value but never used  no-unused-vars
  Line 310:11:  'dueMeta' is assigned a value but never used         no-unused-vars

src\components\ReusableComponents\BrandedDialogHost.js
  Line 67:8:  React Hook useEffect has a missing dependency: 'closeDialog'. Either include it or remove the dependency array  react-hooks/exhaustive-deps

src\components\estimates\ProjectEstimationPage.js
  Line 244:12:  'showPrintModal' is assigned a value but never used                                                                                                                                                                                                                                                                                                                              no-unused-vars
  Line 244:28:  'setShowPrintModal' is assigned a value but never used                                                                                                                                                                                                                                                                                                                           no-unused-vars
  Line 275:12:  'approvalPolicy' is assigned a value but never used                                                                                                                                                                                                                                                                                                                              no-unused-vars
  Line 641:8:   React Hook useEffect has missing dependencies: 'availMap', 'globalSettings.GLOBAL_TAX_PERCENT', 'globalSettings.GLOBAL_VAT_PERCENT', 'productById', and 'propProjectId'. Either include them or remove the dependency array. You can also replace multiple useState variables with useReducer if 'setVatPercent' needs the current value of 'globalSettings.GLOBAL_VAT_PERCENT'  react-hooks/exhaustive-deps

src\components\workflow\WorkflowBuilder.js
  Line 118:12:  'adminConfig' is assigned a value but never used                                                                                                                                                                                                                                     no-unused-vars
  Line 300:8:   React Hook useEffect has missing dependencies: 'flow.fileRequirements', 'flow.initialStage', 'flow.notifications', 'flow.requiredApprovals', 'flow.stages', 'flow.transitions', 'flow.visualLayout', 'setEdges', and 'setNodes'. Either include them or remove the dependency array  react-hooks/exhaustive-deps
  Line 303:9:   React Hook useEffect has a complex expression in the dependency array. Extract it to a separate variable so it can be statically checked                                                                                                                                             react-hooks/exhaustive-deps
  Line 304:9:   React Hook useEffect has a complex expression in the dependency array. Extract it to a separate variable so it can be statically checked                                                                                                                                             react-hooks/exhaustive-deps
  Line 305:9:   React Hook useEffect has a complex expression in the dependency array. Extract it to a separate variable so it can be statically checked                                                                                                                                             react-hooks/exhaustive-deps
  Line 306:9:   React Hook useEffect has a complex expression in the dependency array. Extract it to a separate variable so it can be statically checked                                                                                                                                             react-hooks/exhaustive-deps
  Line 307:9:   React Hook useEffect has a complex expression in the dependency array. Extract it to a separate variable so it can be statically checked                                                                                                                                             react-hooks/exhaustive-deps
  Line 308:9:   React Hook useEffect has a complex expression in the dependency array. Extract it to a separate variable so it can be statically checked                                                                                                                                             react-hooks/exhaustive-deps

Search for the keywords to learn more about each warning.
To ignore, add // eslint-disable-next-line to the line before.

WARNING in [eslint] 
src\components\Employee\SalaryManagement.js
  Line 57:8:  React Hook useEffect has missing dependencies: 'fetchAttendanceReport', 'fetchRunStatus', and 'fetchSalaries'. Either include them or remove the dependency array  react-hooks/exhaustive-deps

src\components\GRN\GRNListView.js
  Line 45:34:  React Hook useEffect has a missing dependency: 'load'. Either include it or remove the dependency array  react-hooks/exhaustive-deps
  Line 47:34:  React Hook useEffect has a missing dependency: 'load'. Either include it or remove the dependency array  react-hooks/exhaustive-deps

src\components\HumanResources\HRConfiguration.js
  Line 301:38:  React Hook useEffect has a missing dependency: 'loadLogs'. Either include it or remove the dependency array  react-hooks/exhaustive-deps
  Line 383:12:  'loading' is assigned a value but never used                                                                 no-unused-vars

src\components\Inventory\InventoryView.js
  Line 5:8:    'Select' is defined but never used                                                                                 no-unused-vars
  Line 18:31:  'setSelectedLocations' is assigned a value but never used                                                          no-unused-vars
  Line 20:28:  'setSupplierFilter' is assigned a value but never used                                                             no-unused-vars
  Line 21:26:  'setExpiryFilter' is assigned a value but never used                                                               no-unused-vars
  Line 38:8:   React Hook useEffect has a missing dependency: 'fetchLocations'. Either include it or remove the dependency array  react-hooks/exhaustive-deps

src\components\Project\ProjectDetails.js
  Line 39:11:   'userModules' is assigned a value but never used     no-unused-vars
  Line 180:11:  'openDatesModal' is assigned a value but never used  no-unused-vars
  Line 310:11:  'dueMeta' is assigned a value but never used         no-unused-vars

src\components\ReusableComponents\BrandedDialogHost.js
  Line 67:8:  React Hook useEffect has a missing dependency: 'closeDialog'. Either include it or remove the dependency array  react-hooks/exhaustive-deps

src\components\estimates\ProjectEstimationPage.js
  Line 244:12:  'showPrintModal' is assigned a value but never used                                                                                                                                                                                                                                                                                                                              no-unused-vars
  Line 244:28:  'setShowPrintModal' is assigned a value but never used                                                                                                                                                                                                                                                                                                                           no-unused-vars
  Line 275:12:  'approvalPolicy' is assigned a value but never used                                                                                                                                                                                                                                                                                                                              no-unused-vars
  Line 641:8:   React Hook useEffect has missing dependencies: 'availMap', 'globalSettings.GLOBAL_TAX_PERCENT', 'globalSettings.GLOBAL_VAT_PERCENT', 'productById', and 'propProjectId'. Either include them or remove the dependency array. You can also replace multiple useState variables with useReducer if 'setVatPercent' needs the current value of 'globalSettings.GLOBAL_VAT_PERCENT'  react-hooks/exhaustive-deps

src\components\workflow\WorkflowBuilder.js
  Line 118:12:  'adminConfig' is assigned a value but never used                                                                                                                                                                                                                                     no-unused-vars
  Line 300:8:   React Hook useEffect has missing dependencies: 'flow.fileRequirements', 'flow.initialStage', 'flow.notifications', 'flow.requiredApprovals', 'flow.stages', 'flow.transitions', 'flow.visualLayout', 'setEdges', and 'setNodes'. Either include them or remove the dependency array  react-hooks/exhaustive-deps
  Line 303:9:   React Hook useEffect has a complex expression in the dependency array. Extract it to a separate variable so it can be statically checked                                                                                                                                             react-hooks/exhaustive-deps
  Line 304:9:   React Hook useEffect has a complex expression in the dependency array. Extract it to a separate variable so it can be statically checked                                                                                                                                             react-hooks/exhaustive-deps
  Line 305:9:   React Hook useEffect has a complex expression in the dependency array. Extract it to a separate variable so it can be statically checked                                                                                                                                             react-hooks/exhaustive-deps
  Line 306:9:   React Hook useEffect has a complex expression in the dependency array. Extract it to a separate variable so it can be statically checked                                                                                                                                             react-hooks/exhaustive-deps
  Line 307:9:   React Hook useEffect has a complex expression in the dependency array. Extract it to a separate variable so it can be statically checked                                                                                                                                             react-hooks/exhaustive-deps
  Line 308:9:   React Hook useEffect has a complex expression in the dependency array. Extract it to a separate variable so it can be statically checked                                                                                                                                             react-hooks/exhaustive-deps

webpack compiled with 1 warning
Compiling...
Compiled with warnings.

[eslint] 
src\components\Employee\SalaryManagement.js
  Line 57:8:  React Hook useEffect has missing dependencies: 'fetchAttendanceReport', 'fetchRunStatus', and 'fetchSalaries'. Either include them or remove the dependency array  react-hooks/exhaustive-deps

src\components\GRN\GRNListView.js
  Line 45:34:  React Hook useEffect has a missing dependency: 'load'. Either include it or remove the dependency array  react-hooks/exhaustive-deps
  Line 47:34:  React Hook useEffect has a missing dependency: 'load'. Either include it or remove the dependency array  react-hooks/exhaustive-deps

src\components\HumanResources\HRConfiguration.js
  Line 301:38:  React Hook useEffect has a missing dependency: 'loadLogs'. Either include it or remove the dependency array  react-hooks/exhaustive-deps
  Line 383:12:  'loading' is assigned a value but never used                                                                 no-unused-vars

src\components\Inventory\InventoryView.js
  Line 5:8:    'Select' is defined but never used                                                                                 no-unused-vars
  Line 18:31:  'setSelectedLocations' is assigned a value but never used                                                          no-unused-vars
  Line 20:28:  'setSupplierFilter' is assigned a value but never used                                                             no-unused-vars
  Line 21:26:  'setExpiryFilter' is assigned a value but never used                                                               no-unused-vars
  Line 38:8:   React Hook useEffect has a missing dependency: 'fetchLocations'. Either include it or remove the dependency array  react-hooks/exhaustive-deps

src\components\Project\ProjectDetails.js
  Line 39:11:   'userModules' is assigned a value but never used     no-unused-vars
  Line 180:11:  'openDatesModal' is assigned a value but never used  no-unused-vars
  Line 310:11:  'dueMeta' is assigned a value but never used         no-unused-vars

src\components\ReusableComponents\BrandedDialogHost.js
  Line 67:8:  React Hook useEffect has a missing dependency: 'closeDialog'. Either include it or remove the dependency array  react-hooks/exhaustive-deps

src\components\estimates\ProjectEstimationPage.js
  Line 244:12:  'showPrintModal' is assigned a value but never used                                                                                                                                                                                                                                                                                                                              no-unused-vars
  Line 244:28:  'setShowPrintModal' is assigned a value but never used                                                                                                                                                                                                                                                                                                                           no-unused-vars
  Line 275:12:  'approvalPolicy' is assigned a value but never used                                                                                                                                                                                                                                                                                                                              no-unused-vars
  Line 641:8:   React Hook useEffect has missing dependencies: 'availMap', 'globalSettings.GLOBAL_TAX_PERCENT', 'globalSettings.GLOBAL_VAT_PERCENT', 'productById', and 'propProjectId'. Either include them or remove the dependency array. You can also replace multiple useState variables with useReducer if 'setVatPercent' needs the current value of 'globalSettings.GLOBAL_VAT_PERCENT'  react-hooks/exhaustive-deps

src\components\workflow\WorkflowBuilder.js
  Line 118:12:  'adminConfig' is assigned a value but never used                                                                                                                                                                                                                                     no-unused-vars
  Line 300:8:   React Hook useEffect has missing dependencies: 'flow.fileRequirements', 'flow.initialStage', 'flow.notifications', 'flow.requiredApprovals', 'flow.stages', 'flow.transitions', 'flow.visualLayout', 'setEdges', and 'setNodes'. Either include them or remove the dependency array  react-hooks/exhaustive-deps
  Line 303:9:   React Hook useEffect has a complex expression in the dependency array. Extract it to a separate variable so it can be statically checked                                                                                                                                             react-hooks/exhaustive-deps
  Line 304:9:   React Hook useEffect has a complex expression in the dependency array. Extract it to a separate variable so it can be statically checked                                                                                                                                             react-hooks/exhaustive-deps
  Line 305:9:   React Hook useEffect has a complex expression in the dependency array. Extract it to a separate variable so it can be statically checked                                                                                                                                             react-hooks/exhaustive-deps
  Line 306:9:   React Hook useEffect has a complex expression in the dependency array. Extract it to a separate variable so it can be statically checked                                                                                                                                             react-hooks/exhaustive-deps
  Line 307:9:   React Hook useEffect has a complex expression in the dependency array. Extract it to a separate variable so it can be statically checked                                                                                                                                             react-hooks/exhaustive-deps
  Line 308:9:   React Hook useEffect has a complex expression in the dependency array. Extract it to a separate variable so it can be statically checked                                                                                                                                             react-hooks/exhaustive-deps

Search for the keywords to learn more about each warning.
To ignore, add // eslint-disable-next-line to the line before.

WARNING in [eslint] 
src\components\Employee\SalaryManagement.js
  Line 57:8:  React Hook useEffect has missing dependencies: 'fetchAttendanceReport', 'fetchRunStatus', and 'fetchSalaries'. Either include them or remove the dependency array  react-hooks/exhaustive-deps

src\components\GRN\GRNListView.js
  Line 45:34:  React Hook useEffect has a missing dependency: 'load'. Either include it or remove the dependency array  react-hooks/exhaustive-deps
  Line 47:34:  React Hook useEffect has a missing dependency: 'load'. Either include it or remove the dependency array  react-hooks/exhaustive-deps

src\components\HumanResources\HRConfiguration.js
  Line 301:38:  React Hook useEffect has a missing dependency: 'loadLogs'. Either include it or remove the dependency array  react-hooks/exhaustive-deps
  Line 383:12:  'loading' is assigned a value but never used                                                                 no-unused-vars

src\components\Inventory\InventoryView.js
  Line 5:8:    'Select' is defined but never used                                                                                 no-unused-vars
  Line 18:31:  'setSelectedLocations' is assigned a value but never used                                                          no-unused-vars
  Line 20:28:  'setSupplierFilter' is assigned a value but never used                                                             no-unused-vars
  Line 21:26:  'setExpiryFilter' is assigned a value but never used                                                               no-unused-vars
  Line 38:8:   React Hook useEffect has a missing dependency: 'fetchLocations'. Either include it or remove the dependency array  react-hooks/exhaustive-deps

src\components\Project\ProjectDetails.js
  Line 39:11:   'userModules' is assigned a value but never used     no-unused-vars
  Line 180:11:  'openDatesModal' is assigned a value but never used  no-unused-vars
  Line 310:11:  'dueMeta' is assigned a value but never used         no-unused-vars

src\components\ReusableComponents\BrandedDialogHost.js
  Line 67:8:  React Hook useEffect has a missing dependency: 'closeDialog'. Either include it or remove the dependency array  react-hooks/exhaustive-deps

src\components\estimates\ProjectEstimationPage.js
  Line 244:12:  'showPrintModal' is assigned a value but never used                                                                                                                                                                                                                                                                                                                              no-unused-vars
  Line 244:28:  'setShowPrintModal' is assigned a value but never used                                                                                                                                                                                                                                                                                                                           no-unused-vars
  Line 275:12:  'approvalPolicy' is assigned a value but never used                                                                                                                                                                                                                                                                                                                              no-unused-vars
  Line 641:8:   React Hook useEffect has missing dependencies: 'availMap', 'globalSettings.GLOBAL_TAX_PERCENT', 'globalSettings.GLOBAL_VAT_PERCENT', 'productById', and 'propProjectId'. Either include them or remove the dependency array. You can also replace multiple useState variables with useReducer if 'setVatPercent' needs the current value of 'globalSettings.GLOBAL_VAT_PERCENT'  react-hooks/exhaustive-deps

src\components\workflow\WorkflowBuilder.js
  Line 118:12:  'adminConfig' is assigned a value but never used                                                                                                                                                                                                                                     no-unused-vars
  Line 300:8:   React Hook useEffect has missing dependencies: 'flow.fileRequirements', 'flow.initialStage', 'flow.notifications', 'flow.requiredApprovals', 'flow.stages', 'flow.transitions', 'flow.visualLayout', 'setEdges', and 'setNodes'. Either include them or remove the dependency array  react-hooks/exhaustive-deps
  Line 303:9:   React Hook useEffect has a complex expression in the dependency array. Extract it to a separate variable so it can be statically checked                                                                                                                                             react-hooks/exhaustive-deps
  Line 304:9:   React Hook useEffect has a complex expression in the dependency array. Extract it to a separate variable so it can be statically checked                                                                                                                                             react-hooks/exhaustive-deps
  Line 305:9:   React Hook useEffect has a complex expression in the dependency array. Extract it to a separate variable so it can be statically checked                                                                                                                                             react-hooks/exhaustive-deps
  Line 306:9:   React Hook useEffect has a complex expression in the dependency array. Extract it to a separate variable so it can be statically checked                                                                                                                                             react-hooks/exhaustive-deps
  Line 307:9:   React Hook useEffect has a complex expression in the dependency array. Extract it to a separate variable so it can be statically checked                                                                                                                                             react-hooks/exhaustive-deps
  Line 308:9:   React Hook useEffect has a complex expression in the dependency array. Extract it to a separate variable so it can be statically checked                                                                                                                                             react-hooks/exhaustive-deps

webpack compiled with 1 warning
Compiling...
Compiled with warnings.

[eslint] 
src\components\Employee\SalaryManagement.js
  Line 57:8:  React Hook useEffect has missing dependencies: 'fetchAttendanceReport', 'fetchRunStatus', and 'fetchSalaries'. Either include them or remove the dependency array  react-hooks/exhaustive-deps

src\components\GRN\GRNListView.js
  Line 45:34:  React Hook useEffect has a missing dependency: 'load'. Either include it or remove the dependency array  react-hooks/exhaustive-deps
  Line 47:34:  React Hook useEffect has a missing dependency: 'load'. Either include it or remove the dependency array  react-hooks/exhaustive-deps

src\components\HumanResources\HRConfiguration.js
  Line 301:38:  React Hook useEffect has a missing dependency: 'loadLogs'. Either include it or remove the dependency array  react-hooks/exhaustive-deps
  Line 383:12:  'loading' is assigned a value but never used                                                                 no-unused-vars

src\components\Inventory\InventoryDashboard.js
  Line 4:84:    'FaPlus' is defined but never used                                                                             no-unused-vars
  Line 5:84:    'Legend' is defined but never used                                                                             no-unused-vars
  Line 7:8:     'MenuCard' is defined but never used                                                                           no-unused-vars
  Line 135:10:  'error' is assigned a value but never used                                                                     no-unused-vars
  Line 143:6:   React Hook useEffect has a missing dependency: 'fetchStats'. Either include it or remove the dependency array  react-hooks/exhaustive-deps

src\components\Inventory\InventoryView.js
  Line 5:8:    'Select' is defined but never used                                                                                 no-unused-vars
  Line 18:31:  'setSelectedLocations' is assigned a value but never used                                                          no-unused-vars
  Line 20:28:  'setSupplierFilter' is assigned a value but never used                                                             no-unused-vars
  Line 21:26:  'setExpiryFilter' is assigned a value but never used                                                               no-unused-vars
  Line 38:8:   React Hook useEffect has a missing dependency: 'fetchLocations'. Either include it or remove the dependency array  react-hooks/exhaustive-deps

src\components\Project\ProjectDetails.js
  Line 39:11:   'userModules' is assigned a value but never used     no-unused-vars
  Line 180:11:  'openDatesModal' is assigned a value but never used  no-unused-vars
  Line 310:11:  'dueMeta' is assigned a value but never used         no-unused-vars

src\components\ReusableComponents\BrandedDialogHost.js
  Line 67:8:  React Hook useEffect has a missing dependency: 'closeDialog'. Either include it or remove the dependency array  react-hooks/exhaustive-deps

src\components\estimates\ProjectEstimationPage.js
  Line 244:12:  'showPrintModal' is assigned a value but never used                                                                                                                                                                                                                                                                                                                              no-unused-vars
  Line 244:28:  'setShowPrintModal' is assigned a value but never used                                                                                                                                                                                                                                                                                                                           no-unused-vars
  Line 275:12:  'approvalPolicy' is assigned a value but never used                                                                                                                                                                                                                                                                                                                              no-unused-vars
  Line 641:8:   React Hook useEffect has missing dependencies: 'availMap', 'globalSettings.GLOBAL_TAX_PERCENT', 'globalSettings.GLOBAL_VAT_PERCENT', 'productById', and 'propProjectId'. Either include them or remove the dependency array. You can also replace multiple useState variables with useReducer if 'setVatPercent' needs the current value of 'globalSettings.GLOBAL_VAT_PERCENT'  react-hooks/exhaustive-deps

src\components\workflow\WorkflowBuilder.js
  Line 118:12:  'adminConfig' is assigned a value but never used                                                                                                                                                                                                                                     no-unused-vars
  Line 300:8:   React Hook useEffect has missing dependencies: 'flow.fileRequirements', 'flow.initialStage', 'flow.notifications', 'flow.requiredApprovals', 'flow.stages', 'flow.transitions', 'flow.visualLayout', 'setEdges', and 'setNodes'. Either include them or remove the dependency array  react-hooks/exhaustive-deps
  Line 303:9:   React Hook useEffect has a complex expression in the dependency array. Extract it to a separate variable so it can be statically checked                                                                                                                                             react-hooks/exhaustive-deps
  Line 304:9:   React Hook useEffect has a complex expression in the dependency array. Extract it to a separate variable so it can be statically checked                                                                                                                                             react-hooks/exhaustive-deps
  Line 305:9:   React Hook useEffect has a complex expression in the dependency array. Extract it to a separate variable so it can be statically checked                                                                                                                                             react-hooks/exhaustive-deps
  Line 306:9:   React Hook useEffect has a complex expression in the dependency array. Extract it to a separate variable so it can be statically checked                                                                                                                                             react-hooks/exhaustive-deps
  Line 307:9:   React Hook useEffect has a complex expression in the dependency array. Extract it to a separate variable so it can be statically checked                                                                                                                                             react-hooks/exhaustive-deps
  Line 308:9:   React Hook useEffect has a complex expression in the dependency array. Extract it to a separate variable so it can be statically checked                                                                                                                                             react-hooks/exhaustive-deps

Search for the keywords to learn more about each warning.
To ignore, add // eslint-disable-next-line to the line before.

WARNING in [eslint] 
src\components\Employee\SalaryManagement.js
  Line 57:8:  React Hook useEffect has missing dependencies: 'fetchAttendanceReport', 'fetchRunStatus', and 'fetchSalaries'. Either include them or remove the dependency array  react-hooks/exhaustive-deps

src\components\GRN\GRNListView.js
  Line 45:34:  React Hook useEffect has a missing dependency: 'load'. Either include it or remove the dependency array  react-hooks/exhaustive-deps
  Line 47:34:  React Hook useEffect has a missing dependency: 'load'. Either include it or remove the dependency array  react-hooks/exhaustive-deps

src\components\HumanResources\HRConfiguration.js
  Line 301:38:  React Hook useEffect has a missing dependency: 'loadLogs'. Either include it or remove the dependency array  react-hooks/exhaustive-deps
  Line 383:12:  'loading' is assigned a value but never used                                                                 no-unused-vars

src\components\Inventory\InventoryDashboard.js
  Line 4:84:    'FaPlus' is defined but never used                                                                             no-unused-vars
  Line 5:84:    'Legend' is defined but never used                                                                             no-unused-vars
  Line 7:8:     'MenuCard' is defined but never used                                                                           no-unused-vars
  Line 135:10:  'error' is assigned a value but never used                                                                     no-unused-vars
  Line 143:6:   React Hook useEffect has a missing dependency: 'fetchStats'. Either include it or remove the dependency array  react-hooks/exhaustive-deps

src\components\Inventory\InventoryView.js
  Line 5:8:    'Select' is defined but never used                                                                                 no-unused-vars
  Line 18:31:  'setSelectedLocations' is assigned a value but never used                                                          no-unused-vars
  Line 20:28:  'setSupplierFilter' is assigned a value but never used                                                             no-unused-vars
  Line 21:26:  'setExpiryFilter' is assigned a value but never used                                                               no-unused-vars
  Line 38:8:   React Hook useEffect has a missing dependency: 'fetchLocations'. Either include it or remove the dependency array  react-hooks/exhaustive-deps

src\components\Project\ProjectDetails.js
  Line 39:11:   'userModules' is assigned a value but never used     no-unused-vars
  Line 180:11:  'openDatesModal' is assigned a value but never used  no-unused-vars
  Line 310:11:  'dueMeta' is assigned a value but never used         no-unused-vars

src\components\ReusableComponents\BrandedDialogHost.js
  Line 67:8:  React Hook useEffect has a missing dependency: 'closeDialog'. Either include it or remove the dependency array  react-hooks/exhaustive-deps

src\components\estimates\ProjectEstimationPage.js
  Line 244:12:  'showPrintModal' is assigned a value but never used                                                                                                                                                                                                                                                                                                                              no-unused-vars
  Line 244:28:  'setShowPrintModal' is assigned a value but never used                                                                                                                                                                                                                                                                                                                           no-unused-vars
  Line 275:12:  'approvalPolicy' is assigned a value but never used                                                                                                                                                                                                                                                                                                                              no-unused-vars
  Line 641:8:   React Hook useEffect has missing dependencies: 'availMap', 'globalSettings.GLOBAL_TAX_PERCENT', 'globalSettings.GLOBAL_VAT_PERCENT', 'productById', and 'propProjectId'. Either include them or remove the dependency array. You can also replace multiple useState variables with useReducer if 'setVatPercent' needs the current value of 'globalSettings.GLOBAL_VAT_PERCENT'  react-hooks/exhaustive-deps

src\components\workflow\WorkflowBuilder.js
  Line 118:12:  'adminConfig' is assigned a value but never used                                                                                                                                                                                                                                     no-unused-vars
  Line 300:8:   React Hook useEffect has missing dependencies: 'flow.fileRequirements', 'flow.initialStage', 'flow.notifications', 'flow.requiredApprovals', 'flow.stages', 'flow.transitions', 'flow.visualLayout', 'setEdges', and 'setNodes'. Either include them or remove the dependency array  react-hooks/exhaustive-deps
  Line 303:9:   React Hook useEffect has a complex expression in the dependency array. Extract it to a separate variable so it can be statically checked                                                                                                                                             react-hooks/exhaustive-deps
  Line 304:9:   React Hook useEffect has a complex expression in the dependency array. Extract it to a separate variable so it can be statically checked                                                                                                                                             react-hooks/exhaustive-deps
  Line 305:9:   React Hook useEffect has a complex expression in the dependency array. Extract it to a separate variable so it can be statically checked                                                                                                                                             react-hooks/exhaustive-deps
  Line 306:9:   React Hook useEffect has a complex expression in the dependency array. Extract it to a separate variable so it can be statically checked                                                                                                                                             react-hooks/exhaustive-deps
  Line 307:9:   React Hook useEffect has a complex expression in the dependency array. Extract it to a separate variable so it can be statically checked                                                                                                                                             react-hooks/exhaustive-deps
  Line 308:9:   React Hook useEffect has a complex expression in the dependency array. Extract it to a separate variable so it can be statically checked                                                                                                                                             react-hooks/exhaustive-deps

webpack compiled with 1 warning
Compiling...
Compiled with warnings.

[eslint] 
src\components\Employee\SalaryManagement.js
  Line 57:8:  React Hook useEffect has missing dependencies: 'fetchAttendanceReport', 'fetchRunStatus', and 'fetchSalaries'. Either include them or remove the dependency array  react-hooks/exhaustive-deps

src\components\GRN\GRNListView.js
  Line 45:34:  React Hook useEffect has a missing dependency: 'load'. Either include it or remove the dependency array  react-hooks/exhaustive-deps
  Line 47:34:  React Hook useEffect has a missing dependency: 'load'. Either include it or remove the dependency array  react-hooks/exhaustive-deps

src\components\HumanResources\HRConfiguration.js
  Line 301:38:  React Hook useEffect has a missing dependency: 'loadLogs'. Either include it or remove the dependency array  react-hooks/exhaustive-deps
  Line 383:12:  'loading' is assigned a value but never used                                                                 no-unused-vars

src\components\Inventory\InventoryDashboard.js
  Line 4:84:    'FaPlus' is defined but never used                                                                             no-unused-vars
  Line 5:84:    'Legend' is defined but never used                                                                             no-unused-vars
  Line 7:8:     'MenuCard' is defined but never used                                                                           no-unused-vars
  Line 135:10:  'error' is assigned a value but never used                                                                     no-unused-vars
  Line 143:6:   React Hook useEffect has a missing dependency: 'fetchStats'. Either include it or remove the dependency array  react-hooks/exhaustive-deps

src\components\Inventory\InventoryView.js
  Line 5:8:    'Select' is defined but never used                                                                                 no-unused-vars
  Line 18:31:  'setSelectedLocations' is assigned a value but never used                                                          no-unused-vars
  Line 20:28:  'setSupplierFilter' is assigned a value but never used                                                             no-unused-vars
  Line 21:26:  'setExpiryFilter' is assigned a value but never used                                                               no-unused-vars
  Line 38:8:   React Hook useEffect has a missing dependency: 'fetchLocations'. Either include it or remove the dependency array  react-hooks/exhaustive-deps

src\components\Project\ProjectDetails.js
  Line 39:11:   'userModules' is assigned a value but never used     no-unused-vars
  Line 180:11:  'openDatesModal' is assigned a value but never used  no-unused-vars
  Line 310:11:  'dueMeta' is assigned a value but never used         no-unused-vars

src\components\ReusableComponents\BrandedDialogHost.js
  Line 67:8:  React Hook useEffect has a missing dependency: 'closeDialog'. Either include it or remove the dependency array  react-hooks/exhaustive-deps

src\components\estimates\ProjectEstimationPage.js
  Line 244:12:  'showPrintModal' is assigned a value but never used                                                                                                                                                                                                                                                                                                                              no-unused-vars
  Line 244:28:  'setShowPrintModal' is assigned a value but never used                                                                                                                                                                                                                                                                                                                           no-unused-vars
  Line 275:12:  'approvalPolicy' is assigned a value but never used                                                                                                                                                                                                                                                                                                                              no-unused-vars
  Line 641:8:   React Hook useEffect has missing dependencies: 'availMap', 'globalSettings.GLOBAL_TAX_PERCENT', 'globalSettings.GLOBAL_VAT_PERCENT', 'productById', and 'propProjectId'. Either include them or remove the dependency array. You can also replace multiple useState variables with useReducer if 'setVatPercent' needs the current value of 'globalSettings.GLOBAL_VAT_PERCENT'  react-hooks/exhaustive-deps

src\components\workflow\WorkflowBuilder.js
  Line 118:12:  'adminConfig' is assigned a value but never used                                                                                                                                                                                                                                     no-unused-vars
  Line 300:8:   React Hook useEffect has missing dependencies: 'flow.fileRequirements', 'flow.initialStage', 'flow.notifications', 'flow.requiredApprovals', 'flow.stages', 'flow.transitions', 'flow.visualLayout', 'setEdges', and 'setNodes'. Either include them or remove the dependency array  react-hooks/exhaustive-deps
  Line 303:9:   React Hook useEffect has a complex expression in the dependency array. Extract it to a separate variable so it can be statically checked                                                                                                                                             react-hooks/exhaustive-deps
  Line 304:9:   React Hook useEffect has a complex expression in the dependency array. Extract it to a separate variable so it can be statically checked                                                                                                                                             react-hooks/exhaustive-deps
  Line 305:9:   React Hook useEffect has a complex expression in the dependency array. Extract it to a separate variable so it can be statically checked                                                                                                                                             react-hooks/exhaustive-deps
  Line 306:9:   React Hook useEffect has a complex expression in the dependency array. Extract it to a separate variable so it can be statically checked                                                                                                                                             react-hooks/exhaustive-deps
  Line 307:9:   React Hook useEffect has a complex expression in the dependency array. Extract it to a separate variable so it can be statically checked                                                                                                                                             react-hooks/exhaustive-deps
  Line 308:9:   React Hook useEffect has a complex expression in the dependency array. Extract it to a separate variable so it can be statically checked                                                                                                                                             react-hooks/exhaustive-deps

Search for the keywords to learn more about each warning.
To ignore, add // eslint-disable-next-line to the line before.

WARNING in [eslint] 
src\components\Employee\SalaryManagement.js
  Line 57:8:  React Hook useEffect has missing dependencies: 'fetchAttendanceReport', 'fetchRunStatus', and 'fetchSalaries'. Either include them or remove the dependency array  react-hooks/exhaustive-deps

src\components\GRN\GRNListView.js
  Line 45:34:  React Hook useEffect has a missing dependency: 'load'. Either include it or remove the dependency array  react-hooks/exhaustive-deps
  Line 47:34:  React Hook useEffect has a missing dependency: 'load'. Either include it or remove the dependency array  react-hooks/exhaustive-deps

src\components\HumanResources\HRConfiguration.js
  Line 301:38:  React Hook useEffect has a missing dependency: 'loadLogs'. Either include it or remove the dependency array  react-hooks/exhaustive-deps
  Line 383:12:  'loading' is assigned a value but never used                                                                 no-unused-vars

src\components\Inventory\InventoryDashboard.js
  Line 4:84:    'FaPlus' is defined but never used                                                                             no-unused-vars
  Line 5:84:    'Legend' is defined but never used                                                                             no-unused-vars
  Line 7:8:     'MenuCard' is defined but never used                                                                           no-unused-vars
  Line 135:10:  'error' is assigned a value but never used                                                                     no-unused-vars
  Line 143:6:   React Hook useEffect has a missing dependency: 'fetchStats'. Either include it or remove the dependency array  react-hooks/exhaustive-deps

src\components\Inventory\InventoryView.js
  Line 5:8:    'Select' is defined but never used                                                                                 no-unused-vars
  Line 18:31:  'setSelectedLocations' is assigned a value but never used                                                          no-unused-vars
  Line 20:28:  'setSupplierFilter' is assigned a value but never used                                                             no-unused-vars
  Line 21:26:  'setExpiryFilter' is assigned a value but never used                                                               no-unused-vars
  Line 38:8:   React Hook useEffect has a missing dependency: 'fetchLocations'. Either include it or remove the dependency array  react-hooks/exhaustive-deps

src\components\Project\ProjectDetails.js
  Line 39:11:   'userModules' is assigned a value but never used     no-unused-vars
  Line 180:11:  'openDatesModal' is assigned a value but never used  no-unused-vars
  Line 310:11:  'dueMeta' is assigned a value but never used         no-unused-vars

src\components\ReusableComponents\BrandedDialogHost.js
  Line 67:8:  React Hook useEffect has a missing dependency: 'closeDialog'. Either include it or remove the dependency array  react-hooks/exhaustive-deps

src\components\estimates\ProjectEstimationPage.js
  Line 244:12:  'showPrintModal' is assigned a value but never used                                                                                                                                                                                                                                                                                                                              no-unused-vars
  Line 244:28:  'setShowPrintModal' is assigned a value but never used                                                                                                                                                                                                                                                                                                                           no-unused-vars
  Line 275:12:  'approvalPolicy' is assigned a value but never used                                                                                                                                                                                                                                                                                                                              no-unused-vars
  Line 641:8:   React Hook useEffect has missing dependencies: 'availMap', 'globalSettings.GLOBAL_TAX_PERCENT', 'globalSettings.GLOBAL_VAT_PERCENT', 'productById', and 'propProjectId'. Either include them or remove the dependency array. You can also replace multiple useState variables with useReducer if 'setVatPercent' needs the current value of 'globalSettings.GLOBAL_VAT_PERCENT'  react-hooks/exhaustive-deps

src\components\workflow\WorkflowBuilder.js
  Line 118:12:  'adminConfig' is assigned a value but never used                                                                                                                                                                                                                                     no-unused-vars
  Line 300:8:   React Hook useEffect has missing dependencies: 'flow.fileRequirements', 'flow.initialStage', 'flow.notifications', 'flow.requiredApprovals', 'flow.stages', 'flow.transitions', 'flow.visualLayout', 'setEdges', and 'setNodes'. Either include them or remove the dependency array  react-hooks/exhaustive-deps
  Line 303:9:   React Hook useEffect has a complex expression in the dependency array. Extract it to a separate variable so it can be statically checked                                                                                                                                             react-hooks/exhaustive-deps
  Line 304:9:   React Hook useEffect has a complex expression in the dependency array. Extract it to a separate variable so it can be statically checked                                                                                                                                             react-hooks/exhaustive-deps
  Line 305:9:   React Hook useEffect has a complex expression in the dependency array. Extract it to a separate variable so it can be statically checked                                                                                                                                             react-hooks/exhaustive-deps
  Line 306:9:   React Hook useEffect has a complex expression in the dependency array. Extract it to a separate variable so it can be statically checked                                                                                                                                             react-hooks/exhaustive-deps
  Line 307:9:   React Hook useEffect has a complex expression in the dependency array. Extract it to a separate variable so it can be statically checked                                                                                                                                             react-hooks/exhaustive-deps
  Line 308:9:   React Hook useEffect has a complex expression in the dependency array. Extract it to a separate variable so it can be statically checked                                                                                                                                             react-hooks/exhaustive-deps

webpack compiled with 1 warning
Compiling...
Compiled with warnings.

[eslint] 
src\components\Employee\SalaryManagement.js
  Line 57:8:  React Hook useEffect has missing dependencies: 'fetchAttendanceReport', 'fetchRunStatus', and 'fetchSalaries'. Either include them or remove the dependency array  react-hooks/exhaustive-deps

src\components\GRN\GRNListView.js
  Line 45:34:  React Hook useEffect has a missing dependency: 'load'. Either include it or remove the dependency array  react-hooks/exhaustive-deps
  Line 47:34:  React Hook useEffect has a missing dependency: 'load'. Either include it or remove the dependency array  react-hooks/exhaustive-deps

src\components\HumanResources\HRConfiguration.js
  Line 301:38:  React Hook useEffect has a missing dependency: 'loadLogs'. Either include it or remove the dependency array  react-hooks/exhaustive-deps
  Line 383:12:  'loading' is assigned a value but never used                                                                 no-unused-vars

src\components\Inventory\InventoryDashboard.js
  Line 4:84:    'FaPlus' is defined but never used                                                                             no-unused-vars
  Line 5:84:    'Legend' is defined but never used                                                                             no-unused-vars
  Line 7:8:     'MenuCard' is defined but never used                                                                           no-unused-vars
  Line 135:10:  'error' is assigned a value but never used                                                                     no-unused-vars
  Line 143:6:   React Hook useEffect has a missing dependency: 'fetchStats'. Either include it or remove the dependency array  react-hooks/exhaustive-deps

src\components\Inventory\InventoryView.js
  Line 5:8:    'Select' is defined but never used                                                                                 no-unused-vars
  Line 18:31:  'setSelectedLocations' is assigned a value but never used                                                          no-unused-vars
  Line 20:28:  'setSupplierFilter' is assigned a value but never used                                                             no-unused-vars
  Line 21:26:  'setExpiryFilter' is assigned a value but never used                                                               no-unused-vars
  Line 38:8:   React Hook useEffect has a missing dependency: 'fetchLocations'. Either include it or remove the dependency array  react-hooks/exhaustive-deps

src\components\Project\ProjectDetails.js
  Line 39:11:   'userModules' is assigned a value but never used     no-unused-vars
  Line 180:11:  'openDatesModal' is assigned a value but never used  no-unused-vars
  Line 310:11:  'dueMeta' is assigned a value but never used         no-unused-vars

src\components\ReusableComponents\BrandedDialogHost.js
  Line 67:8:  React Hook useEffect has a missing dependency: 'closeDialog'. Either include it or remove the dependency array  react-hooks/exhaustive-deps

src\components\estimates\ProjectEstimationPage.js
  Line 244:12:  'showPrintModal' is assigned a value but never used                                                                                                                                                                                                                                                                                                                              no-unused-vars
  Line 244:28:  'setShowPrintModal' is assigned a value but never used                                                                                                                                                                                                                                                                                                                           no-unused-vars
  Line 275:12:  'approvalPolicy' is assigned a value but never used                                                                                                                                                                                                                                                                                                                              no-unused-vars
  Line 641:8:   React Hook useEffect has missing dependencies: 'availMap', 'globalSettings.GLOBAL_TAX_PERCENT', 'globalSettings.GLOBAL_VAT_PERCENT', 'productById', and 'propProjectId'. Either include them or remove the dependency array. You can also replace multiple useState variables with useReducer if 'setVatPercent' needs the current value of 'globalSettings.GLOBAL_VAT_PERCENT'  react-hooks/exhaustive-deps

src\components\workflow\WorkflowBuilder.js
  Line 119:12:  'adminConfig' is assigned a value but never used                                                                                                                                                                                                                                     no-unused-vars
  Line 306:8:   React Hook useEffect has missing dependencies: 'flow.fileRequirements', 'flow.initialStage', 'flow.notifications', 'flow.requiredApprovals', 'flow.stages', 'flow.transitions', 'flow.visualLayout', 'setEdges', and 'setNodes'. Either include them or remove the dependency array  react-hooks/exhaustive-deps
  Line 309:9:   React Hook useEffect has a complex expression in the dependency array. Extract it to a separate variable so it can be statically checked                                                                                                                                             react-hooks/exhaustive-deps
  Line 310:9:   React Hook useEffect has a complex expression in the dependency array. Extract it to a separate variable so it can be statically checked                                                                                                                                             react-hooks/exhaustive-deps
  Line 311:9:   React Hook useEffect has a complex expression in the dependency array. Extract it to a separate variable so it can be statically checked                                                                                                                                             react-hooks/exhaustive-deps
  Line 312:9:   React Hook useEffect has a complex expression in the dependency array. Extract it to a separate variable so it can be statically checked                                                                                                                                             react-hooks/exhaustive-deps
  Line 313:9:   React Hook useEffect has a complex expression in the dependency array. Extract it to a separate variable so it can be statically checked                                                                                                                                             react-hooks/exhaustive-deps
  Line 314:9:   React Hook useEffect has a complex expression in the dependency array. Extract it to a separate variable so it can be statically checked                                                                                                                                             react-hooks/exhaustive-deps

Search for the keywords to learn more about each warning.
To ignore, add // eslint-disable-next-line to the line before.

WARNING in [eslint] 
src\components\Employee\SalaryManagement.js
  Line 57:8:  React Hook useEffect has missing dependencies: 'fetchAttendanceReport', 'fetchRunStatus', and 'fetchSalaries'. Either include them or remove the dependency array  react-hooks/exhaustive-deps

src\components\GRN\GRNListView.js
  Line 45:34:  React Hook useEffect has a missing dependency: 'load'. Either include it or remove the dependency array  react-hooks/exhaustive-deps
  Line 47:34:  React Hook useEffect has a missing dependency: 'load'. Either include it or remove the dependency array  react-hooks/exhaustive-deps

src\components\HumanResources\HRConfiguration.js
  Line 301:38:  React Hook useEffect has a missing dependency: 'loadLogs'. Either include it or remove the dependency array  react-hooks/exhaustive-deps
  Line 383:12:  'loading' is assigned a value but never used                                                                 no-unused-vars

src\components\Inventory\InventoryDashboard.js
  Line 4:84:    'FaPlus' is defined but never used                                                                             no-unused-vars
  Line 5:84:    'Legend' is defined but never used                                                                             no-unused-vars
  Line 7:8:     'MenuCard' is defined but never used                                                                           no-unused-vars
  Line 135:10:  'error' is assigned a value but never used                                                                     no-unused-vars
  Line 143:6:   React Hook useEffect has a missing dependency: 'fetchStats'. Either include it or remove the dependency array  react-hooks/exhaustive-deps

src\components\Inventory\InventoryView.js
  Line 5:8:    'Select' is defined but never used                                                                                 no-unused-vars
  Line 18:31:  'setSelectedLocations' is assigned a value but never used                                                          no-unused-vars
  Line 20:28:  'setSupplierFilter' is assigned a value but never used                                                             no-unused-vars
  Line 21:26:  'setExpiryFilter' is assigned a value but never used                                                               no-unused-vars
  Line 38:8:   React Hook useEffect has a missing dependency: 'fetchLocations'. Either include it or remove the dependency array  react-hooks/exhaustive-deps

src\components\Project\ProjectDetails.js
  Line 39:11:   'userModules' is assigned a value but never used     no-unused-vars
  Line 180:11:  'openDatesModal' is assigned a value but never used  no-unused-vars
  Line 310:11:  'dueMeta' is assigned a value but never used         no-unused-vars

src\components\ReusableComponents\BrandedDialogHost.js
  Line 67:8:  React Hook useEffect has a missing dependency: 'closeDialog'. Either include it or remove the dependency array  react-hooks/exhaustive-deps

src\components\estimates\ProjectEstimationPage.js
  Line 244:12:  'showPrintModal' is assigned a value but never used                                                                                                                                                                                                                                                                                                                              no-unused-vars
  Line 244:28:  'setShowPrintModal' is assigned a value but never used                                                                                                                                                                                                                                                                                                                           no-unused-vars
  Line 275:12:  'approvalPolicy' is assigned a value but never used                                                                                                                                                                                                                                                                                                                              no-unused-vars
  Line 641:8:   React Hook useEffect has missing dependencies: 'availMap', 'globalSettings.GLOBAL_TAX_PERCENT', 'globalSettings.GLOBAL_VAT_PERCENT', 'productById', and 'propProjectId'. Either include them or remove the dependency array. You can also replace multiple useState variables with useReducer if 'setVatPercent' needs the current value of 'globalSettings.GLOBAL_VAT_PERCENT'  react-hooks/exhaustive-deps

src\components\workflow\WorkflowBuilder.js
  Line 119:12:  'adminConfig' is assigned a value but never used                                                                                                                                                                                                                                     no-unused-vars
  Line 306:8:   React Hook useEffect has missing dependencies: 'flow.fileRequirements', 'flow.initialStage', 'flow.notifications', 'flow.requiredApprovals', 'flow.stages', 'flow.transitions', 'flow.visualLayout', 'setEdges', and 'setNodes'. Either include them or remove the dependency array  react-hooks/exhaustive-deps
  Line 309:9:   React Hook useEffect has a complex expression in the dependency array. Extract it to a separate variable so it can be statically checked                                                                                                                                             react-hooks/exhaustive-deps
  Line 310:9:   React Hook useEffect has a complex expression in the dependency array. Extract it to a separate variable so it can be statically checked                                                                                                                                             react-hooks/exhaustive-deps
  Line 311:9:   React Hook useEffect has a complex expression in the dependency array. Extract it to a separate variable so it can be statically checked                                                                                                                                             react-hooks/exhaustive-deps
  Line 312:9:   React Hook useEffect has a complex expression in the dependency array. Extract it to a separate variable so it can be statically checked                                                                                                                                             react-hooks/exhaustive-deps
  Line 313:9:   React Hook useEffect has a complex expression in the dependency array. Extract it to a separate variable so it can be statically checked                                                                                                                                             react-hooks/exhaustive-deps
  Line 314:9:   React Hook useEffect has a complex expression in the dependency array. Extract it to a separate variable so it can be statically checked                                                                                                                                             react-hooks/exhaustive-deps

webpack compiled with 1 warning
Compiling...
Compiled with warnings.

[eslint] 
src\components\Employee\SalaryManagement.js
  Line 57:8:  React Hook useEffect has missing dependencies: 'fetchAttendanceReport', 'fetchRunStatus', and 'fetchSalaries'. Either include them or remove the dependency array  react-hooks/exhaustive-deps

src\components\GRN\GRNListView.js
  Line 45:34:  React Hook useEffect has a missing dependency: 'load'. Either include it or remove the dependency array  react-hooks/exhaustive-deps
  Line 47:34:  React Hook useEffect has a missing dependency: 'load'. Either include it or remove the dependency array  react-hooks/exhaustive-deps

src\components\HumanResources\HRConfiguration.js
  Line 301:38:  React Hook useEffect has a missing dependency: 'loadLogs'. Either include it or remove the dependency array  react-hooks/exhaustive-deps
  Line 383:12:  'loading' is assigned a value but never used                                                                 no-unused-vars

src\components\Inventory\InventoryDashboard.js
  Line 4:84:    'FaPlus' is defined but never used                                                                             no-unused-vars
  Line 5:84:    'Legend' is defined but never used                                                                             no-unused-vars
  Line 7:8:     'MenuCard' is defined but never used                                                                           no-unused-vars
  Line 135:10:  'error' is assigned a value but never used                                                                     no-unused-vars
  Line 143:6:   React Hook useEffect has a missing dependency: 'fetchStats'. Either include it or remove the dependency array  react-hooks/exhaustive-deps

src\components\Inventory\InventoryView.js
  Line 5:8:    'Select' is defined but never used                                                                                 no-unused-vars
  Line 18:31:  'setSelectedLocations' is assigned a value but never used                                                          no-unused-vars
  Line 20:28:  'setSupplierFilter' is assigned a value but never used                                                             no-unused-vars
  Line 21:26:  'setExpiryFilter' is assigned a value but never used                                                               no-unused-vars
  Line 38:8:   React Hook useEffect has a missing dependency: 'fetchLocations'. Either include it or remove the dependency array  react-hooks/exhaustive-deps

src\components\Project\ProjectDetails.js
  Line 39:11:   'userModules' is assigned a value but never used     no-unused-vars
  Line 180:11:  'openDatesModal' is assigned a value but never used  no-unused-vars
  Line 310:11:  'dueMeta' is assigned a value but never used         no-unused-vars

src\components\Project\ProjectInventoryCard.js
  Line 73:34:  React Hook useEffect has a missing dependency: 'load'. Either include it or remove the dependency array  react-hooks/exhaustive-deps

src\components\ReusableComponents\BrandedDialogHost.js
  Line 67:8:  React Hook useEffect has a missing dependency: 'closeDialog'. Either include it or remove the dependency array  react-hooks/exhaustive-deps

src\components\estimates\ProjectEstimationPage.js
  Line 244:12:  'showPrintModal' is assigned a value but never used                                                                                                                                                                                                                                                                                                                              no-unused-vars
  Line 244:28:  'setShowPrintModal' is assigned a value but never used                                                                                                                                                                                                                                                                                                                           no-unused-vars
  Line 275:12:  'approvalPolicy' is assigned a value but never used                                                                                                                                                                                                                                                                                                                              no-unused-vars
  Line 641:8:   React Hook useEffect has missing dependencies: 'availMap', 'globalSettings.GLOBAL_TAX_PERCENT', 'globalSettings.GLOBAL_VAT_PERCENT', 'productById', and 'propProjectId'. Either include them or remove the dependency array. You can also replace multiple useState variables with useReducer if 'setVatPercent' needs the current value of 'globalSettings.GLOBAL_VAT_PERCENT'  react-hooks/exhaustive-deps

src\components\workflow\WorkflowBuilder.js
  Line 119:12:  'adminConfig' is assigned a value but never used                                                                                                                                                                                                                                     no-unused-vars
  Line 306:8:   React Hook useEffect has missing dependencies: 'flow.fileRequirements', 'flow.initialStage', 'flow.notifications', 'flow.requiredApprovals', 'flow.stages', 'flow.transitions', 'flow.visualLayout', 'setEdges', and 'setNodes'. Either include them or remove the dependency array  react-hooks/exhaustive-deps
  Line 309:9:   React Hook useEffect has a complex expression in the dependency array. Extract it to a separate variable so it can be statically checked                                                                                                                                             react-hooks/exhaustive-deps
  Line 310:9:   React Hook useEffect has a complex expression in the dependency array. Extract it to a separate variable so it can be statically checked                                                                                                                                             react-hooks/exhaustive-deps
  Line 311:9:   React Hook useEffect has a complex expression in the dependency array. Extract it to a separate variable so it can be statically checked                                                                                                                                             react-hooks/exhaustive-deps
  Line 312:9:   React Hook useEffect has a complex expression in the dependency array. Extract it to a separate variable so it can be statically checked                                                                                                                                             react-hooks/exhaustive-deps
  Line 313:9:   React Hook useEffect has a complex expression in the dependency array. Extract it to a separate variable so it can be statically checked                                                                                                                                             react-hooks/exhaustive-deps
  Line 314:9:   React Hook useEffect has a complex expression in the dependency array. Extract it to a separate variable so it can be statically checked                                                                                                                                             react-hooks/exhaustive-deps

Search for the keywords to learn more about each warning.
To ignore, add // eslint-disable-next-line to the line before.

WARNING in [eslint] 
src\components\Employee\SalaryManagement.js
  Line 57:8:  React Hook useEffect has missing dependencies: 'fetchAttendanceReport', 'fetchRunStatus', and 'fetchSalaries'. Either include them or remove the dependency array  react-hooks/exhaustive-deps

src\components\GRN\GRNListView.js
  Line 45:34:  React Hook useEffect has a missing dependency: 'load'. Either include it or remove the dependency array  react-hooks/exhaustive-deps
  Line 47:34:  React Hook useEffect has a missing dependency: 'load'. Either include it or remove the dependency array  react-hooks/exhaustive-deps

src\components\HumanResources\HRConfiguration.js
  Line 301:38:  React Hook useEffect has a missing dependency: 'loadLogs'. Either include it or remove the dependency array  react-hooks/exhaustive-deps
  Line 383:12:  'loading' is assigned a value but never used                                                                 no-unused-vars

src\components\Inventory\InventoryDashboard.js
  Line 4:84:    'FaPlus' is defined but never used                                                                             no-unused-vars
  Line 5:84:    'Legend' is defined but never used                                                                             no-unused-vars
  Line 7:8:     'MenuCard' is defined but never used                                                                           no-unused-vars
  Line 135:10:  'error' is assigned a value but never used                                                                     no-unused-vars
  Line 143:6:   React Hook useEffect has a missing dependency: 'fetchStats'. Either include it or remove the dependency array  react-hooks/exhaustive-deps

src\components\Inventory\InventoryView.js
  Line 5:8:    'Select' is defined but never used                                                                                 no-unused-vars
  Line 18:31:  'setSelectedLocations' is assigned a value but never used                                                          no-unused-vars
  Line 20:28:  'setSupplierFilter' is assigned a value but never used                                                             no-unused-vars
  Line 21:26:  'setExpiryFilter' is assigned a value but never used                                                               no-unused-vars
  Line 38:8:   React Hook useEffect has a missing dependency: 'fetchLocations'. Either include it or remove the dependency array  react-hooks/exhaustive-deps

src\components\Project\ProjectDetails.js
  Line 39:11:   'userModules' is assigned a value but never used     no-unused-vars
  Line 180:11:  'openDatesModal' is assigned a value but never used  no-unused-vars
  Line 310:11:  'dueMeta' is assigned a value but never used         no-unused-vars

src\components\Project\ProjectInventoryCard.js
  Line 73:34:  React Hook useEffect has a missing dependency: 'load'. Either include it or remove the dependency array  react-hooks/exhaustive-deps

src\components\ReusableComponents\BrandedDialogHost.js
  Line 67:8:  React Hook useEffect has a missing dependency: 'closeDialog'. Either include it or remove the dependency array  react-hooks/exhaustive-deps

src\components\estimates\ProjectEstimationPage.js
  Line 244:12:  'showPrintModal' is assigned a value but never used                                                                                                                                                                                                                                                                                                                              no-unused-vars
  Line 244:28:  'setShowPrintModal' is assigned a value but never used                                                                                                                                                                                                                                                                                                                           no-unused-vars
  Line 275:12:  'approvalPolicy' is assigned a value but never used                                                                                                                                                                                                                                                                                                                              no-unused-vars
  Line 641:8:   React Hook useEffect has missing dependencies: 'availMap', 'globalSettings.GLOBAL_TAX_PERCENT', 'globalSettings.GLOBAL_VAT_PERCENT', 'productById', and 'propProjectId'. Either include them or remove the dependency array. You can also replace multiple useState variables with useReducer if 'setVatPercent' needs the current value of 'globalSettings.GLOBAL_VAT_PERCENT'  react-hooks/exhaustive-deps

src\components\workflow\WorkflowBuilder.js
  Line 119:12:  'adminConfig' is assigned a value but never used                                                                                                                                                                                                                                     no-unused-vars
  Line 306:8:   React Hook useEffect has missing dependencies: 'flow.fileRequirements', 'flow.initialStage', 'flow.notifications', 'flow.requiredApprovals', 'flow.stages', 'flow.transitions', 'flow.visualLayout', 'setEdges', and 'setNodes'. Either include them or remove the dependency array  react-hooks/exhaustive-deps
  Line 309:9:   React Hook useEffect has a complex expression in the dependency array. Extract it to a separate variable so it can be statically checked                                                                                                                                             react-hooks/exhaustive-deps
  Line 310:9:   React Hook useEffect has a complex expression in the dependency array. Extract it to a separate variable so it can be statically checked                                                                                                                                             react-hooks/exhaustive-deps
  Line 311:9:   React Hook useEffect has a complex expression in the dependency array. Extract it to a separate variable so it can be statically checked                                                                                                                                             react-hooks/exhaustive-deps
  Line 312:9:   React Hook useEffect has a complex expression in the dependency array. Extract it to a separate variable so it can be statically checked                                                                                                                                             react-hooks/exhaustive-deps
  Line 313:9:   React Hook useEffect has a complex expression in the dependency array. Extract it to a separate variable so it can be statically checked                                                                                                                                             react-hooks/exhaustive-deps
  Line 314:9:   React Hook useEffect has a complex expression in the dependency array. Extract it to a separate variable so it can be statically checked                                                                                                                                             react-hooks/exhaustive-deps

webpack compiled with 1 warning
Compiling...
Compiled with warnings.

[eslint] 
src\components\Employee\SalaryManagement.js
  Line 57:8:  React Hook useEffect has missing dependencies: 'fetchAttendanceReport', 'fetchRunStatus', and 'fetchSalaries'. Either include them or remove the dependency array  react-hooks/exhaustive-deps

src\components\GRN\GRNListView.js
  Line 45:34:  React Hook useEffect has a missing dependency: 'load'. Either include it or remove the dependency array  react-hooks/exhaustive-deps
  Line 47:34:  React Hook useEffect has a missing dependency: 'load'. Either include it or remove the dependency array  react-hooks/exhaustive-deps

src\components\HumanResources\HRConfiguration.js
  Line 301:38:  React Hook useEffect has a missing dependency: 'loadLogs'. Either include it or remove the dependency array  react-hooks/exhaustive-deps
  Line 383:12:  'loading' is assigned a value but never used                                                                 no-unused-vars

src\components\Inventory\InventoryDashboard.js
  Line 4:84:    'FaPlus' is defined but never used                                                                             no-unused-vars
  Line 5:84:    'Legend' is defined but never used                                                                             no-unused-vars
  Line 7:8:     'MenuCard' is defined but never used                                                                           no-unused-vars
  Line 135:10:  'error' is assigned a value but never used                                                                     no-unused-vars
  Line 143:6:   React Hook useEffect has a missing dependency: 'fetchStats'. Either include it or remove the dependency array  react-hooks/exhaustive-deps

src\components\Inventory\InventoryView.js
  Line 5:8:    'Select' is defined but never used                                                                                 no-unused-vars
  Line 18:31:  'setSelectedLocations' is assigned a value but never used                                                          no-unused-vars
  Line 20:28:  'setSupplierFilter' is assigned a value but never used                                                             no-unused-vars
  Line 21:26:  'setExpiryFilter' is assigned a value but never used                                                               no-unused-vars
  Line 38:8:   React Hook useEffect has a missing dependency: 'fetchLocations'. Either include it or remove the dependency array  react-hooks/exhaustive-deps

src\components\Inventory\SupplierReturnApprovals.js
  Line 32:8:  React Hook useEffect has a missing dependency: 'fetchReturns'. Either include it or remove the dependency array  react-hooks/exhaustive-deps

src\components\Project\ProjectDetails.js
  Line 39:11:   'userModules' is assigned a value but never used     no-unused-vars
  Line 180:11:  'openDatesModal' is assigned a value but never used  no-unused-vars
  Line 310:11:  'dueMeta' is assigned a value but never used         no-unused-vars

src\components\Project\ProjectInventoryCard.js
  Line 73:34:  React Hook useEffect has a missing dependency: 'load'. Either include it or remove the dependency array  react-hooks/exhaustive-deps

src\components\ReusableComponents\BrandedDialogHost.js
  Line 67:8:  React Hook useEffect has a missing dependency: 'closeDialog'. Either include it or remove the dependency array  react-hooks/exhaustive-deps

src\components\estimates\ProjectEstimationPage.js
  Line 244:12:  'showPrintModal' is assigned a value but never used                                                                                                                                                                                                                                                                                                                              no-unused-vars
  Line 244:28:  'setShowPrintModal' is assigned a value but never used                                                                                                                                                                                                                                                                                                                           no-unused-vars
  Line 275:12:  'approvalPolicy' is assigned a value but never used                                                                                                                                                                                                                                                                                                                              no-unused-vars
  Line 641:8:   React Hook useEffect has missing dependencies: 'availMap', 'globalSettings.GLOBAL_TAX_PERCENT', 'globalSettings.GLOBAL_VAT_PERCENT', 'productById', and 'propProjectId'. Either include them or remove the dependency array. You can also replace multiple useState variables with useReducer if 'setVatPercent' needs the current value of 'globalSettings.GLOBAL_VAT_PERCENT'  react-hooks/exhaustive-deps

src\components\workflow\WorkflowBuilder.js
  Line 119:12:  'adminConfig' is assigned a value but never used                                                                                                                                                                                                                                     no-unused-vars
  Line 306:8:   React Hook useEffect has missing dependencies: 'flow.fileRequirements', 'flow.initialStage', 'flow.notifications', 'flow.requiredApprovals', 'flow.stages', 'flow.transitions', 'flow.visualLayout', 'setEdges', and 'setNodes'. Either include them or remove the dependency array  react-hooks/exhaustive-deps
  Line 309:9:   React Hook useEffect has a complex expression in the dependency array. Extract it to a separate variable so it can be statically checked                                                                                                                                             react-hooks/exhaustive-deps
  Line 310:9:   React Hook useEffect has a complex expression in the dependency array. Extract it to a separate variable so it can be statically checked                                                                                                                                             react-hooks/exhaustive-deps
  Line 311:9:   React Hook useEffect has a complex expression in the dependency array. Extract it to a separate variable so it can be statically checked                                                                                                                                             react-hooks/exhaustive-deps
  Line 312:9:   React Hook useEffect has a complex expression in the dependency array. Extract it to a separate variable so it can be statically checked                                                                                                                                             react-hooks/exhaustive-deps
  Line 313:9:   React Hook useEffect has a complex expression in the dependency array. Extract it to a separate variable so it can be statically checked                                                                                                                                             react-hooks/exhaustive-deps
  Line 314:9:   React Hook useEffect has a complex expression in the dependency array. Extract it to a separate variable so it can be statically checked                                                                                                                                             react-hooks/exhaustive-deps

Search for the keywords to learn more about each warning.
To ignore, add // eslint-disable-next-line to the line before.

WARNING in [eslint] 
src\components\Employee\SalaryManagement.js
  Line 57:8:  React Hook useEffect has missing dependencies: 'fetchAttendanceReport', 'fetchRunStatus', and 'fetchSalaries'. Either include them or remove the dependency array  react-hooks/exhaustive-deps

src\components\GRN\GRNListView.js
  Line 45:34:  React Hook useEffect has a missing dependency: 'load'. Either include it or remove the dependency array  react-hooks/exhaustive-deps
  Line 47:34:  React Hook useEffect has a missing dependency: 'load'. Either include it or remove the dependency array  react-hooks/exhaustive-deps

src\components\HumanResources\HRConfiguration.js
  Line 301:38:  React Hook useEffect has a missing dependency: 'loadLogs'. Either include it or remove the dependency array  react-hooks/exhaustive-deps
  Line 383:12:  'loading' is assigned a value but never used                                                                 no-unused-vars

src\components\Inventory\InventoryDashboard.js
  Line 4:84:    'FaPlus' is defined but never used                                                                             no-unused-vars
  Line 5:84:    'Legend' is defined but never used                                                                             no-unused-vars
  Line 7:8:     'MenuCard' is defined but never used                                                                           no-unused-vars
  Line 135:10:  'error' is assigned a value but never used                                                                     no-unused-vars
  Line 143:6:   React Hook useEffect has a missing dependency: 'fetchStats'. Either include it or remove the dependency array  react-hooks/exhaustive-deps

src\components\Inventory\InventoryView.js
  Line 5:8:    'Select' is defined but never used                                                                                 no-unused-vars
  Line 18:31:  'setSelectedLocations' is assigned a value but never used                                                          no-unused-vars
  Line 20:28:  'setSupplierFilter' is assigned a value but never used                                                             no-unused-vars
  Line 21:26:  'setExpiryFilter' is assigned a value but never used                                                               no-unused-vars
  Line 38:8:   React Hook useEffect has a missing dependency: 'fetchLocations'. Either include it or remove the dependency array  react-hooks/exhaustive-deps

src\components\Inventory\SupplierReturnApprovals.js
  Line 32:8:  React Hook useEffect has a missing dependency: 'fetchReturns'. Either include it or remove the dependency array  react-hooks/exhaustive-deps

src\components\Project\ProjectDetails.js
  Line 39:11:   'userModules' is assigned a value but never used     no-unused-vars
  Line 180:11:  'openDatesModal' is assigned a value but never used  no-unused-vars
  Line 310:11:  'dueMeta' is assigned a value but never used         no-unused-vars

src\components\Project\ProjectInventoryCard.js
  Line 73:34:  React Hook useEffect has a missing dependency: 'load'. Either include it or remove the dependency array  react-hooks/exhaustive-deps

src\components\ReusableComponents\BrandedDialogHost.js
  Line 67:8:  React Hook useEffect has a missing dependency: 'closeDialog'. Either include it or remove the dependency array  react-hooks/exhaustive-deps

src\components\estimates\ProjectEstimationPage.js
  Line 244:12:  'showPrintModal' is assigned a value but never used                                                                                                                                                                                                                                                                                                                              no-unused-vars
  Line 244:28:  'setShowPrintModal' is assigned a value but never used                                                                                                                                                                                                                                                                                                                           no-unused-vars
  Line 275:12:  'approvalPolicy' is assigned a value but never used                                                                                                                                                                                                                                                                                                                              no-unused-vars
  Line 641:8:   React Hook useEffect has missing dependencies: 'availMap', 'globalSettings.GLOBAL_TAX_PERCENT', 'globalSettings.GLOBAL_VAT_PERCENT', 'productById', and 'propProjectId'. Either include them or remove the dependency array. You can also replace multiple useState variables with useReducer if 'setVatPercent' needs the current value of 'globalSettings.GLOBAL_VAT_PERCENT'  react-hooks/exhaustive-deps

src\components\workflow\WorkflowBuilder.js
  Line 119:12:  'adminConfig' is assigned a value but never used                                                                                                                                                                                                                                     no-unused-vars
  Line 306:8:   React Hook useEffect has missing dependencies: 'flow.fileRequirements', 'flow.initialStage', 'flow.notifications', 'flow.requiredApprovals', 'flow.stages', 'flow.transitions', 'flow.visualLayout', 'setEdges', and 'setNodes'. Either include them or remove the dependency array  react-hooks/exhaustive-deps
  Line 309:9:   React Hook useEffect has a complex expression in the dependency array. Extract it to a separate variable so it can be statically checked                                                                                                                                             react-hooks/exhaustive-deps
  Line 310:9:   React Hook useEffect has a complex expression in the dependency array. Extract it to a separate variable so it can be statically checked                                                                                                                                             react-hooks/exhaustive-deps
  Line 311:9:   React Hook useEffect has a complex expression in the dependency array. Extract it to a separate variable so it can be statically checked                                                                                                                                             react-hooks/exhaustive-deps
  Line 312:9:   React Hook useEffect has a complex expression in the dependency array. Extract it to a separate variable so it can be statically checked                                                                                                                                             react-hooks/exhaustive-deps
  Line 313:9:   React Hook useEffect has a complex expression in the dependency array. Extract it to a separate variable so it can be statically checked                                                                                                                                             react-hooks/exhaustive-deps
  Line 314:9:   React Hook useEffect has a complex expression in the dependency array. Extract it to a separate variable so it can be statically checked                                                                                                                                             react-hooks/exhaustive-deps

webpack compiled with 1 warning
Compiling...
Compiled with warnings.

[eslint] 
src\components\Employee\SalaryManagement.js
  Line 57:8:  React Hook useEffect has missing dependencies: 'fetchAttendanceReport', 'fetchRunStatus', and 'fetchSalaries'. Either include them or remove the dependency array  react-hooks/exhaustive-deps

src\components\GRN\GRNListView.js
  Line 45:34:  React Hook useEffect has a missing dependency: 'load'. Either include it or remove the dependency array  react-hooks/exhaustive-deps
  Line 47:34:  React Hook useEffect has a missing dependency: 'load'. Either include it or remove the dependency array  react-hooks/exhaustive-deps

src\components\HumanResources\HRConfiguration.js
  Line 301:38:  React Hook useEffect has a missing dependency: 'loadLogs'. Either include it or remove the dependency array  react-hooks/exhaustive-deps
  Line 383:12:  'loading' is assigned a value but never used                                                                 no-unused-vars

src\components\Inventory\InventoryDashboard.js
  Line 4:84:    'FaPlus' is defined but never used                                                                             no-unused-vars
  Line 5:84:    'Legend' is defined but never used                                                                             no-unused-vars
  Line 7:8:     'MenuCard' is defined but never used                                                                           no-unused-vars
  Line 135:10:  'error' is assigned a value but never used                                                                     no-unused-vars
  Line 143:6:   React Hook useEffect has a missing dependency: 'fetchStats'. Either include it or remove the dependency array  react-hooks/exhaustive-deps

src\components\Inventory\InventoryView.js
  Line 5:8:    'Select' is defined but never used                                                                                 no-unused-vars
  Line 18:31:  'setSelectedLocations' is assigned a value but never used                                                          no-unused-vars
  Line 20:28:  'setSupplierFilter' is assigned a value but never used                                                             no-unused-vars
  Line 21:26:  'setExpiryFilter' is assigned a value but never used                                                               no-unused-vars
  Line 38:8:   React Hook useEffect has a missing dependency: 'fetchLocations'. Either include it or remove the dependency array  react-hooks/exhaustive-deps

src\components\Inventory\SupplierReturnApprovals.js
  Line 32:8:  React Hook useEffect has a missing dependency: 'fetchReturns'. Either include it or remove the dependency array  react-hooks/exhaustive-deps

src\components\Project\ProjectDetails.js
  Line 39:11:   'userModules' is assigned a value but never used     no-unused-vars
  Line 180:11:  'openDatesModal' is assigned a value but never used  no-unused-vars
  Line 310:11:  'dueMeta' is assigned a value but never used         no-unused-vars

src\components\Project\ProjectInventoryCard.js
  Line 73:34:  React Hook useEffect has a missing dependency: 'load'. Either include it or remove the dependency array  react-hooks/exhaustive-deps

src\components\ReusableComponents\BrandedDialogHost.js
  Line 67:8:  React Hook useEffect has a missing dependency: 'closeDialog'. Either include it or remove the dependency array  react-hooks/exhaustive-deps

src\components\estimates\ProjectEstimationPage.js
  Line 244:12:  'showPrintModal' is assigned a value but never used                                                                                                                                                                                                                                                                                                                              no-unused-vars
  Line 244:28:  'setShowPrintModal' is assigned a value but never used                                                                                                                                                                                                                                                                                                                           no-unused-vars
  Line 275:12:  'approvalPolicy' is assigned a value but never used                                                                                                                                                                                                                                                                                                                              no-unused-vars
  Line 641:8:   React Hook useEffect has missing dependencies: 'availMap', 'globalSettings.GLOBAL_TAX_PERCENT', 'globalSettings.GLOBAL_VAT_PERCENT', 'productById', and 'propProjectId'. Either include them or remove the dependency array. You can also replace multiple useState variables with useReducer if 'setVatPercent' needs the current value of 'globalSettings.GLOBAL_VAT_PERCENT'  react-hooks/exhaustive-deps

src\components\workflow\WorkflowBuilder.js
  Line 119:12:  'adminConfig' is assigned a value but never used                                                                                                                                                                                                                                     no-unused-vars
  Line 306:8:   React Hook useEffect has missing dependencies: 'flow.fileRequirements', 'flow.initialStage', 'flow.notifications', 'flow.requiredApprovals', 'flow.stages', 'flow.transitions', 'flow.visualLayout', 'setEdges', and 'setNodes'. Either include them or remove the dependency array  react-hooks/exhaustive-deps
  Line 309:9:   React Hook useEffect has a complex expression in the dependency array. Extract it to a separate variable so it can be statically checked                                                                                                                                             react-hooks/exhaustive-deps
  Line 310:9:   React Hook useEffect has a complex expression in the dependency array. Extract it to a separate variable so it can be statically checked                                                                                                                                             react-hooks/exhaustive-deps
  Line 311:9:   React Hook useEffect has a complex expression in the dependency array. Extract it to a separate variable so it can be statically checked                                                                                                                                             react-hooks/exhaustive-deps
  Line 312:9:   React Hook useEffect has a complex expression in the dependency array. Extract it to a separate variable so it can be statically checked                                                                                                                                             react-hooks/exhaustive-deps
  Line 313:9:   React Hook useEffect has a complex expression in the dependency array. Extract it to a separate variable so it can be statically checked                                                                                                                                             react-hooks/exhaustive-deps
  Line 314:9:   React Hook useEffect has a complex expression in the dependency array. Extract it to a separate variable so it can be statically checked                                                                                                                                             react-hooks/exhaustive-deps

Search for the keywords to learn more about each warning.
To ignore, add // eslint-disable-next-line to the line before.

WARNING in [eslint] 
src\components\Employee\SalaryManagement.js
  Line 57:8:  React Hook useEffect has missing dependencies: 'fetchAttendanceReport', 'fetchRunStatus', and 'fetchSalaries'. Either include them or remove the dependency array  react-hooks/exhaustive-deps

src\components\GRN\GRNListView.js
  Line 45:34:  React Hook useEffect has a missing dependency: 'load'. Either include it or remove the dependency array  react-hooks/exhaustive-deps
  Line 47:34:  React Hook useEffect has a missing dependency: 'load'. Either include it or remove the dependency array  react-hooks/exhaustive-deps

src\components\HumanResources\HRConfiguration.js
  Line 301:38:  React Hook useEffect has a missing dependency: 'loadLogs'. Either include it or remove the dependency array  react-hooks/exhaustive-deps
  Line 383:12:  'loading' is assigned a value but never used                                                                 no-unused-vars

src\components\Inventory\InventoryDashboard.js
  Line 4:84:    'FaPlus' is defined but never used                                                                             no-unused-vars
  Line 5:84:    'Legend' is defined but never used                                                                             no-unused-vars
  Line 7:8:     'MenuCard' is defined but never used                                                                           no-unused-vars
  Line 135:10:  'error' is assigned a value but never used                                                                     no-unused-vars
  Line 143:6:   React Hook useEffect has a missing dependency: 'fetchStats'. Either include it or remove the dependency array  react-hooks/exhaustive-deps

src\components\Inventory\InventoryView.js
  Line 5:8:    'Select' is defined but never used                                                                                 no-unused-vars
  Line 18:31:  'setSelectedLocations' is assigned a value but never used                                                          no-unused-vars
  Line 20:28:  'setSupplierFilter' is assigned a value but never used                                                             no-unused-vars
  Line 21:26:  'setExpiryFilter' is assigned a value but never used                                                               no-unused-vars
  Line 38:8:   React Hook useEffect has a missing dependency: 'fetchLocations'. Either include it or remove the dependency array  react-hooks/exhaustive-deps

src\components\Inventory\SupplierReturnApprovals.js
  Line 32:8:  React Hook useEffect has a missing dependency: 'fetchReturns'. Either include it or remove the dependency array  react-hooks/exhaustive-deps

src\components\Project\ProjectDetails.js
  Line 39:11:   'userModules' is assigned a value but never used     no-unused-vars
  Line 180:11:  'openDatesModal' is assigned a value but never used  no-unused-vars
  Line 310:11:  'dueMeta' is assigned a value but never used         no-unused-vars

src\components\Project\ProjectInventoryCard.js
  Line 73:34:  React Hook useEffect has a missing dependency: 'load'. Either include it or remove the dependency array  react-hooks/exhaustive-deps

src\components\ReusableComponents\BrandedDialogHost.js
  Line 67:8:  React Hook useEffect has a missing dependency: 'closeDialog'. Either include it or remove the dependency array  react-hooks/exhaustive-deps

src\components\estimates\ProjectEstimationPage.js
  Line 244:12:  'showPrintModal' is assigned a value but never used                                                                                                                                                                                                                                                                                                                              no-unused-vars
  Line 244:28:  'setShowPrintModal' is assigned a value but never used                                                                                                                                                                                                                                                                                                                           no-unused-vars
  Line 275:12:  'approvalPolicy' is assigned a value but never used                                                                                                                                                                                                                                                                                                                              no-unused-vars
  Line 641:8:   React Hook useEffect has missing dependencies: 'availMap', 'globalSettings.GLOBAL_TAX_PERCENT', 'globalSettings.GLOBAL_VAT_PERCENT', 'productById', and 'propProjectId'. Either include them or remove the dependency array. You can also replace multiple useState variables with useReducer if 'setVatPercent' needs the current value of 'globalSettings.GLOBAL_VAT_PERCENT'  react-hooks/exhaustive-deps

src\components\workflow\WorkflowBuilder.js
  Line 119:12:  'adminConfig' is assigned a value but never used                                                                                                                                                                                                                                     no-unused-vars
  Line 306:8:   React Hook useEffect has missing dependencies: 'flow.fileRequirements', 'flow.initialStage', 'flow.notifications', 'flow.requiredApprovals', 'flow.stages', 'flow.transitions', 'flow.visualLayout', 'setEdges', and 'setNodes'. Either include them or remove the dependency array  react-hooks/exhaustive-deps
  Line 309:9:   React Hook useEffect has a complex expression in the dependency array. Extract it to a separate variable so it can be statically checked                                                                                                                                             react-hooks/exhaustive-deps
  Line 310:9:   React Hook useEffect has a complex expression in the dependency array. Extract it to a separate variable so it can be statically checked                                                                                                                                             react-hooks/exhaustive-deps
  Line 311:9:   React Hook useEffect has a complex expression in the dependency array. Extract it to a separate variable so it can be statically checked                                                                                                                                             react-hooks/exhaustive-deps
  Line 312:9:   React Hook useEffect has a complex expression in the dependency array. Extract it to a separate variable so it can be statically checked                                                                                                                                             react-hooks/exhaustive-deps
  Line 313:9:   React Hook useEffect has a complex expression in the dependency array. Extract it to a separate variable so it can be statically checked                                                                                                                                             react-hooks/exhaustive-deps
  Line 314:9:   React Hook useEffect has a complex expression in the dependency array. Extract it to a separate variable so it can be statically checked                                                                                                                                             react-hooks/exhaustive-deps

webpack compiled with 1 warning
Compiling...
Compiled with warnings.

[eslint] 
src\components\Employee\SalaryManagement.js
  Line 57:8:  React Hook useEffect has missing dependencies: 'fetchAttendanceReport', 'fetchRunStatus', and 'fetchSalaries'. Either include them or remove the dependency array  react-hooks/exhaustive-deps

src\components\GRN\GRNListView.js
  Line 45:34:  React Hook useEffect has a missing dependency: 'load'. Either include it or remove the dependency array  react-hooks/exhaustive-deps
  Line 47:34:  React Hook useEffect has a missing dependency: 'load'. Either include it or remove the dependency array  react-hooks/exhaustive-deps

src\components\HumanResources\HRConfiguration.js
  Line 301:38:  React Hook useEffect has a missing dependency: 'loadLogs'. Either include it or remove the dependency array  react-hooks/exhaustive-deps
  Line 383:12:  'loading' is assigned a value but never used                                                                 no-unused-vars

src\components\Inventory\InventoryDashboard.js
  Line 4:84:    'FaPlus' is defined but never used                                                                             no-unused-vars
  Line 5:84:    'Legend' is defined but never used                                                                             no-unused-vars
  Line 7:8:     'MenuCard' is defined but never used                                                                           no-unused-vars
  Line 135:10:  'error' is assigned a value but never used                                                                     no-unused-vars
  Line 143:6:   React Hook useEffect has a missing dependency: 'fetchStats'. Either include it or remove the dependency array  react-hooks/exhaustive-deps

src\components\Inventory\InventoryView.js
  Line 5:8:    'Select' is defined but never used                                                                                 no-unused-vars
  Line 18:31:  'setSelectedLocations' is assigned a value but never used                                                          no-unused-vars
  Line 20:28:  'setSupplierFilter' is assigned a value but never used                                                             no-unused-vars
  Line 21:26:  'setExpiryFilter' is assigned a value but never used                                                               no-unused-vars
  Line 38:8:   React Hook useEffect has a missing dependency: 'fetchLocations'. Either include it or remove the dependency array  react-hooks/exhaustive-deps

src\components\Inventory\SupplierReturnApprovals.js
  Line 32:8:  React Hook useEffect has a missing dependency: 'fetchReturns'. Either include it or remove the dependency array  react-hooks/exhaustive-deps

src\components\Project\ProjectDetails.js
  Line 39:11:   'userModules' is assigned a value but never used     no-unused-vars
  Line 180:11:  'openDatesModal' is assigned a value but never used  no-unused-vars
  Line 310:11:  'dueMeta' is assigned a value but never used         no-unused-vars

src\components\Project\ProjectInventoryCard.js
  Line 73:34:  React Hook useEffect has a missing dependency: 'load'. Either include it or remove the dependency array  react-hooks/exhaustive-deps

src\components\ReusableComponents\BrandedDialogHost.js
  Line 67:8:  React Hook useEffect has a missing dependency: 'closeDialog'. Either include it or remove the dependency array  react-hooks/exhaustive-deps

src\components\estimates\ProjectEstimationPage.js
  Line 244:12:  'showPrintModal' is assigned a value but never used                                                                                                                                                                                                                                                                                                                              no-unused-vars
  Line 244:28:  'setShowPrintModal' is assigned a value but never used                                                                                                                                                                                                                                                                                                                           no-unused-vars
  Line 275:12:  'approvalPolicy' is assigned a value but never used                                                                                                                                                                                                                                                                                                                              no-unused-vars
  Line 641:8:   React Hook useEffect has missing dependencies: 'availMap', 'globalSettings.GLOBAL_TAX_PERCENT', 'globalSettings.GLOBAL_VAT_PERCENT', 'productById', and 'propProjectId'. Either include them or remove the dependency array. You can also replace multiple useState variables with useReducer if 'setVatPercent' needs the current value of 'globalSettings.GLOBAL_VAT_PERCENT'  react-hooks/exhaustive-deps

src\components\workflow\WorkflowBuilder.js
  Line 119:12:  'adminConfig' is assigned a value but never used                                                                                                                                                                                                                                     no-unused-vars
  Line 306:8:   React Hook useEffect has missing dependencies: 'flow.fileRequirements', 'flow.initialStage', 'flow.notifications', 'flow.requiredApprovals', 'flow.stages', 'flow.transitions', 'flow.visualLayout', 'setEdges', and 'setNodes'. Either include them or remove the dependency array  react-hooks/exhaustive-deps
  Line 309:9:   React Hook useEffect has a complex expression in the dependency array. Extract it to a separate variable so it can be statically checked                                                                                                                                             react-hooks/exhaustive-deps
  Line 310:9:   React Hook useEffect has a complex expression in the dependency array. Extract it to a separate variable so it can be statically checked                                                                                                                                             react-hooks/exhaustive-deps
  Line 311:9:   React Hook useEffect has a complex expression in the dependency array. Extract it to a separate variable so it can be statically checked                                                                                                                                             react-hooks/exhaustive-deps
  Line 312:9:   React Hook useEffect has a complex expression in the dependency array. Extract it to a separate variable so it can be statically checked                                                                                                                                             react-hooks/exhaustive-deps
  Line 313:9:   React Hook useEffect has a complex expression in the dependency array. Extract it to a separate variable so it can be statically checked                                                                                                                                             react-hooks/exhaustive-deps
  Line 314:9:   React Hook useEffect has a complex expression in the dependency array. Extract it to a separate variable so it can be statically checked                                                                                                                                             react-hooks/exhaustive-deps

Search for the keywords to learn more about each warning.
To ignore, add // eslint-disable-next-line to the line before.

WARNING in [eslint] 
src\components\Employee\SalaryManagement.js
  Line 57:8:  React Hook useEffect has missing dependencies: 'fetchAttendanceReport', 'fetchRunStatus', and 'fetchSalaries'. Either include them or remove the dependency array  react-hooks/exhaustive-deps

src\components\GRN\GRNListView.js
  Line 45:34:  React Hook useEffect has a missing dependency: 'load'. Either include it or remove the dependency array  react-hooks/exhaustive-deps
  Line 47:34:  React Hook useEffect has a missing dependency: 'load'. Either include it or remove the dependency array  react-hooks/exhaustive-deps

src\components\HumanResources\HRConfiguration.js
  Line 301:38:  React Hook useEffect has a missing dependency: 'loadLogs'. Either include it or remove the dependency array  react-hooks/exhaustive-deps
  Line 383:12:  'loading' is assigned a value but never used                                                                 no-unused-vars

src\components\Inventory\InventoryDashboard.js
  Line 4:84:    'FaPlus' is defined but never used                                                                             no-unused-vars
  Line 5:84:    'Legend' is defined but never used                                                                             no-unused-vars
  Line 7:8:     'MenuCard' is defined but never used                                                                           no-unused-vars
  Line 135:10:  'error' is assigned a value but never used                                                                     no-unused-vars
  Line 143:6:   React Hook useEffect has a missing dependency: 'fetchStats'. Either include it or remove the dependency array  react-hooks/exhaustive-deps

src\components\Inventory\InventoryView.js
  Line 5:8:    'Select' is defined but never used                                                                                 no-unused-vars
  Line 18:31:  'setSelectedLocations' is assigned a value but never used                                                          no-unused-vars
  Line 20:28:  'setSupplierFilter' is assigned a value but never used                                                             no-unused-vars
  Line 21:26:  'setExpiryFilter' is assigned a value but never used                                                               no-unused-vars
  Line 38:8:   React Hook useEffect has a missing dependency: 'fetchLocations'. Either include it or remove the dependency array  react-hooks/exhaustive-deps

src\components\Inventory\SupplierReturnApprovals.js
  Line 32:8:  React Hook useEffect has a missing dependency: 'fetchReturns'. Either include it or remove the dependency array  react-hooks/exhaustive-deps

src\components\Project\ProjectDetails.js
  Line 39:11:   'userModules' is assigned a value but never used     no-unused-vars
  Line 180:11:  'openDatesModal' is assigned a value but never used  no-unused-vars
  Line 310:11:  'dueMeta' is assigned a value but never used         no-unused-vars

src\components\Project\ProjectInventoryCard.js
  Line 73:34:  React Hook useEffect has a missing dependency: 'load'. Either include it or remove the dependency array  react-hooks/exhaustive-deps

src\components\ReusableComponents\BrandedDialogHost.js
  Line 67:8:  React Hook useEffect has a missing dependency: 'closeDialog'. Either include it or remove the dependency array  react-hooks/exhaustive-deps

src\components\estimates\ProjectEstimationPage.js
  Line 244:12:  'showPrintModal' is assigned a value but never used                                                                                                                                                                                                                                                                                                                              no-unused-vars
  Line 244:28:  'setShowPrintModal' is assigned a value but never used                                                                                                                                                                                                                                                                                                                           no-unused-vars
  Line 275:12:  'approvalPolicy' is assigned a value but never used                                                                                                                                                                                                                                                                                                                              no-unused-vars
  Line 641:8:   React Hook useEffect has missing dependencies: 'availMap', 'globalSettings.GLOBAL_TAX_PERCENT', 'globalSettings.GLOBAL_VAT_PERCENT', 'productById', and 'propProjectId'. Either include them or remove the dependency array. You can also replace multiple useState variables with useReducer if 'setVatPercent' needs the current value of 'globalSettings.GLOBAL_VAT_PERCENT'  react-hooks/exhaustive-deps

src\components\workflow\WorkflowBuilder.js
  Line 119:12:  'adminConfig' is assigned a value but never used                                                                                                                                                                                                                                     no-unused-vars
  Line 306:8:   React Hook useEffect has missing dependencies: 'flow.fileRequirements', 'flow.initialStage', 'flow.notifications', 'flow.requiredApprovals', 'flow.stages', 'flow.transitions', 'flow.visualLayout', 'setEdges', and 'setNodes'. Either include them or remove the dependency array  react-hooks/exhaustive-deps
  Line 309:9:   React Hook useEffect has a complex expression in the dependency array. Extract it to a separate variable so it can be statically checked                                                                                                                                             react-hooks/exhaustive-deps
  Line 310:9:   React Hook useEffect has a complex expression in the dependency array. Extract it to a separate variable so it can be statically checked                                                                                                                                             react-hooks/exhaustive-deps
  Line 311:9:   React Hook useEffect has a complex expression in the dependency array. Extract it to a separate variable so it can be statically checked                                                                                                                                             react-hooks/exhaustive-deps
  Line 312:9:   React Hook useEffect has a complex expression in the dependency array. Extract it to a separate variable so it can be statically checked                                                                                                                                             react-hooks/exhaustive-deps
  Line 313:9:   React Hook useEffect has a complex expression in the dependency array. Extract it to a separate variable so it can be statically checked                                                                                                                                             react-hooks/exhaustive-deps
  Line 314:9:   React Hook useEffect has a complex expression in the dependency array. Extract it to a separate variable so it can be statically checked                                                                                                                                             react-hooks/exhaustive-deps

webpack compiled with 1 warning
Compiling...
Compiled with warnings.

[eslint] 
src\components\Employee\SalaryManagement.js
  Line 57:8:  React Hook useEffect has missing dependencies: 'fetchAttendanceReport', 'fetchRunStatus', and 'fetchSalaries'. Either include them or remove the dependency array  react-hooks/exhaustive-deps

src\components\GRN\GRNListView.js
  Line 45:34:  React Hook useEffect has a missing dependency: 'load'. Either include it or remove the dependency array  react-hooks/exhaustive-deps
  Line 47:34:  React Hook useEffect has a missing dependency: 'load'. Either include it or remove the dependency array  react-hooks/exhaustive-deps

src\components\HumanResources\HRConfiguration.js
  Line 301:38:  React Hook useEffect has a missing dependency: 'loadLogs'. Either include it or remove the dependency array  react-hooks/exhaustive-deps
  Line 383:12:  'loading' is assigned a value but never used                                                                 no-unused-vars

src\components\Inventory\InventoryDashboard.js
  Line 4:84:    'FaPlus' is defined but never used                                                                             no-unused-vars
  Line 5:84:    'Legend' is defined but never used                                                                             no-unused-vars
  Line 7:8:     'MenuCard' is defined but never used                                                                           no-unused-vars
  Line 135:10:  'error' is assigned a value but never used                                                                     no-unused-vars
  Line 143:6:   React Hook useEffect has a missing dependency: 'fetchStats'. Either include it or remove the dependency array  react-hooks/exhaustive-deps

src\components\Inventory\InventoryView.js
  Line 5:8:    'Select' is defined but never used                                                                                 no-unused-vars
  Line 18:31:  'setSelectedLocations' is assigned a value but never used                                                          no-unused-vars
  Line 20:28:  'setSupplierFilter' is assigned a value but never used                                                             no-unused-vars
  Line 21:26:  'setExpiryFilter' is assigned a value but never used                                                               no-unused-vars
  Line 38:8:   React Hook useEffect has a missing dependency: 'fetchLocations'. Either include it or remove the dependency array  react-hooks/exhaustive-deps

src\components\Inventory\SupplierReturnApprovals.js
  Line 32:8:  React Hook useEffect has a missing dependency: 'fetchReturns'. Either include it or remove the dependency array  react-hooks/exhaustive-deps

src\components\Project\ProjectDetails.js
  Line 39:11:   'userModules' is assigned a value but never used     no-unused-vars
  Line 180:11:  'openDatesModal' is assigned a value but never used  no-unused-vars
  Line 310:11:  'dueMeta' is assigned a value but never used         no-unused-vars

src\components\Project\ProjectInventoryCard.js
  Line 73:34:  React Hook useEffect has a missing dependency: 'load'. Either include it or remove the dependency array  react-hooks/exhaustive-deps

src\components\ReusableComponents\BrandedDialogHost.js
  Line 67:8:  React Hook useEffect has a missing dependency: 'closeDialog'. Either include it or remove the dependency array  react-hooks/exhaustive-deps

src\components\estimates\ProjectEstimationPage.js
  Line 244:12:  'showPrintModal' is assigned a value but never used                                                                                                                                                                                                                                                                                                                              no-unused-vars
  Line 244:28:  'setShowPrintModal' is assigned a value but never used                                                                                                                                                                                                                                                                                                                           no-unused-vars
  Line 275:12:  'approvalPolicy' is assigned a value but never used                                                                                                                                                                                                                                                                                                                              no-unused-vars
  Line 641:8:   React Hook useEffect has missing dependencies: 'availMap', 'globalSettings.GLOBAL_TAX_PERCENT', 'globalSettings.GLOBAL_VAT_PERCENT', 'productById', and 'propProjectId'. Either include them or remove the dependency array. You can also replace multiple useState variables with useReducer if 'setVatPercent' needs the current value of 'globalSettings.GLOBAL_VAT_PERCENT'  react-hooks/exhaustive-deps

src\components\workflow\WorkflowBuilder.js
  Line 119:12:  'adminConfig' is assigned a value but never used                                                                                                                                                                                                                                     no-unused-vars
  Line 306:8:   React Hook useEffect has missing dependencies: 'flow.fileRequirements', 'flow.initialStage', 'flow.notifications', 'flow.requiredApprovals', 'flow.stages', 'flow.transitions', 'flow.visualLayout', 'setEdges', and 'setNodes'. Either include them or remove the dependency array  react-hooks/exhaustive-deps
  Line 309:9:   React Hook useEffect has a complex expression in the dependency array. Extract it to a separate variable so it can be statically checked                                                                                                                                             react-hooks/exhaustive-deps
  Line 310:9:   React Hook useEffect has a complex expression in the dependency array. Extract it to a separate variable so it can be statically checked                                                                                                                                             react-hooks/exhaustive-deps
  Line 311:9:   React Hook useEffect has a complex expression in the dependency array. Extract it to a separate variable so it can be statically checked                                                                                                                                             react-hooks/exhaustive-deps
  Line 312:9:   React Hook useEffect has a complex expression in the dependency array. Extract it to a separate variable so it can be statically checked                                                                                                                                             react-hooks/exhaustive-deps
  Line 313:9:   React Hook useEffect has a complex expression in the dependency array. Extract it to a separate variable so it can be statically checked                                                                                                                                             react-hooks/exhaustive-deps
  Line 314:9:   React Hook useEffect has a complex expression in the dependency array. Extract it to a separate variable so it can be statically checked                                                                                                                                             react-hooks/exhaustive-deps

Search for the keywords to learn more about each warning.
To ignore, add // eslint-disable-next-line to the line before.

WARNING in [eslint] 
src\components\Employee\SalaryManagement.js
  Line 57:8:  React Hook useEffect has missing dependencies: 'fetchAttendanceReport', 'fetchRunStatus', and 'fetchSalaries'. Either include them or remove the dependency array  react-hooks/exhaustive-deps

src\components\GRN\GRNListView.js
  Line 45:34:  React Hook useEffect has a missing dependency: 'load'. Either include it or remove the dependency array  react-hooks/exhaustive-deps
  Line 47:34:  React Hook useEffect has a missing dependency: 'load'. Either include it or remove the dependency array  react-hooks/exhaustive-deps

src\components\HumanResources\HRConfiguration.js
  Line 301:38:  React Hook useEffect has a missing dependency: 'loadLogs'. Either include it or remove the dependency array  react-hooks/exhaustive-deps
  Line 383:12:  'loading' is assigned a value but never used                                                                 no-unused-vars

src\components\Inventory\InventoryDashboard.js
  Line 4:84:    'FaPlus' is defined but never used                                                                             no-unused-vars
  Line 5:84:    'Legend' is defined but never used                                                                             no-unused-vars
  Line 7:8:     'MenuCard' is defined but never used                                                                           no-unused-vars
  Line 135:10:  'error' is assigned a value but never used                                                                     no-unused-vars
  Line 143:6:   React Hook useEffect has a missing dependency: 'fetchStats'. Either include it or remove the dependency array  react-hooks/exhaustive-deps

src\components\Inventory\InventoryView.js
  Line 5:8:    'Select' is defined but never used                                                                                 no-unused-vars
  Line 18:31:  'setSelectedLocations' is assigned a value but never used                                                          no-unused-vars
  Line 20:28:  'setSupplierFilter' is assigned a value but never used                                                             no-unused-vars
  Line 21:26:  'setExpiryFilter' is assigned a value but never used                                                               no-unused-vars
  Line 38:8:   React Hook useEffect has a missing dependency: 'fetchLocations'. Either include it or remove the dependency array  react-hooks/exhaustive-deps

src\components\Inventory\SupplierReturnApprovals.js
  Line 32:8:  React Hook useEffect has a missing dependency: 'fetchReturns'. Either include it or remove the dependency array  react-hooks/exhaustive-deps

src\components\Project\ProjectDetails.js
  Line 39:11:   'userModules' is assigned a value but never used     no-unused-vars
  Line 180:11:  'openDatesModal' is assigned a value but never used  no-unused-vars
  Line 310:11:  'dueMeta' is assigned a value but never used         no-unused-vars

src\components\Project\ProjectInventoryCard.js
  Line 73:34:  React Hook useEffect has a missing dependency: 'load'. Either include it or remove the dependency array  react-hooks/exhaustive-deps

src\components\ReusableComponents\BrandedDialogHost.js
  Line 67:8:  React Hook useEffect has a missing dependency: 'closeDialog'. Either include it or remove the dependency array  react-hooks/exhaustive-deps

src\components\estimates\ProjectEstimationPage.js
  Line 244:12:  'showPrintModal' is assigned a value but never used                                                                                                                                                                                                                                                                                                                              no-unused-vars
  Line 244:28:  'setShowPrintModal' is assigned a value but never used                                                                                                                                                                                                                                                                                                                           no-unused-vars
  Line 275:12:  'approvalPolicy' is assigned a value but never used                                                                                                                                                                                                                                                                                                                              no-unused-vars
  Line 641:8:   React Hook useEffect has missing dependencies: 'availMap', 'globalSettings.GLOBAL_TAX_PERCENT', 'globalSettings.GLOBAL_VAT_PERCENT', 'productById', and 'propProjectId'. Either include them or remove the dependency array. You can also replace multiple useState variables with useReducer if 'setVatPercent' needs the current value of 'globalSettings.GLOBAL_VAT_PERCENT'  react-hooks/exhaustive-deps

src\components\workflow\WorkflowBuilder.js
  Line 119:12:  'adminConfig' is assigned a value but never used                                                                                                                                                                                                                                     no-unused-vars
  Line 306:8:   React Hook useEffect has missing dependencies: 'flow.fileRequirements', 'flow.initialStage', 'flow.notifications', 'flow.requiredApprovals', 'flow.stages', 'flow.transitions', 'flow.visualLayout', 'setEdges', and 'setNodes'. Either include them or remove the dependency array  react-hooks/exhaustive-deps
  Line 309:9:   React Hook useEffect has a complex expression in the dependency array. Extract it to a separate variable so it can be statically checked                                                                                                                                             react-hooks/exhaustive-deps
  Line 310:9:   React Hook useEffect has a complex expression in the dependency array. Extract it to a separate variable so it can be statically checked                                                                                                                                             react-hooks/exhaustive-deps
  Line 311:9:   React Hook useEffect has a complex expression in the dependency array. Extract it to a separate variable so it can be statically checked                                                                                                                                             react-hooks/exhaustive-deps
  Line 312:9:   React Hook useEffect has a complex expression in the dependency array. Extract it to a separate variable so it can be statically checked                                                                                                                                             react-hooks/exhaustive-deps
  Line 313:9:   React Hook useEffect has a complex expression in the dependency array. Extract it to a separate variable so it can be statically checked                                                                                                                                             react-hooks/exhaustive-deps
  Line 314:9:   React Hook useEffect has a complex expression in the dependency array. Extract it to a separate variable so it can be statically checked                                                                                                                                             react-hooks/exhaustive-deps

webpack compiled with 1 warning
Compiling...
Compiled with warnings.

[eslint] 
src\components\Employee\SalaryManagement.js
  Line 57:8:  React Hook useEffect has missing dependencies: 'fetchAttendanceReport', 'fetchRunStatus', and 'fetchSalaries'. Either include them or remove the dependency array  react-hooks/exhaustive-deps

src\components\GRN\GRNListView.js
  Line 45:34:  React Hook useEffect has a missing dependency: 'load'. Either include it or remove the dependency array  react-hooks/exhaustive-deps
  Line 47:34:  React Hook useEffect has a missing dependency: 'load'. Either include it or remove the dependency array  react-hooks/exhaustive-deps

src\components\HumanResources\HRConfiguration.js
  Line 301:38:  React Hook useEffect has a missing dependency: 'loadLogs'. Either include it or remove the dependency array  react-hooks/exhaustive-deps
  Line 383:12:  'loading' is assigned a value but never used                                                                 no-unused-vars

src\components\Inventory\InventoryDashboard.js
  Line 4:84:    'FaPlus' is defined but never used                                                                             no-unused-vars
  Line 5:84:    'Legend' is defined but never used                                                                             no-unused-vars
  Line 7:8:     'MenuCard' is defined but never used                                                                           no-unused-vars
  Line 135:10:  'error' is assigned a value but never used                                                                     no-unused-vars
  Line 143:6:   React Hook useEffect has a missing dependency: 'fetchStats'. Either include it or remove the dependency array  react-hooks/exhaustive-deps

src\components\Inventory\InventoryView.js
  Line 5:8:    'Select' is defined but never used                                                                                 no-unused-vars
  Line 18:31:  'setSelectedLocations' is assigned a value but never used                                                          no-unused-vars
  Line 20:28:  'setSupplierFilter' is assigned a value but never used                                                             no-unused-vars
  Line 21:26:  'setExpiryFilter' is assigned a value but never used                                                               no-unused-vars
  Line 38:8:   React Hook useEffect has a missing dependency: 'fetchLocations'. Either include it or remove the dependency array  react-hooks/exhaustive-deps

src\components\Inventory\SupplierReturnApprovals.js
  Line 32:8:  React Hook useEffect has a missing dependency: 'fetchReturns'. Either include it or remove the dependency array  react-hooks/exhaustive-deps

src\components\Project\ProjectDetails.js
  Line 39:11:   'userModules' is assigned a value but never used     no-unused-vars
  Line 180:11:  'openDatesModal' is assigned a value but never used  no-unused-vars
  Line 310:11:  'dueMeta' is assigned a value but never used         no-unused-vars

src\components\Project\ProjectInventoryCard.js
  Line 73:34:  React Hook useEffect has a missing dependency: 'load'. Either include it or remove the dependency array  react-hooks/exhaustive-deps

src\components\ReusableComponents\BrandedDialogHost.js
  Line 67:8:  React Hook useEffect has a missing dependency: 'closeDialog'. Either include it or remove the dependency array  react-hooks/exhaustive-deps

src\components\estimates\ProjectEstimationPage.js
  Line 244:12:  'showPrintModal' is assigned a value but never used                                                                                                                                                                                                                                                                                                                              no-unused-vars
  Line 244:28:  'setShowPrintModal' is assigned a value but never used                                                                                                                                                                                                                                                                                                                           no-unused-vars
  Line 275:12:  'approvalPolicy' is assigned a value but never used                                                                                                                                                                                                                                                                                                                              no-unused-vars
  Line 641:8:   React Hook useEffect has missing dependencies: 'availMap', 'globalSettings.GLOBAL_TAX_PERCENT', 'globalSettings.GLOBAL_VAT_PERCENT', 'productById', and 'propProjectId'. Either include them or remove the dependency array. You can also replace multiple useState variables with useReducer if 'setVatPercent' needs the current value of 'globalSettings.GLOBAL_VAT_PERCENT'  react-hooks/exhaustive-deps

src\components\workflow\WorkflowBuilder.js
  Line 119:12:  'adminConfig' is assigned a value but never used                                                                                                                                                                                                                                     no-unused-vars
  Line 306:8:   React Hook useEffect has missing dependencies: 'flow.fileRequirements', 'flow.initialStage', 'flow.notifications', 'flow.requiredApprovals', 'flow.stages', 'flow.transitions', 'flow.visualLayout', 'setEdges', and 'setNodes'. Either include them or remove the dependency array  react-hooks/exhaustive-deps
  Line 309:9:   React Hook useEffect has a complex expression in the dependency array. Extract it to a separate variable so it can be statically checked                                                                                                                                             react-hooks/exhaustive-deps
  Line 310:9:   React Hook useEffect has a complex expression in the dependency array. Extract it to a separate variable so it can be statically checked                                                                                                                                             react-hooks/exhaustive-deps
  Line 311:9:   React Hook useEffect has a complex expression in the dependency array. Extract it to a separate variable so it can be statically checked                                                                                                                                             react-hooks/exhaustive-deps
  Line 312:9:   React Hook useEffect has a complex expression in the dependency array. Extract it to a separate variable so it can be statically checked                                                                                                                                             react-hooks/exhaustive-deps
  Line 313:9:   React Hook useEffect has a complex expression in the dependency array. Extract it to a separate variable so it can be statically checked                                                                                                                                             react-hooks/exhaustive-deps
  Line 314:9:   React Hook useEffect has a complex expression in the dependency array. Extract it to a separate variable so it can be statically checked                                                                                                                                             react-hooks/exhaustive-deps

Search for the keywords to learn more about each warning.
To ignore, add // eslint-disable-next-line to the line before.

WARNING in [eslint] 
src\components\Employee\SalaryManagement.js
  Line 57:8:  React Hook useEffect has missing dependencies: 'fetchAttendanceReport', 'fetchRunStatus', and 'fetchSalaries'. Either include them or remove the dependency array  react-hooks/exhaustive-deps

src\components\GRN\GRNListView.js
  Line 45:34:  React Hook useEffect has a missing dependency: 'load'. Either include it or remove the dependency array  react-hooks/exhaustive-deps
  Line 47:34:  React Hook useEffect has a missing dependency: 'load'. Either include it or remove the dependency array  react-hooks/exhaustive-deps

src\components\HumanResources\HRConfiguration.js
  Line 301:38:  React Hook useEffect has a missing dependency: 'loadLogs'. Either include it or remove the dependency array  react-hooks/exhaustive-deps
  Line 383:12:  'loading' is assigned a value but never used                                                                 no-unused-vars

src\components\Inventory\InventoryDashboard.js
  Line 4:84:    'FaPlus' is defined but never used                                                                             no-unused-vars
  Line 5:84:    'Legend' is defined but never used                                                                             no-unused-vars
  Line 7:8:     'MenuCard' is defined but never used                                                                           no-unused-vars
  Line 135:10:  'error' is assigned a value but never used                                                                     no-unused-vars
  Line 143:6:   React Hook useEffect has a missing dependency: 'fetchStats'. Either include it or remove the dependency array  react-hooks/exhaustive-deps

src\components\Inventory\InventoryView.js
  Line 5:8:    'Select' is defined but never used                                                                                 no-unused-vars
  Line 18:31:  'setSelectedLocations' is assigned a value but never used                                                          no-unused-vars
  Line 20:28:  'setSupplierFilter' is assigned a value but never used                                                             no-unused-vars
  Line 21:26:  'setExpiryFilter' is assigned a value but never used                                                               no-unused-vars
  Line 38:8:   React Hook useEffect has a missing dependency: 'fetchLocations'. Either include it or remove the dependency array  react-hooks/exhaustive-deps

src\components\Inventory\SupplierReturnApprovals.js
  Line 32:8:  React Hook useEffect has a missing dependency: 'fetchReturns'. Either include it or remove the dependency array  react-hooks/exhaustive-deps

src\components\Project\ProjectDetails.js
  Line 39:11:   'userModules' is assigned a value but never used     no-unused-vars
  Line 180:11:  'openDatesModal' is assigned a value but never used  no-unused-vars
  Line 310:11:  'dueMeta' is assigned a value but never used         no-unused-vars

src\components\Project\ProjectInventoryCard.js
  Line 73:34:  React Hook useEffect has a missing dependency: 'load'. Either include it or remove the dependency array  react-hooks/exhaustive-deps

src\components\ReusableComponents\BrandedDialogHost.js
  Line 67:8:  React Hook useEffect has a missing dependency: 'closeDialog'. Either include it or remove the dependency array  react-hooks/exhaustive-deps

src\components\estimates\ProjectEstimationPage.js
  Line 244:12:  'showPrintModal' is assigned a value but never used                                                                                                                                                                                                                                                                                                                              no-unused-vars
  Line 244:28:  'setShowPrintModal' is assigned a value but never used                                                                                                                                                                                                                                                                                                                           no-unused-vars
  Line 275:12:  'approvalPolicy' is assigned a value but never used                                                                                                                                                                                                                                                                                                                              no-unused-vars
  Line 641:8:   React Hook useEffect has missing dependencies: 'availMap', 'globalSettings.GLOBAL_TAX_PERCENT', 'globalSettings.GLOBAL_VAT_PERCENT', 'productById', and 'propProjectId'. Either include them or remove the dependency array. You can also replace multiple useState variables with useReducer if 'setVatPercent' needs the current value of 'globalSettings.GLOBAL_VAT_PERCENT'  react-hooks/exhaustive-deps

src\components\workflow\WorkflowBuilder.js
  Line 119:12:  'adminConfig' is assigned a value but never used                                                                                                                                                                                                                                     no-unused-vars
  Line 306:8:   React Hook useEffect has missing dependencies: 'flow.fileRequirements', 'flow.initialStage', 'flow.notifications', 'flow.requiredApprovals', 'flow.stages', 'flow.transitions', 'flow.visualLayout', 'setEdges', and 'setNodes'. Either include them or remove the dependency array  react-hooks/exhaustive-deps
  Line 309:9:   React Hook useEffect has a complex expression in the dependency array. Extract it to a separate variable so it can be statically checked                                                                                                                                             react-hooks/exhaustive-deps
  Line 310:9:   React Hook useEffect has a complex expression in the dependency array. Extract it to a separate variable so it can be statically checked                                                                                                                                             react-hooks/exhaustive-deps
  Line 311:9:   React Hook useEffect has a complex expression in the dependency array. Extract it to a separate variable so it can be statically checked                                                                                                                                             react-hooks/exhaustive-deps
  Line 312:9:   React Hook useEffect has a complex expression in the dependency array. Extract it to a separate variable so it can be statically checked                                                                                                                                             react-hooks/exhaustive-deps
  Line 313:9:   React Hook useEffect has a complex expression in the dependency array. Extract it to a separate variable so it can be statically checked                                                                                                                                             react-hooks/exhaustive-deps
  Line 314:9:   React Hook useEffect has a complex expression in the dependency array. Extract it to a separate variable so it can be statically checked                                                                                                                                             react-hooks/exhaustive-deps

webpack compiled with 1 warning
Compiling...
Compiled with warnings.

[eslint] 
src\components\Employee\SalaryManagement.js
  Line 57:8:  React Hook useEffect has missing dependencies: 'fetchAttendanceReport', 'fetchRunStatus', and 'fetchSalaries'. Either include them or remove the dependency array  react-hooks/exhaustive-deps

src\components\GRN\GRNListView.js
  Line 45:34:  React Hook useEffect has a missing dependency: 'load'. Either include it or remove the dependency array  react-hooks/exhaustive-deps
  Line 47:34:  React Hook useEffect has a missing dependency: 'load'. Either include it or remove the dependency array  react-hooks/exhaustive-deps

src\components\HumanResources\HRConfiguration.js
  Line 301:38:  React Hook useEffect has a missing dependency: 'loadLogs'. Either include it or remove the dependency array  react-hooks/exhaustive-deps
  Line 383:12:  'loading' is assigned a value but never used                                                                 no-unused-vars

src\components\Inventory\InventoryDashboard.js
  Line 4:84:    'FaPlus' is defined but never used                                                                             no-unused-vars
  Line 5:84:    'Legend' is defined but never used                                                                             no-unused-vars
  Line 7:8:     'MenuCard' is defined but never used                                                                           no-unused-vars
  Line 135:10:  'error' is assigned a value but never used                                                                     no-unused-vars
  Line 143:6:   React Hook useEffect has a missing dependency: 'fetchStats'. Either include it or remove the dependency array  react-hooks/exhaustive-deps

src\components\Inventory\InventoryView.js
  Line 5:8:    'Select' is defined but never used                                                                                 no-unused-vars
  Line 18:31:  'setSelectedLocations' is assigned a value but never used                                                          no-unused-vars
  Line 20:28:  'setSupplierFilter' is assigned a value but never used                                                             no-unused-vars
  Line 21:26:  'setExpiryFilter' is assigned a value but never used                                                               no-unused-vars
  Line 38:8:   React Hook useEffect has a missing dependency: 'fetchLocations'. Either include it or remove the dependency array  react-hooks/exhaustive-deps

src\components\Inventory\SupplierReturnApprovals.js
  Line 32:8:  React Hook useEffect has a missing dependency: 'fetchReturns'. Either include it or remove the dependency array  react-hooks/exhaustive-deps

src\components\Project\ProjectDetails.js
  Line 39:11:   'userModules' is assigned a value but never used     no-unused-vars
  Line 180:11:  'openDatesModal' is assigned a value but never used  no-unused-vars
  Line 310:11:  'dueMeta' is assigned a value but never used         no-unused-vars

src\components\Project\ProjectInventoryCard.js
  Line 73:34:  React Hook useEffect has a missing dependency: 'load'. Either include it or remove the dependency array  react-hooks/exhaustive-deps

src\components\estimates\ProjectEstimationPage.js
  Line 244:12:  'showPrintModal' is assigned a value but never used                                                                                                                                                                                                                                                                                                                              no-unused-vars
  Line 244:28:  'setShowPrintModal' is assigned a value but never used                                                                                                                                                                                                                                                                                                                           no-unused-vars
  Line 275:12:  'approvalPolicy' is assigned a value but never used                                                                                                                                                                                                                                                                                                                              no-unused-vars
  Line 641:8:   React Hook useEffect has missing dependencies: 'availMap', 'globalSettings.GLOBAL_TAX_PERCENT', 'globalSettings.GLOBAL_VAT_PERCENT', 'productById', and 'propProjectId'. Either include them or remove the dependency array. You can also replace multiple useState variables with useReducer if 'setVatPercent' needs the current value of 'globalSettings.GLOBAL_VAT_PERCENT'  react-hooks/exhaustive-deps

src\components\workflow\WorkflowBuilder.js
  Line 119:12:  'adminConfig' is assigned a value but never used                                                                                                                                                                                                                                     no-unused-vars
  Line 306:8:   React Hook useEffect has missing dependencies: 'flow.fileRequirements', 'flow.initialStage', 'flow.notifications', 'flow.requiredApprovals', 'flow.stages', 'flow.transitions', 'flow.visualLayout', 'setEdges', and 'setNodes'. Either include them or remove the dependency array  react-hooks/exhaustive-deps
  Line 309:9:   React Hook useEffect has a complex expression in the dependency array. Extract it to a separate variable so it can be statically checked                                                                                                                                             react-hooks/exhaustive-deps
  Line 310:9:   React Hook useEffect has a complex expression in the dependency array. Extract it to a separate variable so it can be statically checked                                                                                                                                             react-hooks/exhaustive-deps
  Line 311:9:   React Hook useEffect has a complex expression in the dependency array. Extract it to a separate variable so it can be statically checked                                                                                                                                             react-hooks/exhaustive-deps
  Line 312:9:   React Hook useEffect has a complex expression in the dependency array. Extract it to a separate variable so it can be statically checked                                                                                                                                             react-hooks/exhaustive-deps
  Line 313:9:   React Hook useEffect has a complex expression in the dependency array. Extract it to a separate variable so it can be statically checked                                                                                                                                             react-hooks/exhaustive-deps
  Line 314:9:   React Hook useEffect has a complex expression in the dependency array. Extract it to a separate variable so it can be statically checked                                                                                                                                             react-hooks/exhaustive-deps

Search for the keywords to learn more about each warning.
To ignore, add // eslint-disable-next-line to the line before.

WARNING in [eslint] 
src\components\Employee\SalaryManagement.js
  Line 57:8:  React Hook useEffect has missing dependencies: 'fetchAttendanceReport', 'fetchRunStatus', and 'fetchSalaries'. Either include them or remove the dependency array  react-hooks/exhaustive-deps

src\components\GRN\GRNListView.js
  Line 45:34:  React Hook useEffect has a missing dependency: 'load'. Either include it or remove the dependency array  react-hooks/exhaustive-deps
  Line 47:34:  React Hook useEffect has a missing dependency: 'load'. Either include it or remove the dependency array  react-hooks/exhaustive-deps

src\components\HumanResources\HRConfiguration.js
  Line 301:38:  React Hook useEffect has a missing dependency: 'loadLogs'. Either include it or remove the dependency array  react-hooks/exhaustive-deps
  Line 383:12:  'loading' is assigned a value but never used                                                                 no-unused-vars

src\components\Inventory\InventoryDashboard.js
  Line 4:84:    'FaPlus' is defined but never used                                                                             no-unused-vars
  Line 5:84:    'Legend' is defined but never used                                                                             no-unused-vars
  Line 7:8:     'MenuCard' is defined but never used                                                                           no-unused-vars
  Line 135:10:  'error' is assigned a value but never used                                                                     no-unused-vars
  Line 143:6:   React Hook useEffect has a missing dependency: 'fetchStats'. Either include it or remove the dependency array  react-hooks/exhaustive-deps

src\components\Inventory\InventoryView.js
  Line 5:8:    'Select' is defined but never used                                                                                 no-unused-vars
  Line 18:31:  'setSelectedLocations' is assigned a value but never used                                                          no-unused-vars
  Line 20:28:  'setSupplierFilter' is assigned a value but never used                                                             no-unused-vars
  Line 21:26:  'setExpiryFilter' is assigned a value but never used                                                               no-unused-vars
  Line 38:8:   React Hook useEffect has a missing dependency: 'fetchLocations'. Either include it or remove the dependency array  react-hooks/exhaustive-deps

src\components\Inventory\SupplierReturnApprovals.js
  Line 32:8:  React Hook useEffect has a missing dependency: 'fetchReturns'. Either include it or remove the dependency array  react-hooks/exhaustive-deps

src\components\Project\ProjectDetails.js
  Line 39:11:   'userModules' is assigned a value but never used     no-unused-vars
  Line 180:11:  'openDatesModal' is assigned a value but never used  no-unused-vars
  Line 310:11:  'dueMeta' is assigned a value but never used         no-unused-vars

src\components\Project\ProjectInventoryCard.js
  Line 73:34:  React Hook useEffect has a missing dependency: 'load'. Either include it or remove the dependency array  react-hooks/exhaustive-deps

src\components\estimates\ProjectEstimationPage.js
  Line 244:12:  'showPrintModal' is assigned a value but never used                                                                                                                                                                                                                                                                                                                              no-unused-vars
  Line 244:28:  'setShowPrintModal' is assigned a value but never used                                                                                                                                                                                                                                                                                                                           no-unused-vars
  Line 275:12:  'approvalPolicy' is assigned a value but never used                                                                                                                                                                                                                                                                                                                              no-unused-vars
  Line 641:8:   React Hook useEffect has missing dependencies: 'availMap', 'globalSettings.GLOBAL_TAX_PERCENT', 'globalSettings.GLOBAL_VAT_PERCENT', 'productById', and 'propProjectId'. Either include them or remove the dependency array. You can also replace multiple useState variables with useReducer if 'setVatPercent' needs the current value of 'globalSettings.GLOBAL_VAT_PERCENT'  react-hooks/exhaustive-deps

src\components\workflow\WorkflowBuilder.js
  Line 119:12:  'adminConfig' is assigned a value but never used                                                                                                                                                                                                                                     no-unused-vars
  Line 306:8:   React Hook useEffect has missing dependencies: 'flow.fileRequirements', 'flow.initialStage', 'flow.notifications', 'flow.requiredApprovals', 'flow.stages', 'flow.transitions', 'flow.visualLayout', 'setEdges', and 'setNodes'. Either include them or remove the dependency array  react-hooks/exhaustive-deps
  Line 309:9:   React Hook useEffect has a complex expression in the dependency array. Extract it to a separate variable so it can be statically checked                                                                                                                                             react-hooks/exhaustive-deps
  Line 310:9:   React Hook useEffect has a complex expression in the dependency array. Extract it to a separate variable so it can be statically checked                                                                                                                                             react-hooks/exhaustive-deps
  Line 311:9:   React Hook useEffect has a complex expression in the dependency array. Extract it to a separate variable so it can be statically checked                                                                                                                                             react-hooks/exhaustive-deps
  Line 312:9:   React Hook useEffect has a complex expression in the dependency array. Extract it to a separate variable so it can be statically checked                                                                                                                                             react-hooks/exhaustive-deps
  Line 313:9:   React Hook useEffect has a complex expression in the dependency array. Extract it to a separate variable so it can be statically checked                                                                                                                                             react-hooks/exhaustive-deps
  Line 314:9:   React Hook useEffect has a complex expression in the dependency array. Extract it to a separate variable so it can be statically checked                                                                                                                                             react-hooks/exhaustive-deps

webpack compiled with 1 warning
Compiling...
Compiled with warnings.

[eslint] 
src\components\Employee\SalaryManagement.js
  Line 57:8:  React Hook useEffect has missing dependencies: 'fetchAttendanceReport', 'fetchRunStatus', and 'fetchSalaries'. Either include them or remove the dependency array  react-hooks/exhaustive-deps

src\components\GRN\GRNListView.js
  Line 45:34:  React Hook useEffect has a missing dependency: 'load'. Either include it or remove the dependency array  react-hooks/exhaustive-deps
  Line 47:34:  React Hook useEffect has a missing dependency: 'load'. Either include it or remove the dependency array  react-hooks/exhaustive-deps

src\components\HumanResources\HRConfiguration.js
  Line 301:38:  React Hook useEffect has a missing dependency: 'loadLogs'. Either include it or remove the dependency array  react-hooks/exhaustive-deps
  Line 383:12:  'loading' is assigned a value but never used                                                                 no-unused-vars

src\components\Inventory\InventoryDashboard.js
  Line 4:84:    'FaPlus' is defined but never used                                                                             no-unused-vars
  Line 5:84:    'Legend' is defined but never used                                                                             no-unused-vars
  Line 7:8:     'MenuCard' is defined but never used                                                                           no-unused-vars
  Line 135:10:  'error' is assigned a value but never used                                                                     no-unused-vars
  Line 143:6:   React Hook useEffect has a missing dependency: 'fetchStats'. Either include it or remove the dependency array  react-hooks/exhaustive-deps

src\components\Inventory\InventoryView.js
  Line 5:8:    'Select' is defined but never used                                                                                 no-unused-vars
  Line 18:31:  'setSelectedLocations' is assigned a value but never used                                                          no-unused-vars
  Line 20:28:  'setSupplierFilter' is assigned a value but never used                                                             no-unused-vars
  Line 21:26:  'setExpiryFilter' is assigned a value but never used                                                               no-unused-vars
  Line 38:8:   React Hook useEffect has a missing dependency: 'fetchLocations'. Either include it or remove the dependency array  react-hooks/exhaustive-deps

src\components\Inventory\SupplierReturnApprovals.js
  Line 32:8:  React Hook useEffect has a missing dependency: 'fetchReturns'. Either include it or remove the dependency array  react-hooks/exhaustive-deps

src\components\Project\ProjectDetails.js
  Line 39:11:   'userModules' is assigned a value but never used     no-unused-vars
  Line 180:11:  'openDatesModal' is assigned a value but never used  no-unused-vars
  Line 310:11:  'dueMeta' is assigned a value but never used         no-unused-vars

src\components\Project\ProjectInventoryCard.js
  Line 73:34:  React Hook useEffect has a missing dependency: 'load'. Either include it or remove the dependency array  react-hooks/exhaustive-deps

src\components\estimates\ProjectEstimationPage.js
  Line 244:12:  'showPrintModal' is assigned a value but never used                                                                                                                                                                                                                                                                                                                              no-unused-vars
  Line 244:28:  'setShowPrintModal' is assigned a value but never used                                                                                                                                                                                                                                                                                                                           no-unused-vars
  Line 275:12:  'approvalPolicy' is assigned a value but never used                                                                                                                                                                                                                                                                                                                              no-unused-vars
  Line 641:8:   React Hook useEffect has missing dependencies: 'availMap', 'globalSettings.GLOBAL_TAX_PERCENT', 'globalSettings.GLOBAL_VAT_PERCENT', 'productById', and 'propProjectId'. Either include them or remove the dependency array. You can also replace multiple useState variables with useReducer if 'setVatPercent' needs the current value of 'globalSettings.GLOBAL_VAT_PERCENT'  react-hooks/exhaustive-deps

src\components\workflow\WorkflowBuilder.js
  Line 119:12:  'adminConfig' is assigned a value but never used                                                                                                                                                                                                                                     no-unused-vars
  Line 306:8:   React Hook useEffect has missing dependencies: 'flow.fileRequirements', 'flow.initialStage', 'flow.notifications', 'flow.requiredApprovals', 'flow.stages', 'flow.transitions', 'flow.visualLayout', 'setEdges', and 'setNodes'. Either include them or remove the dependency array  react-hooks/exhaustive-deps
  Line 309:9:   React Hook useEffect has a complex expression in the dependency array. Extract it to a separate variable so it can be statically checked                                                                                                                                             react-hooks/exhaustive-deps
  Line 310:9:   React Hook useEffect has a complex expression in the dependency array. Extract it to a separate variable so it can be statically checked                                                                                                                                             react-hooks/exhaustive-deps
  Line 311:9:   React Hook useEffect has a complex expression in the dependency array. Extract it to a separate variable so it can be statically checked                                                                                                                                             react-hooks/exhaustive-deps
  Line 312:9:   React Hook useEffect has a complex expression in the dependency array. Extract it to a separate variable so it can be statically checked                                                                                                                                             react-hooks/exhaustive-deps
  Line 313:9:   React Hook useEffect has a complex expression in the dependency array. Extract it to a separate variable so it can be statically checked                                                                                                                                             react-hooks/exhaustive-deps
  Line 314:9:   React Hook useEffect has a complex expression in the dependency array. Extract it to a separate variable so it can be statically checked                                                                                                                                             react-hooks/exhaustive-deps

Search for the keywords to learn more about each warning.
To ignore, add // eslint-disable-next-line to the line before.

WARNING in [eslint] 
src\components\Employee\SalaryManagement.js
  Line 57:8:  React Hook useEffect has missing dependencies: 'fetchAttendanceReport', 'fetchRunStatus', and 'fetchSalaries'. Either include them or remove the dependency array  react-hooks/exhaustive-deps

src\components\GRN\GRNListView.js
  Line 45:34:  React Hook useEffect has a missing dependency: 'load'. Either include it or remove the dependency array  react-hooks/exhaustive-deps
  Line 47:34:  React Hook useEffect has a missing dependency: 'load'. Either include it or remove the dependency array  react-hooks/exhaustive-deps

src\components\HumanResources\HRConfiguration.js
  Line 301:38:  React Hook useEffect has a missing dependency: 'loadLogs'. Either include it or remove the dependency array  react-hooks/exhaustive-deps
  Line 383:12:  'loading' is assigned a value but never used                                                                 no-unused-vars

src\components\Inventory\InventoryDashboard.js
  Line 4:84:    'FaPlus' is defined but never used                                                                             no-unused-vars
  Line 5:84:    'Legend' is defined but never used                                                                             no-unused-vars
  Line 7:8:     'MenuCard' is defined but never used                                                                           no-unused-vars
  Line 135:10:  'error' is assigned a value but never used                                                                     no-unused-vars
  Line 143:6:   React Hook useEffect has a missing dependency: 'fetchStats'. Either include it or remove the dependency array  react-hooks/exhaustive-deps

src\components\Inventory\InventoryView.js
  Line 5:8:    'Select' is defined but never used                                                                                 no-unused-vars
  Line 18:31:  'setSelectedLocations' is assigned a value but never used                                                          no-unused-vars
  Line 20:28:  'setSupplierFilter' is assigned a value but never used                                                             no-unused-vars
  Line 21:26:  'setExpiryFilter' is assigned a value but never used                                                               no-unused-vars
  Line 38:8:   React Hook useEffect has a missing dependency: 'fetchLocations'. Either include it or remove the dependency array  react-hooks/exhaustive-deps

src\components\Inventory\SupplierReturnApprovals.js
  Line 32:8:  React Hook useEffect has a missing dependency: 'fetchReturns'. Either include it or remove the dependency array  react-hooks/exhaustive-deps

src\components\Project\ProjectDetails.js
  Line 39:11:   'userModules' is assigned a value but never used     no-unused-vars
  Line 180:11:  'openDatesModal' is assigned a value but never used  no-unused-vars
  Line 310:11:  'dueMeta' is assigned a value but never used         no-unused-vars

src\components\Project\ProjectInventoryCard.js
  Line 73:34:  React Hook useEffect has a missing dependency: 'load'. Either include it or remove the dependency array  react-hooks/exhaustive-deps

src\components\estimates\ProjectEstimationPage.js
  Line 244:12:  'showPrintModal' is assigned a value but never used                                                                                                                                                                                                                                                                                                                              no-unused-vars
  Line 244:28:  'setShowPrintModal' is assigned a value but never used                                                                                                                                                                                                                                                                                                                           no-unused-vars
  Line 275:12:  'approvalPolicy' is assigned a value but never used                                                                                                                                                                                                                                                                                                                              no-unused-vars
  Line 641:8:   React Hook useEffect has missing dependencies: 'availMap', 'globalSettings.GLOBAL_TAX_PERCENT', 'globalSettings.GLOBAL_VAT_PERCENT', 'productById', and 'propProjectId'. Either include them or remove the dependency array. You can also replace multiple useState variables with useReducer if 'setVatPercent' needs the current value of 'globalSettings.GLOBAL_VAT_PERCENT'  react-hooks/exhaustive-deps

src\components\workflow\WorkflowBuilder.js
  Line 119:12:  'adminConfig' is assigned a value but never used                                                                                                                                                                                                                                     no-unused-vars
  Line 306:8:   React Hook useEffect has missing dependencies: 'flow.fileRequirements', 'flow.initialStage', 'flow.notifications', 'flow.requiredApprovals', 'flow.stages', 'flow.transitions', 'flow.visualLayout', 'setEdges', and 'setNodes'. Either include them or remove the dependency array  react-hooks/exhaustive-deps
  Line 309:9:   React Hook useEffect has a complex expression in the dependency array. Extract it to a separate variable so it can be statically checked                                                                                                                                             react-hooks/exhaustive-deps
  Line 310:9:   React Hook useEffect has a complex expression in the dependency array. Extract it to a separate variable so it can be statically checked                                                                                                                                             react-hooks/exhaustive-deps
  Line 311:9:   React Hook useEffect has a complex expression in the dependency array. Extract it to a separate variable so it can be statically checked                                                                                                                                             react-hooks/exhaustive-deps
  Line 312:9:   React Hook useEffect has a complex expression in the dependency array. Extract it to a separate variable so it can be statically checked                                                                                                                                             react-hooks/exhaustive-deps
  Line 313:9:   React Hook useEffect has a complex expression in the dependency array. Extract it to a separate variable so it can be statically checked                                                                                                                                             react-hooks/exhaustive-deps
  Line 314:9:   React Hook useEffect has a complex expression in the dependency array. Extract it to a separate variable so it can be statically checked                                                                                                                                             react-hooks/exhaustive-deps

webpack compiled with 1 warning
Compiling...
Compiled with warnings.

[eslint] 
src\components\Employee\SalaryManagement.js
  Line 57:8:  React Hook useEffect has missing dependencies: 'fetchAttendanceReport', 'fetchRunStatus', and 'fetchSalaries'. Either include them or remove the dependency array  react-hooks/exhaustive-deps

src\components\GRN\GRNListView.js
  Line 45:34:  React Hook useEffect has a missing dependency: 'load'. Either include it or remove the dependency array  react-hooks/exhaustive-deps
  Line 47:34:  React Hook useEffect has a missing dependency: 'load'. Either include it or remove the dependency array  react-hooks/exhaustive-deps

src\components\HumanResources\HRConfiguration.js
  Line 301:38:  React Hook useEffect has a missing dependency: 'loadLogs'. Either include it or remove the dependency array  react-hooks/exhaustive-deps
  Line 383:12:  'loading' is assigned a value but never used                                                                 no-unused-vars

src\components\Inventory\InventoryDashboard.js
  Line 4:84:    'FaPlus' is defined but never used                                                                             no-unused-vars
  Line 5:84:    'Legend' is defined but never used                                                                             no-unused-vars
  Line 7:8:     'MenuCard' is defined but never used                                                                           no-unused-vars
  Line 135:10:  'error' is assigned a value but never used                                                                     no-unused-vars
  Line 143:6:   React Hook useEffect has a missing dependency: 'fetchStats'. Either include it or remove the dependency array  react-hooks/exhaustive-deps

src\components\Inventory\InventoryView.js
  Line 5:8:    'Select' is defined but never used                                                                                 no-unused-vars
  Line 18:31:  'setSelectedLocations' is assigned a value but never used                                                          no-unused-vars
  Line 20:28:  'setSupplierFilter' is assigned a value but never used                                                             no-unused-vars
  Line 21:26:  'setExpiryFilter' is assigned a value but never used                                                               no-unused-vars
  Line 38:8:   React Hook useEffect has a missing dependency: 'fetchLocations'. Either include it or remove the dependency array  react-hooks/exhaustive-deps

src\components\Inventory\SupplierReturnApprovals.js
  Line 32:8:  React Hook useEffect has a missing dependency: 'fetchReturns'. Either include it or remove the dependency array  react-hooks/exhaustive-deps

src\components\Project\ProjectDetails.js
  Line 39:11:   'userModules' is assigned a value but never used     no-unused-vars
  Line 180:11:  'openDatesModal' is assigned a value but never used  no-unused-vars
  Line 310:11:  'dueMeta' is assigned a value but never used         no-unused-vars

src\components\Project\ProjectInventoryCard.js
  Line 73:34:  React Hook useEffect has a missing dependency: 'load'. Either include it or remove the dependency array  react-hooks/exhaustive-deps

src\components\estimates\ProjectEstimationPage.js
  Line 244:12:  'showPrintModal' is assigned a value but never used                                                                                                                                                                                                                                                                                                                              no-unused-vars
  Line 244:28:  'setShowPrintModal' is assigned a value but never used                                                                                                                                                                                                                                                                                                                           no-unused-vars
  Line 275:12:  'approvalPolicy' is assigned a value but never used                                                                                                                                                                                                                                                                                                                              no-unused-vars
  Line 641:8:   React Hook useEffect has missing dependencies: 'availMap', 'globalSettings.GLOBAL_TAX_PERCENT', 'globalSettings.GLOBAL_VAT_PERCENT', 'productById', and 'propProjectId'. Either include them or remove the dependency array. You can also replace multiple useState variables with useReducer if 'setVatPercent' needs the current value of 'globalSettings.GLOBAL_VAT_PERCENT'  react-hooks/exhaustive-deps

src\components\workflow\WorkflowBuilder.js
  Line 119:12:  'adminConfig' is assigned a value but never used                                                                                                                                                                                                                                     no-unused-vars
  Line 306:8:   React Hook useEffect has missing dependencies: 'flow.fileRequirements', 'flow.initialStage', 'flow.notifications', 'flow.requiredApprovals', 'flow.stages', 'flow.transitions', 'flow.visualLayout', 'setEdges', and 'setNodes'. Either include them or remove the dependency array  react-hooks/exhaustive-deps
  Line 309:9:   React Hook useEffect has a complex expression in the dependency array. Extract it to a separate variable so it can be statically checked                                                                                                                                             react-hooks/exhaustive-deps
  Line 310:9:   React Hook useEffect has a complex expression in the dependency array. Extract it to a separate variable so it can be statically checked                                                                                                                                             react-hooks/exhaustive-deps
  Line 311:9:   React Hook useEffect has a complex expression in the dependency array. Extract it to a separate variable so it can be statically checked                                                                                                                                             react-hooks/exhaustive-deps
  Line 312:9:   React Hook useEffect has a complex expression in the dependency array. Extract it to a separate variable so it can be statically checked                                                                                                                                             react-hooks/exhaustive-deps
  Line 313:9:   React Hook useEffect has a complex expression in the dependency array. Extract it to a separate variable so it can be statically checked                                                                                                                                             react-hooks/exhaustive-deps
  Line 314:9:   React Hook useEffect has a complex expression in the dependency array. Extract it to a separate variable so it can be statically checked                                                                                                                                             react-hooks/exhaustive-deps

Search for the keywords to learn more about each warning.
To ignore, add // eslint-disable-next-line to the line before.

WARNING in [eslint] 
src\components\Employee\SalaryManagement.js
  Line 57:8:  React Hook useEffect has missing dependencies: 'fetchAttendanceReport', 'fetchRunStatus', and 'fetchSalaries'. Either include them or remove the dependency array  react-hooks/exhaustive-deps

src\components\GRN\GRNListView.js
  Line 45:34:  React Hook useEffect has a missing dependency: 'load'. Either include it or remove the dependency array  react-hooks/exhaustive-deps
  Line 47:34:  React Hook useEffect has a missing dependency: 'load'. Either include it or remove the dependency array  react-hooks/exhaustive-deps

src\components\HumanResources\HRConfiguration.js
  Line 301:38:  React Hook useEffect has a missing dependency: 'loadLogs'. Either include it or remove the dependency array  react-hooks/exhaustive-deps
  Line 383:12:  'loading' is assigned a value but never used                                                                 no-unused-vars

src\components\Inventory\InventoryDashboard.js
  Line 4:84:    'FaPlus' is defined but never used                                                                             no-unused-vars
  Line 5:84:    'Legend' is defined but never used                                                                             no-unused-vars
  Line 7:8:     'MenuCard' is defined but never used                                                                           no-unused-vars
  Line 135:10:  'error' is assigned a value but never used                                                                     no-unused-vars
  Line 143:6:   React Hook useEffect has a missing dependency: 'fetchStats'. Either include it or remove the dependency array  react-hooks/exhaustive-deps

src\components\Inventory\InventoryView.js
  Line 5:8:    'Select' is defined but never used                                                                                 no-unused-vars
  Line 18:31:  'setSelectedLocations' is assigned a value but never used                                                          no-unused-vars
  Line 20:28:  'setSupplierFilter' is assigned a value but never used                                                             no-unused-vars
  Line 21:26:  'setExpiryFilter' is assigned a value but never used                                                               no-unused-vars
  Line 38:8:   React Hook useEffect has a missing dependency: 'fetchLocations'. Either include it or remove the dependency array  react-hooks/exhaustive-deps

src\components\Inventory\SupplierReturnApprovals.js
  Line 32:8:  React Hook useEffect has a missing dependency: 'fetchReturns'. Either include it or remove the dependency array  react-hooks/exhaustive-deps

src\components\Project\ProjectDetails.js
  Line 39:11:   'userModules' is assigned a value but never used     no-unused-vars
  Line 180:11:  'openDatesModal' is assigned a value but never used  no-unused-vars
  Line 310:11:  'dueMeta' is assigned a value but never used         no-unused-vars

src\components\Project\ProjectInventoryCard.js
  Line 73:34:  React Hook useEffect has a missing dependency: 'load'. Either include it or remove the dependency array  react-hooks/exhaustive-deps

src\components\estimates\ProjectEstimationPage.js
  Line 244:12:  'showPrintModal' is assigned a value but never used                                                                                                                                                                                                                                                                                                                              no-unused-vars
  Line 244:28:  'setShowPrintModal' is assigned a value but never used                                                                                                                                                                                                                                                                                                                           no-unused-vars
  Line 275:12:  'approvalPolicy' is assigned a value but never used                                                                                                                                                                                                                                                                                                                              no-unused-vars
  Line 641:8:   React Hook useEffect has missing dependencies: 'availMap', 'globalSettings.GLOBAL_TAX_PERCENT', 'globalSettings.GLOBAL_VAT_PERCENT', 'productById', and 'propProjectId'. Either include them or remove the dependency array. You can also replace multiple useState variables with useReducer if 'setVatPercent' needs the current value of 'globalSettings.GLOBAL_VAT_PERCENT'  react-hooks/exhaustive-deps

src\components\workflow\WorkflowBuilder.js
  Line 119:12:  'adminConfig' is assigned a value but never used                                                                                                                                                                                                                                     no-unused-vars
  Line 306:8:   React Hook useEffect has missing dependencies: 'flow.fileRequirements', 'flow.initialStage', 'flow.notifications', 'flow.requiredApprovals', 'flow.stages', 'flow.transitions', 'flow.visualLayout', 'setEdges', and 'setNodes'. Either include them or remove the dependency array  react-hooks/exhaustive-deps
  Line 309:9:   React Hook useEffect has a complex expression in the dependency array. Extract it to a separate variable so it can be statically checked                                                                                                                                             react-hooks/exhaustive-deps
  Line 310:9:   React Hook useEffect has a complex expression in the dependency array. Extract it to a separate variable so it can be statically checked                                                                                                                                             react-hooks/exhaustive-deps
  Line 311:9:   React Hook useEffect has a complex expression in the dependency array. Extract it to a separate variable so it can be statically checked                                                                                                                                             react-hooks/exhaustive-deps
  Line 312:9:   React Hook useEffect has a complex expression in the dependency array. Extract it to a separate variable so it can be statically checked                                                                                                                                             react-hooks/exhaustive-deps
  Line 313:9:   React Hook useEffect has a complex expression in the dependency array. Extract it to a separate variable so it can be statically checked                                                                                                                                             react-hooks/exhaustive-deps
  Line 314:9:   React Hook useEffect has a complex expression in the dependency array. Extract it to a separate variable so it can be statically checked                                                                                                                                             react-hooks/exhaustive-deps

webpack compiled with 1 warning
